x,pdf_0,pdf_1,pdf_2,pdf_3,pdf_4,pdf_5,pdf_6,pdf_7,pdf_8,pdf_9,pdf_0,pdf_1,pdf_2,pdf_3,pdf_4,pdf_5,pdf_6,pdf_7,pdf_8,pdf_9,pdf_0,pdf_1,pdf_2,pdf_3,pdf_4,pdf_5,pdf_6,pdf_7,pdf_8,pdf_9,pdf_0,pdf_1,pdf_2,pdf_3,pdf_4,pdf_5,pdf_6,pdf_7,pdf_8,pdf_9,pdf_0,pdf_1,pdf_2,pdf_3,pdf_4,pdf_5,pdf_6,pdf_7,pdf_8,pdf_9,pdf_0,pdf_1,pdf_2,pdf_3,pdf_4,pdf_5,pdf_6,pdf_7,pdf_8,pdf_9,pdf_0,pdf_1,pdf_2,pdf_3,pdf_4,pdf_5,pdf_6,pdf_7,pdf_8,pdf_9,pdf_0,pdf_1,pdf_2,pdf_3,pdf_4,pdf_5,pdf_6,pdf_7,pdf_8,pdf_9,pdf_0,pdf_1,pdf_2,pdf_3,pdf_4,pdf_5,pdf_6,pdf_7,pdf_8,pdf_9,pdf_0,pdf_1,pdf_2,pdf_3,pdf_4,pdf_5,pdf_6,pdf_7,pdf_8,pdf_9
0.0,0.0,3.869871025324189,0.0,1.9943098824973904,0.0,0.0,0.0,1.5352217569038993,0.0,1.6413634737292713,1.0,0.0,0.0,1.146173454123606,0.0,1.378158505892396,1.416614409849608,5.38434362079,0.0,0.0,0.0,107.54889393040862,1.2804003441157537,0.7503867648056729,1.0,0.0,0.0,0.2108903498556036,0.267983683316338,1.7163166272725532,0.0,0.0,0.0,0.0,0.0,2.2940370020158856,0.0,0.5646010340365376,7.784972242715353,0.8461566288442435,0.1121339389554895,0.0,1.6630080383369104,0.6099404026085421,1.3098902825491765,1.059106649062047,0.0,0.0,0.4582459230122625,10.007571104795357,1.6807300058886971,0.0,0.799561551833786,0.0,0.4790547687841292,1.2239329149628957,1.0,0.1960539146793557,0.0,0.0081892587303037,1.2136902885849814,235.6441553711888,0.0,0.0,1.86012495996078,3.893945602817969,0.0,0.0,0.9604014194529656,1.2970179545355869,0.8425518067887628,0.0,1.545079196292447,0.0,0.0,0.0,0.0,0.9443316239260356,0.8708124878554093,1.1947730874578195,0.0,1.2515820828228783,10.803866060129996,5.380887411303642,56.04527789916164,0.0,0.4008282257894526,1.0,0.0,0.0,0.0,3.704421559715783,1.0,0.3768678090132218,0.0,0.6787443256815939,0.0,0.0,1.3381886503471714,1.045403254783985
0.01,1.066481116093093e-09,3.2266588380767947,7.041768559960749e-16,1.9290996805713103,0.0002892398504441,2.49352553173276e-14,4.099368273716584e-05,1.2535553304734257,4.760594428899462e-07,1.532595128364474,0.990049833749168,4.346601895576567e-07,1.7801503948660738e-08,1.1300329804923888,1.981463545939521e-17,1.3547227400735935,1.356683293864957,3.5422443496882488,1.551356438673529e-20,0.3424913542103564,1.066481116093093e-09,0.9852175723423784,1.2507657971719188,0.7431283971292102,0.990049833749168,1.0664811160930856e-09,5.552240918858492e-19,0.2099241026707204,0.4228850573917057,1.0742144249046006,1.7658307301657587e-05,1.066481116093093e-09,0.1176346202775086,2.6113019924956784e-13,1.551356438673529e-20,2.082625326213926,1.9814635459396546e-17,0.5603745242157496,5.827860080998635,0.8384087966607751,0.1111988568302006,7.189494516941457e-06,1.4971688940190586,0.7636867940283071,1.308181229859119,1.0472983023541989,0.0392079469322701,1.0664811160930947e-09,0.4546682188252859,9.519730236604534,1.5639849185010883,0.0034626995969269,1.4646183197142757,3.0728814345508735e-11,0.4745691890883884,1.2005636541068043,0.990049833749168,0.1951877466525733,0.0151049453746253,0.0138872372128917,0.9840126036177992,6.437729142573498,1.489930435482087e-09,1.5513564386735292e-20,1.680062250591043,3.564941763867721,3.155809452880673e-07,1.1267272935167702e-26,0.95280563150989,1.2542871004592402,0.8348533577716574,1.9814635459396186e-17,1.501804942286726,7.041768559960749e-16,8.781635035230668e-13,0.0141007278289078,1.0664811160930856e-09,0.9255144152032688,0.8557762378768758,1.1608544375117118,0.0007460233157438,1.2331259628989355,8.289633258820578,3.448868629836106,25.93707766818856,0.0106231978835061,15.574761907122284,0.990049833749168,0.0195126823307476,2.9090098220459177,3.039144806000243e-08,3.3533219863701897,0.990049833749168,0.3710946173780237,4.099368273716584e-05,0.6698913273508834,1.981463545939483e-17,1.9814635459396278e-17,1.3113075476687408,1.0221951337163255
0.02,6.364034571155925e-08,2.70243012334676,6.461177530779069e-13,1.8663650492823851,0.0011334657433526,1.1551756657415678e-11,0.0003150903795666,1.1082118885010337,9.51684153535724e-07,1.4384760244048873,0.9801986733067553,1.2036127086379216e-05,5.396595654487992e-07,1.1141800915919804,3.5984752601048085e-14,1.3317261845643689,1.30269931014415,2.7892873119402504,1.1048434528240176e-16,0.6296907802079225,6.364034571155925e-08,0.9618165638724596,1.222303503041747,0.7359420888208412,0.9801986733067553,6.364034571155912e-08,1.9969621893848317e-15,0.2089622825903629,0.5398106845254386,0.9582100346355492,6.991843393384939e-05,6.364034571155925e-08,0.225322783819222,3.1892398747705055e-11,1.1048434528240176e-16,1.899144848494474,3.5984752601038675e-14,0.5561796533474047,4.409853829665004,0.8307319074936427,0.1102715723314881,5.591818692734288e-05,1.4296368183652362,0.8280018683266407,1.2837451483115951,1.0356284420734652,0.0768631551321858,6.364034571155916e-08,0.4511184471671076,5.406392328800338,1.4630940386855749,0.0068642178683001,1.9617913016095048,3.630882643947833e-09,0.4701306702605675,1.177952682619669,0.9801986733067553,0.1943254053642258,0.031238801883187,0.019463403207106,0.8948853867008167,0.1025938689344434,2.9796618388535074e-09,1.1048434528240177e-16,1.500585892420336,3.2637358289469804,4.840103207068034e-06,1.1379650579329537e-23,0.945198487656608,1.1999163402261688,0.8272252499689335,3.598475260104116e-14,1.4602052974934068,6.461177530779069e-13,2.0546082142983958e-10,0.0277946605871939,6.364034571155912e-08,0.9071317614508216,0.8410010561678576,1.1295917741712356,0.0029074058850971,1.2128429136874317,6.3605027296050585,2.354248547287693,12.003366263680569,0.0702807271427767,1.8765570708418835,0.9801986733067553,0.0695037236989915,3.3660162507172906,6.080891446252962e-07,3.040254059529812,0.9801986733067553,0.3654098701077053,0.0003150903795666,0.661200268353831,3.59847526010458e-14,3.5984752601044936e-14,1.285129002414249,1.002641284652125
0.03,6.758953689500128e-07,2.275741664340166,3.3377351297174575e-11,1.80600925340292,0.002498510601243,4.018277403156567e-10,0.0010217323430981,1.0301253788226354,1.4268744296818596e-06,1.3567585003563825,0.9704455335485082,7.909153291490032e-05,3.882302580940003e-06,1.0986086479747033,2.760622735983844e-12,1.309160316812115,1.2538876897602074,2.34984919237801,1.8693273129886284e-14,0.8682931050010526,6.758953689500155e-07,0.9399943107931434,1.1949579736537927,0.7288271165690596,0.9704455335485082,6.758953689500105e-07,2.275131538340184e-13,0.2080048693306383,0.6256235559556229,0.9326690662795876,0.0001557244625796,6.758953689500128e-07,0.3237097904386755,5.199314701496025e-10,1.8693273129886284e-14,1.739782761603923,2.760622735983732e-12,0.5520161845875456,3.3810985811882523,0.8231253117532006,0.109352020435203,0.0001834812103935,1.3884152065702569,0.8595379299631258,1.2498685390790043,1.0240953762867997,0.1130117440301097,6.758953689500165e-07,0.4475963900002608,4.053577984607696,1.375244151665628,0.0102053655589932,2.327974338713672,5.7267400096892874e-08,0.4657386916160074,1.1560653742588636,0.9704455335485082,0.1934668739077471,0.048183778459508,0.0249197024202953,0.8645992943337536,0.0013909877876036,4.469194230055014e-09,1.8693273129886552e-14,1.342172275845019,2.9879791223293566,2.3500301823225936e-05,6.472238519452407e-22,0.9375841461917253,1.1468465834905115,0.8196668406684775,2.760622735983944e-12,1.4202094775086709,3.3377351297174575e-11,4.8125204630282865e-09,0.0412892533281316,6.758953689500105e-07,0.8892840935656849,0.826485891642098,1.1007163395742898,0.0063735508680466,1.191318280333709,4.8803117954907,1.7298458704795403,5.555012925029523,0.1971151898910833,0.5010734062005777,0.9704455335485082,0.1392584955526446,2.9211258719975417,3.6296685484799306e-06,2.761063197546318,0.970445533548508,0.3598122389383595,0.0010217323430981,0.6527105586264464,2.760622735983821e-12,2.7606227359843745e-12,1.2596335523315951,0.9857457487618632
0.04,3.540880553470119e-06,1.928970333385155,5.309661526786379e-10,1.747939356770298,0.0043515998098139,4.842382559496659e-09,0.002326920639737,0.9862753468694316,1.9016305688916136e-06,1.2855557194826683,0.9607894391523232,0.0002884102042915,1.549873560817064e-05,1.08331265587198,5.797193383085747e-11,1.2870167815307163,1.2095923010975185,2.039456103748308,6.840489185404466e-13,1.064272708763451,3.54088055347012e-06,0.9196211111133228,1.168676422494093,0.7217827643558095,0.9607894391523232,3.5408805534701083e-06,6.306862768415048e-12,0.2070518427005893,0.686085028311679,0.9232868060738146,0.0002740418839009,3.540880553470119e-06,0.4134030928877956,3.716527685355121e-09,6.840489185404466e-13,1.6012522895639494,5.7971933830849216e-11,0.5478838828651895,2.633541839523448,0.8155883657977693,0.1084401366595345,0.0004228365726836,1.3547335467854191,0.8751712681364526,1.2129908232436375,1.0126974343715165,0.1476986154218616,3.540880553470126e-06,0.4441018319374809,4.027167963751275,1.298348673397542,0.0134869438640197,2.5915034631577862,3.9603636396893177e-07,0.4613927383589442,1.1348689976546245,0.9607894391523232,0.1926121354512643,0.0657557274184005,0.0302580529505669,0.8578663091212462,2.127514916076933e-05,5.9585276290255855e-09,6.840489185404467e-13,1.211097542937811,2.7355214123548697,7.130640805791347e-05,1.1335939577644123e-20,0.92996651849012,1.099737869952692,0.8121774930306768,5.7971933830854974e-11,1.3817497458990862,5.309661526786379e-10,4.3933517759256276e-08,0.0547534121279438,3.5408805534701083e-06,0.8721122016428751,0.8122315922012717,1.0739873624399074,0.0110395711421778,1.16901577716983,3.7445850168973367,1.3698806420493972,2.570792889334957,0.3886374144208992,0.3970196281053043,0.9607894391523232,0.2204602446745317,2.2533893068532964,1.3022060883784168e-05,2.5120486152077346,0.9607894391523232,0.3543004552726375,0.002326920639737,0.6444562205920684,5.7971933830849455e-11,5.7971933830855245e-11,1.2348022602029658,0.9708324581462724
0.05,1.2594204502412991e-05,1.647634916398398,4.429906727579354e-09,1.69206607295908,0.0066613040094987,3.2645232439132075e-08,0.0043665640164159,0.9602750028075472,2.375952868547086e-06,1.223282241556258,0.951229424500714,0.0007616363245336,4.480841075491658e-05,1.068286263543088,5.985667564762445e-10,1.2652873874058417,1.1692549000918475,1.8020774085218343,1.0817230960090544e-11,1.222956259672394,1.259420450241297e-05,0.9005838669840565,1.1434086336130236,0.7148083233828046,0.951229424500714,1.2594204502412966e-05,8.058890496761337e-11,0.2061031826017687,0.7260205965989438,0.917025718142654,0.0004238572351553,1.2594204502412991e-05,0.4949744283148477,1.690937573355191e-08,1.0817230960090544e-11,1.4807192407436465,5.9856675647628e-10,0.5437825148690564,2.0892503517271965,0.8081204318791736,0.1075358570605372,0.0008029108389167,1.3236822072567385,0.8823488733294188,1.1761566865850908,1.0014329667410915,0.1809674836071918,1.2594204502412973e-05,0.4406345682457527,4.242534177611081,1.230791399160348,0.0167097445339909,2.774229475019437,1.7432577197279066e-06,0.4570923015153304,1.114332601887029,0.951229424500714,0.1917611732372681,0.0838082321475009,0.0354803456540234,0.8596261407127033,8.844826082980159e-06,7.447662055702424e-09,1.0817230960098359e-11,1.1068370742205529,2.5043941479435574,0.0001674011091771,1.0412997285007812e-19,0.9223492828512586,1.059580974047018,0.8047565760347621,5.985667564762843e-10,1.3447612824767647,4.429906727579354e-09,2.3932583305024455e-07,0.0683222075701368,1.2594204502412966e-05,0.8557763284839366,0.7982405481939447,1.0491891357714758,0.0168060442063067,1.1463006505459916,2.8731600636207526,1.1589724683164222,1.1897319090364649,0.6315735191758689,0.3877261857681047,0.951229424500714,0.3067477873185316,1.6296851395817935,3.514514734505365e-05,2.289913773293658,0.951229424500714,0.3488733244883315,0.0043665640164159,0.6364663200229557,5.985667564762412e-10,5.985667564762413e-10,1.2106167002917196,0.9574225742885218
0.06,3.506368883167681e-05,1.4198382243032042,2.457166861810649e-08,1.638303621823516,0.0093974933264661,1.5241283150954868e-07,0.0072495623675893,0.9435581176581126,2.8498416258493194e-06,1.1686045324021,0.9417645335842488,0.0016399887068755,0.0001056279806232,1.0535237577180605,3.944490930144052e-09,1.2439641038652105,1.1323983674837663,1.6137539618797665,1.0061693276158657e-10,1.3490883988314697,3.5063688831676967e-05,0.8827735224315514,1.119106836928356,0.7079030919985961,0.9417645335842488,3.506368883167685e-05,6.309456122918313e-10,0.2051588690278153,0.7494617204221683,0.9113844244074316,0.0006041777443011,3.506368883167681e-05,0.5689618307192642,5.781178885757415e-08,1.0061693276158657e-10,1.3757389615881586,3.9444909301437525e-09,0.5397118490343953,1.6919956919269767,0.8007208780887788,0.1066391182276953,0.0013488877064277,1.2939616526349924,0.8848449671830071,1.1407353521135322,0.99030034457454,0.2128609048121176,3.506368883167691e-05,0.4371944447324942,4.293413741342776,1.1712731638425844,0.019874549979457,2.8930878272104734,5.766160953223452e-06,0.4528368778664227,1.094426909326674,0.9417645335842488,0.1909139705822839,0.1022351658367531,0.0405884445073094,0.8635968380110725,1.4790424262838188e-05,8.936597530020954e-09,1.0061693276156135e-10,1.0260145955918918,2.2927951138620246,0.0003345078198773,6.359289569090756e-19,0.9147358975341726,1.0258754992208536,0.7974034644256416,3.944490930143972e-09,1.3091820572713329,2.457166861810649e-08,9.40487536017694e-07,0.0821011201090936,3.506368883167685e-05,0.8404403419832751,0.7845163740538365,1.0261283997776904,0.0235787765446494,1.123458523560722,2.204529664604117,1.0323804947850994,0.5505935836029138,0.9082068116127447,0.3846699412955126,0.9417645335842488,0.3933463241584721,1.131527423335927,7.900155042141146e-05,2.091722237600398,0.9417645335842486,0.3435297372674858,0.0072495623675893,0.628765369639032,3.944490930144411e-09,3.944490930144171e-09,1.1870589451248152,0.9451651260132684
0.07,8.243995150241245e-05,1.2358081608054114,1.0283244286689288e-07,1.5865695916796778,0.0125312930021176,5.522213456562953e-07,0.0110606431282907,0.9315272169214056,3.323297137818402e-06,1.12039973483715,0.9323938199059484,0.0030673391940535,0.0002162848657453,1.0390195601322678,1.906734874296798e-08,1.2230390579125472,1.0986131229183431,1.4610108966022586,6.4890050521898e-10,1.4468910393834662,8.243995150241256e-05,0.8660867387167582,1.0957255895244298,0.7010663756263743,0.9323938199059484,8.24399515024123e-05,3.52285783313723e-09,0.204218882064032,0.7597670676189965,0.9057681465841948,0.0008140309795135,8.243995150241245e-05,0.6358715311151902,1.6227964401891808e-07,6.4890050521898e-10,1.2842021942044284,1.9067348742971465e-08,0.535671655529911,1.4011935125711972,0.7933890783040213,0.1057498572795226,0.00208248030707,1.265213101818082,0.884647459228967,1.1072759718607852,0.9792979595493272,0.2434203059116655,8.24399515024124e-05,0.4337814920330053,4.109864160778895,1.1187187214625616,0.0229821333741403,2.9612850509562447,1.5659241780659886e-05,0.4486259698831329,1.075124215268009,0.9323938199059484,0.1900705108765448,0.1209709495420933,0.0455841869655275,0.8672798050275665,2.322187275667239e-05,1.042533407191483e-08,6.489005052189267e-10,0.9644215337677232,2.0990743851897604,0.0005987872837447,2.9302116838809727e-18,0.9071296130291162,0.997628448070774,0.7901175386612178,1.9067348742968722e-08,1.2749527099523124,1.0283244286689288e-07,2.9501279897980267e-06,0.0961698583177373,8.24399515024123e-05,0.8262600732214149,0.7710636249910149,1.0046319981321912,0.0312685771108553,1.100710725364059,1.6915002767336949,0.9537373671985032,0.2548081140650822,1.200279085845474,0.3820131872603293,0.9323938199059484,0.4767601223930195,0.7639070382034676,0.0001562907265709,1.914858356931674,0.9323938199059482,0.3382686782597081,0.0110606431282907,0.6213737069475977,1.906734874297097e-08,1.906734874297096e-08,1.1641115526027734,0.9337965920673288
0.08,0.0001712729569759,1.0875201983311964,3.501686240850075e-07,1.5367848069055097,0.0160350403812401,1.6619244016872438e-06,0.0158629677645538,0.921710072738812,3.796319701293568e-06,1.0777213087419335,0.9231163463866358,0.0051749786193114,0.0003994837079132,1.024768224150284,7.346599905103768e-08,1.2025045310239693,1.0675460752929122,1.3351065353062717,3.200900647116117e-09,1.5201168826582252,0.0001712729569759,0.8504267490467866,1.073221662661542,0.694297486692501,0.9231163463866358,0.0001712729569759,1.5358195735093143e-08,0.2032832018869662,0.7597260771900171,0.8999859485351975,0.0010524645040339,0.0001712729569759,0.6961797517291324,3.9430091626337147e-07,3.200900647116117e-09,1.2042885603572482,7.346599905103924e-08,0.5316617062447874,1.1875376403292015,0.7861244121354272,0.1048680118591981,0.003022188035039,1.2373234052133977,0.8828210145975623,1.0759324903464502,0.9684242235777628,0.2726860124691874,0.0001712729569759,0.4303962681659363,3.7455269787296928,1.0722189315082091,0.0260332587570746,2.989193494658089,3.681042231577944e-05,0.4444590856611281,1.0563982939150314,0.9231163463866358,0.189230777583666,0.1399884168939931,0.050469384315581,0.8697868363011849,3.4277516140384654e-05,1.1913871701315924e-08,3.2009006471161173e-09,0.9179784593634448,1.921721471350505,0.0009900590179266,1.0986084002222508e-17,0.8995334836127509,0.973788185629418,0.7828981848601887,7.346599905104128e-08,1.2420164344661524,3.501686240850075e-07,7.846752067229855e-06,0.1105857877267645,0.0001712729569759,0.8133750452474016,0.7578875458275027,0.9845447790224812,0.0397910396029098,1.0782267582220149,1.2978610510871946,0.9025791612707336,0.1179222177750018,1.4912237829568196,0.3793968709431727,0.9231163463866358,0.5545174591085201,0.5053150360151253,0.0002813393796845,1.7569922340078974,0.9231163463866356,0.3330892323689073,0.0158629677645538,0.6143078477521148,7.34659990510356e-08,7.34659990510437e-08,1.1417575534293316,0.923116246149315
0.09,0.0003237451840656,0.9683868256305214,1.01866189575e-06,1.488873200745796,0.0198822432200545,4.3406474975037765e-06,0.0217005244461133,0.9128033616568492,4.268909612933307e-06,1.0397703838631025,0.9139311852712282,0.008069715404841,0.0006819851066346,1.0107644314766917,2.3803937314187257e-07,1.1823529561055726,1.038891602310819,1.229981192649794,1.2866302521477569e-08,1.5720976985011652,0.0003237451840656,0.8357036930806928,1.0515539342231868,0.6875957445557663,0.9139311852712282,0.0003237451840656,5.5425827443769214e-08,0.202351808763991,0.7516473437475035,0.8939663140801892,0.0013185455362787,0.0003237451840656,0.7503344001934553,8.580558458883046e-07,1.2866302521477569e-08,1.1344265809890606,2.380393731418299e-07,0.5276817747758077,1.0298546788737806,0.7789262648741188,0.1039935201302378,0.0041835386626178,1.210244012397572,0.8799457319554531,1.046674026170094,0.9576775685468368,0.3006972761080577,0.0003237451840656,0.427040570018965,3.280990285946224,1.03099372506052,0.0290286811336599,2.985024834813629,7.749878584918435e-05,0.440335738856674,1.0382243103077815,0.9139311852712282,0.1883947542403209,0.1592945862026401,0.0552458220249999,0.8708990151808894,4.8261806893977786e-05,1.3402210438154342e-08,1.286630252147757e-08,0.883133017444403,1.759353549188687,0.0015423014764735,3.518798410735101e-17,0.8919503782307361,0.953413618257452,0.775744794750325,2.380393731418441e-07,1.2103188686623698,1.01866189575e-06,1.8400245042068678e-05,0.1253870049146138,0.0003237451840656,0.8019029370415713,0.7449938492730167,0.9657277154206504,0.0490663332112082,1.056134433953645,0.9958279843023428,0.867360787342395,0.0545731511926516,1.7672860219506163,0.3767997440286973,0.9139311852712282,0.6249596349596477,0.3291932866685838,0.0004709357037077,1.6160485206687158,0.913931185271228,0.3279905889298261,0.0217005244461133,0.6075808166860293,2.3803937314183522e-07,2.380393731418352e-07,1.119980438853145,0.9129702048300832
0.1,0.0005679990983892,0.8730020904797297,2.617173858796196e-06,1.44276169311742,0.024047539276449,1.0137771196327452e-05,0.0286003219641872,0.9041508353560244,4.741067169215464e-06,1.0058718647467786,0.9048374180359596,0.0118258603863058,0.0010941466862373,0.9970029889515618,6.727688211085755e-07,1.1625769145110183,1.0123841574438155,1.1412745240486553,4.40047855064391e-08,1.6057878662920615,0.0005679990983892,0.8218346259572404,1.0306832863416808,0.6809604754373579,0.9048374180359596,0.0005679990983892,1.7232321533989334e-07,0.2014246830528899,0.7374339802011005,0.887688975679339,0.0016113606151305,0.0005679990983892,0.7987566693552622,1.7117411827893017e-06,4.40047855064391e-08,1.073259299152738,6.727688211085472e-07,0.5237316364145724,0.9128375946109424,0.7717940274397991,0.1031263207722004,0.0055793164720607,1.1839438103757722,0.8763458156137186,1.0193884722394846,0.9470564460614472,0.3274923012311926,0.0005679990983892,0.4237186940121275,2.7862487347894067,0.9943673858004848,0.0319691465756454,2.955336307867737,0.0001495731961518,0.4362554486232138,1.020578737804931,0.9048374180359596,0.1875624244559176,0.1789248379869404,0.0599152600863064,0.8706621480013891,6.546553454789237e-05,1.4890350302358405e-08,4.400478550644188e-08,0.8569706067778864,1.6107046929455762,0.0022943179422664,9.956434265428224e-17,0.8843829907488314,0.935723470132462,0.7686567656172183,6.727688211084738e-07,1.1798079886929935,2.617173858796196e-06,3.9065827477492817e-05,0.1405950886900623,0.0005679990983892,0.7919362303328812,0.7323885211279777,0.94805622167887,0.0590190015330221,1.0345281124628103,0.7640828571741453,0.8415432032996217,0.0252560770771206,2.017923604219212,0.3742204836986383,0.9048374180359596,0.6870670814225739,0.2120112170057092,0.0007440909685644,1.490178619897211,0.9048374180359596,0.3229720440193804,0.0286003219641872,0.6012024560588729,6.727688211084901e-07,6.727688211084902e-07,1.098764148714063,0.9032404300727082
0.11,0.0009382166666224,0.7969314669169566,6.081168431655037e-06,1.3983800732183531,0.0285066571457162,2.1629536023107877e-05,0.0365743989956975,0.8954512080843887,5.212792666437338e-06,0.9754544897530704,0.8958341352965282,0.0164809895038543,0.0016693683725902,0.9834788254283836,1.7024331022882017e-06,1.1431691331179192,0.9877921854884342,1.0657611570301335,1.320698206377928e-07,1.6238036271362202,0.0009382166666224,0.8087433281683158,1.0105725079549848,0.6743910123515403,0.8958341352965282,0.0009382166666224,4.748951439125271e-07,0.2005018052014419,0.7186478167313881,0.881160363445983,0.0019300152703405,0.0009382166666224,0.841842547998129,3.182782830997629e-06,1.320698206377928e-07,1.0196147094637171,1.702433102288374e-06,0.519811068134812,0.8254123781372132,0.7647270963292143,0.1022663529764296,0.0072197770990747,1.1583968226156791,0.8722095069881521,0.9939329962497032,0.9365593271909805,0.3531082711034903,0.0009382166666224,0.4204394014178479,2.31013886969217,0.9617512163502612,0.0348553923200499,2.905410851630979,0.0002690661171357,0.4322177395486709,1.0034392807628674,0.8958341352965282,0.1867337719122782,0.1989360629715292,0.0644794333569752,0.8692151336793069,8.616431563973601e-05,1.6378291313854664e-08,1.3206982063781793e-07,0.8371890633629743,1.474616016682882,0.003290444813447,2.547181519216588e-16,0.8768338496110077,0.9200946676515344,0.7616335002535004,1.7024331022882053e-06,1.1504340079788562,6.081168431655037e-06,7.653357594053321e-05,0.1562175576064661,0.0009382166666224,0.7835405758491798,0.7200776500802544,0.9314186459441572,0.0695777693571389,1.013475394642228,0.586268544105316,0.8214008893941442,0.0116886450795524,2.2357648569113584,0.3716589111637239,0.8958341352965282,0.7403166260247094,0.1354314524392464,0.0011217484344039,1.3777359227643209,0.8958341352965281,0.3180330011278732,0.0365743989956975,0.5951797142364045,1.7024331022883489e-06,1.7024331022885572e-06,1.0780930597866774,0.8938367024196735
0.12,0.001474463055222,0.73653900900571,1.3004697309147132e-05,1.3556608867515016,0.0332363783061052,4.2826718936307256e-05,0.0456216619110831,0.8865932006463374,5.684086400715796e-06,0.948034181055992,0.8869204367171575,0.022035009140155,0.0024434766413811,0.9701869887322894,3.932139230890731e-06,1.1241224814618866,0.9649130933742032,1.00099829211576,3.558390877033054e-07,1.6284584558772377,0.001474463055222,0.7963599982242652,0.9911862020592548,0.6678866950370335,0.8869204367171575,0.0014744630552219,1.184683055265681e-06,0.1995831557470095,0.696564035939773,0.8744011392379063,0.0022736336979669,0.001474463055222,0.8799642474710231,5.584021013933908e-06,3.558390877033054e-07,0.9724803124055482,3.932139230890643e-06,0.5159198485797946,0.7595607130622146,0.7577248735650876,0.101413556441829,0.0091128497519824,1.1335789865283636,0.8676521268696433,0.9701581912746322,0.9261847022191924,0.3775813733119454,0.001474463055222,0.4172186696902652,1.8811016377209973,0.9326307196158328,0.0376881468670328,2.8395425059803507,0.0004567045929389,0.4282221415934707,0.9867848020751472,0.8869204367171575,0.1859087803633187,0.2193993302418871,0.0689400518950437,0.8667189614970136,0.0001106190169763,1.7866033492567896e-08,3.558390877033881e-07,0.822017762903027,1.3500266517672266,0.0045811830478123,5.997561592803491e-16,0.869305326940653,0.90604192954064,0.7546744069085245,3.932139230890275e-06,1.1221492805451925,1.3004697309147132e-05,0.0001403052718064,0.1722500606426733,0.0014744630552219,0.7767544920106133,0.7080672799300634,0.9157149200286496,0.0806753570326636,0.993022556479452,0.4498344887792278,0.8047927694515609,0.0054100172708191,2.4163129893704287,0.3691149163569828,0.8869204367171575,0.7845648720287396,0.086112240401493,0.00162645646814,1.2772537489879576,0.8869204367171574,0.3131729703965349,0.0456216619110831,0.5895169147141928,3.9321392308906384e-06,3.932139230890604e-06,1.0579519744140171,0.8846905059036387
0.13,0.0022223165419618,0.6888451784633857,2.5938742498631184e-05,1.314539327582007,0.0382145003394744,7.964239496119048e-05,0.055729563472662,0.8775626481568728,6.154948667987363e-06,0.9232001345821708,0.8780954309205613,0.02845187930321,0.0034540763176503,0.9571226426964812,8.411950688276166e-06,1.1054299689270826,0.9435690745772296,0.9450968129254036,8.757089856589587e-07,1.6217949235650009,0.0022223165419618,0.7846208811855254,0.9724906974328053,0.6614468698890866,0.8780954309205613,0.0022223165419618,2.71824857587643e-06,0.1986687153161282,0.672217620937038,0.867438877054848,0.0026413584407796,0.0022223165419618,0.9134715489333628,9.330435153096396e-06,8.757089856589587e-07,0.9309812100773748,8.411950688275065e-06,0.5120577580498278,0.7094711453293827,0.7507867666455199,0.1005678713706735,0.0112643274405926,1.109467295618327,0.8627492819643732,0.9479191999671062,0.9159310803973566,0.4009468246178542,0.0022223165419618,0.4140831962095095,1.5118345555823276,0.9065556222583322,0.0404681300767244,2.7612508554329684,0.000738289283348,0.4242681900292712,0.9705952552581169,0.8780954309205613,0.1850874336347304,0.2403925617000858,0.0732988012904259,0.8633288282800144,0.0001390761893605,1.9353576858421116e-08,8.757089856589462e-07,0.8101220081069206,1.235965488517035,0.0062236486875359,1.3171189312582844e-15,0.861799647118664,0.893192885527227,0.7477788992385063,8.411950688275082e-06,1.094908208537566,2.5938742498631184e-05,0.0002432676367426,0.1886783256661033,0.0022223165419618,0.7715900746284535,0.6963632822346753,0.900855350289672,0.0922483021458448,0.9731989579404386,0.3451508569788119,0.7904727815783332,0.0025046349177987,2.557524392142161,0.3665883985027998,0.8780954309205613,0.8199534127672681,0.0547539552207875,0.0022820200005315,1.1874256959659582,0.8780954309205612,0.3083915666104814,0.055729563472662,0.584216006984651,8.411950688276184e-06,8.411950688275764e-06,1.0383261094244252,0.8757502428377473
0.14,0.0032323129744422,0.6514099060893755,4.875547125130959e-05,1.274953133653695,0.0434198012932776,0.0001404032024027,0.066875633971249,0.8683908368717634,6.625379764008336e-06,0.9006031918800169,0.8693582353988059,0.0356633073007504,0.0047398931537583,0.944281064274805,1.6858265816848198e-05,1.0870847419921743,0.9236036263449956,0.8965688578545787,1.995076083301388e-06,1.6056133864707072,0.0032323129744422,0.7734678672943273,0.9544539646178072,0.6550708898922377,0.8693582353988059,0.0032323129744422,5.808273884473966e-06,0.1977584646240979,0.6464428003226519,0.8603036391785552,0.0030323500735599,0.0032323129744422,0.9426930756565428,1.4955977169726964e-05,1.995076083301388e-06,0.8943612438044345,1.6858265816847815e-05,0.5082245784898551,0.6709269297082863,0.7439121884938557,0.0997292384644529,0.0136780458200181,1.0860395580045856,0.857554410964914,0.9270804430670114,0.9057969897006266,0.423238895215206,0.0032323129744423,0.4110744841743914,1.2044577721440628,0.8831317622978875,0.0431960532650278,2.67344249223744,0.0011449217072784,0.4203554253783941,0.954851620789018,0.8693582353988059,0.1842697156236628,0.261993611064167,0.0775573429919835,0.8591844706911941,0.0001717684916044,2.084092143133553e-08,1.9950760833007068e-06,0.8005119410936603,1.1315436170699575,0.008281760889621,2.725844256574711e-15,0.8543188948701097,0.8812646279092187,0.740946396257122,1.68582658168473e-05,1.0686671537373091,4.875547125130959e-05,0.0004022307786975,0.2054798882449749,0.0032323129744422,0.7680344522468048,0.6849712475117238,0.8867595347915889,0.1042367882383228,0.9540206168685512,0.2648288413197714,0.7777027756475408,0.001160441517969,2.659343854883076,0.3640792636990304,0.8693582353988059,0.84683225409186,0.0350619451205385,0.0031131420628847,1.1070881333591671,0.8693582353988057,0.3036885061199951,0.066875633971249,0.5792768002409681,1.6858265816849028e-05,1.6858265816847314e-05,1.019201085324813,0.8669774395032883
0.15,0.0045592366173859,0.6222364115981966,8.707293813716677e-05,1.236842486997236,0.0488320051510348,0.0002363831827046,0.0790288755975398,0.859126443172315,7.095379984354876e-06,0.8799461131702092,0.8607079764250578,0.0435737593738209,0.0063401257957233,0.93165764072849,3.193691899310606e-05,1.069080081530593,0.904878631252506,0.854224088127734,4.252850720902238e-06,1.5814978063594298,0.0045592366173859,0.7628480826095759,0.937045535956168,0.6487581145537524,0.8607079764250578,0.0045592366173859,1.1672059287504574e-05,0.1968523844745761,0.6199065074381381,0.8530253518417634,0.0034457868932246,0.0045592366173859,0.9679374945692952,2.313009775568026e-05,4.252850720902238e-06,0.8619667456028681,3.193691899310373e-05,0.5044200934771441,0.6408644226382348,0.7371005574090057,0.0988975989197506,0.0163560512271114,1.0632743160335916,0.8521081052915634,0.9075172472897424,0.8957809765875774,0.4444909324090304,0.0045592366173859,0.4082532062560167,0.9548543305672992,0.8620142650399404,0.0458726192984022,2.5785330401846096,0.0017130687574522,0.4164833933539514,0.9395358464220448,0.8607079764250578,0.1834556102984081,0.284274049534422,0.0817173146304068,0.8544079880492987,0.0002089151048158,2.2328067231230596e-08,4.252850720902239e-06,0.7924637458873819,1.0359474079962772,0.0108261122489078,5.3599715543713346e-15,0.8468650228891422,0.8700437224516764,0.7341763222865566,3.193691899310203e-05,1.043384352903476,8.707293813716677e-05,0.0006384025063775,0.2226256214866947,0.0045592366173859,0.766051769597406,0.673896393277567,0.8733553935597351,0.1165844803094321,0.9354931028636738,0.2031991433155378,0.76603483209427,0.0005388579415143,2.723248358687573,0.3615874256581555,0.8607079764250578,0.8656983766800787,0.0228655991470137,0.0041450650446411,1.035204609001371,0.8607079764250577,0.2990636028479619,0.0790288755975398,0.5746971809075353,3.193691899310325e-05,3.193691899310529e-05,1.0005629157636615,0.8583437270179657
0.16,0.006261290586679,0.5996921000767124,0.000148729816554,1.200149917669159,0.0544317483793375,0.0003823363941637,0.0921510301388939,0.8498209043633154,7.564949624423127e-06,0.860975434990199,0.8521437889662113,0.0520662155302591,0.008293821781067,0.9192478668851118,5.7609437992459335e-05,1.0514094001640246,0.8872719001983362,0.8170975476044707,8.555636373502963e-06,1.550838978225013,0.006261290586679,0.7527134854550078,0.9202364294857072,0.6425079098377375,0.8521437889662113,0.006261290586679,2.223483369083308e-05,0.1959504557591733,0.5931367274328062,0.8456323226393897,0.0038808646137074,0.006261290586679,0.9894946509961002,3.4673576825809785e-05,8.555636373502963e-06,0.8332325366269644,5.760943799245536e-05,0.5006440882090665,0.6170543902127007,0.7303512970162265,0.0980728944241548,0.0192987584607835,1.0411508084095047,0.8464431055318281,0.8891160057630914,0.8858816057628804,0.4647353837271619,0.006261290586679,0.4057034337692145,0.7558351865496865,0.8429016635895844,0.0484985226876383,2.478539895979564,0.0024844616720557,0.4126516448006534,0.924630791225746,0.8521437889662113,0.1826451016980865,0.3072938663636895,0.0857803303369578,0.8491045788328457,0.0002507221371464,2.3815014278024e-08,8.555636373502964e-06,0.7854550922301922,0.9484321782011106,0.0139334934656593,1.008042710726896e-14,0.8394398590299845,0.8593700048946314,0.7274681069089992,5.760943799245644e-05,1.0190198367758114,0.000148729816554,0.0009777726132947,0.240081085836356,0.006261290586679,0.7655855223133453,0.6631434873258663,0.8605783001143383,0.1292383668540997,0.9176138773924412,0.1559118226645426,0.7551885663152421,0.0002518205928691,2.751829398211251,0.3591128066187655,0.8521437889662113,0.8771468465858487,0.0154461777253827,0.0054032194847711,0.9708519574804804,0.8521437889662112,0.2945167635272633,0.0921510301388939,0.5704733149351949,5.760943799245171e-05,5.760943799245692e-05,0.9823979972572642,0.8498284455616609
0.17,0.0083991798045626,0.5824435061729022,0.000244295257716,1.164820211467188,0.060200547520313,0.0005970031742835,0.106197729428998,0.8405213399699476,8.034088979429298e-06,0.8434746491358235,0.8436648165963837,0.0610081902953857,0.0106392888188313,0.9070473424678916,9.953976855636593e-05,1.034066239668089,0.8706750942362752,0.7843983656038342,1.6357890402213867e-05,1.5148554158021312,0.0083991798045626,0.7430204771679628,0.9039990765119312,0.6363196480999178,0.8436648165963837,0.0083991798045626,4.041316531922493e-05,0.1950526594570498,0.5665464815202771,0.8381504783926519,0.0043367960655276,0.0083991798045626,1.0076366403135573,5.057330391242682e-05,1.6357890402213867e-05,0.8076698579811636,9.95397685563745e-05,0.4968963494909718,0.5978719211682233,0.7236638362183486,0.0972550671522042,0.0225050988321991,1.0196489439463496,0.8405870206291994,0.8717736766521218,0.8760974599430731,0.4840038194785743,0.0083991798045626,0.403536256034952,0.5992159383319346,0.8255307537048502,0.0510744496806363,2.375153274858921,0.0035058337190375,0.4088597356362979,0.9101201731018944,0.8436648165963837,0.1818381739323337,0.3310972072532792,0.0897479810581274,0.8433642679342473,0.0002973830191932,2.530176259163165e-08,1.6357890402213867e-05,0.7791140499650353,0.8683163922613525,0.0176860702777219,1.823045606547443e-14,0.8320451130900719,0.8491238138455763,0.7208211849185829,9.953976855636918e-05,0.9955353525803756,0.000244295257716,0.0014513858183614,0.2578077161623699,0.0083991798045626,0.7665611005190527,0.6527167847718555,0.8483703037060948,0.1421486081965055,0.9003741830029189,0.1196292699640454,0.7449817245222493,0.0001197609942014,2.748429075335664,0.3566553382485398,0.8436648165963837,0.8818322889414666,0.011053913385401,0.0069128866221295,0.91320792551215,0.8436648165963836,0.2900479822988737,0.106197729428998,0.5665998357508395,9.953976855637452e-05,9.953976855635998e-05,0.964693099172888,0.8414167554544324
0.18,0.0110351379615245,0.5694027942403497,0.000387595280896,1.1308003212734354,0.0661207677993203,0.0009035650949695,0.1211195373550316,0.8312676305010325,8.502798344409784e-06,0.8272584838690639,0.835270211411272,0.0702576441187644,0.0134135497160627,0.8950517694934969,0.0001655543931828,1.017044268429169,0.8549919587445879,0.7554724586414987,2.9897347206185195e-05,1.4746121216595958,0.0110351379615245,0.7337295321307783,0.8883072526794835,0.630192708023076,0.835270211411272,0.0110351379615245,7.046080319828115e-05,0.1941589766345147,0.5404540907025741,0.8306030499906298,0.0048128108999808,0.0110351379615245,1.022618820038391,7.199569422890335e-05,2.9897347206185195e-05,0.784855963965764,0.0001655543931828,0.4931766657241486,0.58213022742325,0.7170376091474537,0.0964440597613651,0.025972658986631,0.9987492788789608,0.8345638441781336,0.8553970139774819,0.8664271396253795,0.502326954771142,0.0110351379615245,0.4018923067928032,0.4770430797373222,0.8096720493059096,0.0536010783541968,2.269791202062443,0.0048285067323198,0.4051072267939263,0.8959885195616091,0.835270211411272,0.1810348111809891,0.3557092001615571,0.093621834866256,0.8372638400336085,0.0003490788902382,2.6788312191967664e-08,2.98973472061852e-05,0.773179618720761,0.7949763535658257,0.022170233411182,3.184656408062639e-14,0.8246823832097971,0.8392161019568359,0.7142349962737623,0.0001655543931828,0.97289428988633,0.000387595280896,0.0020954873414254,0.275763861975387,0.0110351379615245,0.7688884280175112,0.6426199775001852,0.8366794327799334,0.1552683908880073,0.8837605654804808,0.091790631841357,0.735290711925066,5.960165540574226e-05,2.716835513687028,0.354214962513962,0.835270211411272,0.8804388860589459,0.0085742384313732,0.0086988795566128,0.8615401485175763,0.8352702114112719,0.2856573347892834,0.1211195373550316,0.5630700187044401,0.0001655543931828,0.0001655543931828,0.9474353539626608,0.8330981605282135
0.19,0.014231927688328,0.5596837645363366,0.0005962344233223,1.0980392818828366,0.07217559271848,0.0013300251707709,0.136862891642068,0.8220917084444235,8.971078014221264e-06,0.81216810513553,0.8269591339433623,0.0796685073584645,0.0166518468737026,0.883256949736556,0.0002661444574545,1.0003372789513871,0.8401368162416692,0.7297748188481098,5.249109996618156e-05,1.4310374473322185,0.014231927688328,0.7248048497600378,0.8731360123756982,0.6241264745531417,0.8269591339433623,0.0142319276883279,0.0001183756718908,0.1932693884446266,0.5151002689218007,0.8230105270289739,0.0053081552978854,0.014231927688328,1.0346807656618222,0.000100298469468,5.249109996618156e-05,0.7644251460608731,0.0002661444574545,0.4894848268938788,0.5689605229787135,0.7104720551169923,0.0956398153880427,0.029697810975595,0.9784329956157312,0.8283948318819676,0.8399017202529933,0.8568692628595456,0.5197346710013901,0.014231927688328,0.4009427636258216,0.3822225033468513,0.795125748832904,0.0560790787048349,2.163642625769718,0.0065078412994548,0.4013936841646431,0.8822211215491299,0.8269591339433623,0.1802349976937857,0.3811338581407854,0.0974034372661701,0.8308686777391172,0.0004059789755091,2.827466309894441e-08,5.24910999661816e-05,0.7674717601335336,0.7278413434992234,0.0274751610753861,5.393898307426443e-14,0.8173531619117814,0.8295808586575854,0.7077089860501268,0.0002661444574545,0.9510616096689324,0.0005962344233223,0.0029515307016362,0.2939056952625559,0.0142319276883279,0.7724646082638578,0.6328561547591952,0.8254590711829739,0.1685537879458802,0.8677560972773869,0.0704310606782095,0.726027962137931,3.292190166496006e-05,2.66103701473024,0.3517916325015081,0.8269591339433623,0.8736573558988823,0.007303214734693,0.0107852466904732,0.8151963308929839,0.8269591339433622,0.2813449717746027,0.136862891642068,0.559875942812379,0.0002661444574545,0.0002661444574545,0.93061224764214,0.8248653649717911
0.2,0.0180518403089211,0.5525656790907979,0.0008920898545702,1.0664881281798075,0.0783489946074478,0.0019094925324389,0.153370953085345,0.8130179582464329,9.438928283540788e-06,0.7980670860904882,0.8187307530779818,0.0890956257718164,0.0203872002238655,0.8716587822591404,0.0004149945853396,0.9839391854127396,0.8260332743575841,0.7068485053812825,8.889504976722546e-05,1.384938229569451,0.0180518403089211,0.7162140296153207,0.8584616263066451,0.6181203388359283,0.8187307530779818,0.018051840308921,0.0001923627206982,0.1923838761267961,0.4906625160982736,0.8153907683086086,0.0058220916828185,0.0180518403089211,1.0440471733575634,0.0001370405774294,8.889504976722546e-05,0.7460609886861249,0.0004149945853396,0.4858206245575794,0.5577251474286526,0.7039666185743404,0.0948422776436239,0.0336758340357027,0.9586818823652016,0.8220990365529525,0.8252116094280137,0.8474224650226431,0.5362560368285111,0.0180518403089211,0.4008884859870685,0.3087629002739264,0.7817181478767462,0.0585091127386271,2.0577017271187694,0.0086025688686837,0.3977186785410892,0.8688039901173232,0.8187307530779818,0.1794387177900415,0.4073530022348774,0.1010943114978825,0.8242344047718989,0.0004682409546414,2.976081533247248e-08,8.889504976722557e-05,0.761868947358427,0.6663891704606784,0.0336911477295642,8.885787314366271e-14,0.8100588418011685,0.8201693449432749,0.7012426043936449,0.0004149945853396,0.9300037764400662,0.0008920898545702,0.0040660429273626,0.3121879991631329,0.018051840308921,0.7771765087886007,0.6234277737424637,0.8146673995188265,0.1819636247172145,0.8523413579188021,0.0540430306501478,0.7171288075046914,2.196962193651398e-05,2.585030738257373,0.3493853131769193,0.8187307530779818,0.8621676173557886,0.0067994054131914,0.0131950001061341,0.7735954985609657,0.8187307530779817,0.2771111125282542,0.153370953085345,0.5570086405539126,0.0004149945853396,0.0004149945853396,0.9142116105076612,0.8167133975199388
0.21,0.0225557183861796,0.5474635199221933,0.0013017548307786,1.0360998165314932,0.0846257061036229,0.0026803543192493,0.1705843693856727,0.8040641102152296,9.906349446865898e-06,0.7848380186241343,0.8105842459701871,0.0983990107100283,0.0246500207711276,0.8602532610035248,0.0006295197824431,0.9678440212694144,0.8126131136115438,0.6863084244036035,0.0001457260649741,1.3370133711892198,0.0225557183861796,0.7079277698042116,0.8442615220936412,0.6121736981545091,0.8105842459701871,0.0225557183861796,0.000303343167342,0.1915024210063901,0.4672672131204379,0.8077591957504965,0.006353898438778,0.0225557183861796,1.0509287125141875,0.0001839900699229,0.0001457260649741,0.729489685810073,0.0006295197824431,0.4821838518330345,0.5479546840325499,0.6975207490537911,0.0940513906105527,0.0379010285094468,0.939478313472358,0.8156936566479764,0.8112578188683619,0.8380853985968135,0.5519193286446473,0.0225557183861796,0.4019570950624206,0.2517924786435126,0.7692984482029029,0.0608918345601016,1.952795681577029,0.0111740263982237,0.3940817855615615,0.855723815771767,0.8105842459701871,0.1786459558583516,0.4343261134397125,0.1046959588354057,0.817408315911004,0.0005360113215165,3.1246768912460665e-08,0.0001457260649741,0.7562915255260471,0.6101420937620426,0.0409077623871187,1.4276380590319278e-13,0.8028007209470914,0.8109457279391784,0.6948353064743371,0.0006295197824431,0.9096886933136245,0.0013017548307786,0.005490347696136,0.3305648495554299,0.0225557183861796,0.7829032327739354,0.6143366390898979,0.8042668948439419,0.1954593501598365,0.8374952167978678,0.0414699308346398,0.7085437313173718,1.8559765339678463e-05,2.4926797590288503,0.3469959820707365,0.8105842459701871,0.8466260614048087,0.006787645187678,0.0159498706740865,0.7362202067387417,0.810584245970187,0.2729560379394716,0.1705843693856727,0.5544582364375688,0.0006295197824431,0.0006295197824431,0.8982216080867002,0.8086389477731399
0.22,0.0278020209634297,0.5439035383049403,0.0018569091912442,1.0068291492711603,0.0909911925347513,0.0036863217131001,0.188441960259647,0.7952422947655512,1.037334179851474e-05,0.7723796616814945,0.8025187979624785,0.1074473380182542,0.0294677804891738,0.8490364724465717,0.000931389400794,0.952045936907348,0.7998153261557149,0.6678286040052132,0.0002319423374425,1.287866019062181,0.0278020209634298,0.6999195882276924,0.8305142277454196,0.606285955867227,0.8025187979624785,0.0278020209634297,0.0004654966582005,0.190625004494338,0.444999762082856,0.8001290264015823,0.006902869632208,0.0278020209634297,1.0555228308761986,0.0002431298029772,0.0002319423374425,0.7144742715088495,0.000931389400794,0.4785743033867137,0.5393024038375183,0.6911339011299762,0.0932670988384373,0.0423668223228201,0.9208052304062424,0.8091942807134499,0.7979780849036626,0.8288567329499004,0.5667520505531641,0.0278020209634298,0.4043979582318003,0.2074573327984802,0.757735922099964,0.0632278904601815,1.8496075159206653,0.0142853155200541,0.3904825856547737,0.842967930312206,0.8025187979624785,0.1778566963562827,0.4619909999089583,0.1082098588817282,0.8104306061601514,0.00060942573565,3.2732523858816025e-08,0.0002319423374425,0.750689489450982,0.5586630904331527,0.0492119048219458,2.2422353260378207e-13,0.7955800079642268,0.801883786794363,0.6884865524403687,0.000931389400794,0.8900856398788024,0.0018569091912442,0.0072801517824192,0.348990200561603,0.0278020209634297,0.7895184405823092,0.6055838903258958,0.7942238826124148,0.2090049133393916,0.8231954553868444,0.0318244242239855,0.7002336876717431,1.8936661527761318e-05,2.3876115600150207,0.3446236298798898,0.8025187979624785,0.8276565273348668,0.007097275989,0.0190700909545514,0.7026095986375703,0.8025187979624784,0.2688800834808534,0.188441960259647,0.5522140750162312,0.000931389400794,0.000931389400794,0.8826307323156203,0.8006398690198181
0.23,0.033845948080942,0.5415031561946367,0.0025945964815807,0.9786327021502454,0.0974316251776254,0.0049763415786632,0.2068813300426788,0.7865600842796718,1.0839905632626124e-05,0.760604538717128,0.794533602503334,0.1161206874241445,0.0348647381721969,0.8380045933141338,0.0013470157094625,0.9365391973400848,0.7875852818645739,0.6511320728249607,0.0003593733099124,1.2380144772672033,0.0338459480809421,0.6921655658149215,0.8171993178680481,0.6004565213463297,0.794533602503334,0.033845948080942,0.0006968192619481,0.1897516080867398,0.4239130646349805,0.7925115148363884,0.0074683147383231,0.033845948080942,1.0580145149214135,0.0003166608663333,0.0003593733099124,0.7008096381721105,0.0013470157094624,0.4749917754221797,0.5315112271871036,0.6848055343717142,0.0924893473401894,0.0470658704152301,0.9026461233684951,0.802615071497899,0.7853160849323654,0.8197351541189443,0.5807809538663715,0.033845948080942,0.4084752050622569,0.1727701936916892,0.7469173965588982,0.0655179190031913,1.748695254670166,0.0180004086594786,0.3869206639852463,0.8305242710113363,0.794533602503334,0.177070923810068,0.4902651523943028,0.1116374698599996,0.8033354213860479,0.0006886093652999,3.4218080191443794e-08,0.0003593733099124,0.7450335768566427,0.5115524356936951,0.0586858291407076,3.449546112877425e-13,0.7883978268121611,0.7929644336231325,0.6821958073725657,0.0013470157094624,0.8711652127598584,0.0025945964815807,0.0094950044391707,0.3674183839988806,0.033845948080942,0.7968924956137258,0.5971699963315619,0.7845081354121056,0.2225666449487574,0.8094192590564068,0.0244258094076292,0.6921671861955093,2.139632011547544e-05,2.2731509655165136,0.34226826097677,0.794533602503334,0.8058442357623785,0.0076228907108567,0.0225742063439703,0.6723532221916682,0.7945336025033339,0.264883632094918,0.2068813300426788,0.5502648389934616,0.0013470157094625,0.0013470157094625,0.8674277929393086,0.7927148103204866
0.24,0.0407386379101907,0.5399544474280366,0.0035573900724772,0.9514687546423516,0.1039338553673059,0.0066043698477088,0.2258394135773844,0.7780214405282471,1.1306041243159676e-05,0.7494369112133342,0.7866278610665535,0.1243125500866638,0.0408617199133247,0.827153888353909,0.0019079842504724,0.9213181799520264,0.7758740023433836,0.6359827155982525,0.0005432864408002,1.187901980318416,0.0407386379101907,0.6846441106599739,0.8042973624812348,0.5946848099172258,0.7866278610665535,0.0407386379101907,0.0010196772571202,0.1888822133644757,0.4040345880837353,0.7849161896376075,0.0080495583716718,0.0407386379101907,1.058577007954517,0.0004070036898674,0.0005432864408002,0.6883182337227159,0.0019079842504724,0.4714360656685813,0.5243897340591763,0.6785351132962808,0.0917180815881938,0.0519901474985746,0.8849850135002594,0.7959689132200797,0.7732208437958364,0.8107193645964936,0.5940320561338949,0.0407386379101907,0.4144590544487209,0.1454498097281572,0.7367450256119601,0.0677625511129348,1.650508219404968,0.0223832242724468,0.383395610399325,0.8183813469812948,0.7866278610665535,0.176288622814304,0.5190476556802261,0.1149802289009727,0.7961517541156654,0.0007736772224608,3.570343793024749e-08,0.0005432864408002,0.7393088255321345,0.4684445703539585,0.0694052018654243,5.20745138467351e-13,0.7812552213292082,0.784173852042103,0.6759625412393443,0.0019079842504724,0.8528992687461394,0.0035573900724772,0.0121976428876437,0.3858045319070553,0.0407386379101907,0.8048944182984279,0.5890947560220009,0.7750925136049192,0.2361131436627518,0.7961436031229328,0.0187519628393985,0.6843184060866714,2.518600903238773e-05,2.152280908332856,0.3399298938188456,0.7866278610665535,0.7817320589216172,0.008299584866,0.0264789144079629,0.6450855220564756,0.7866278610665534,0.2609671070619361,0.2258394135773844,0.5485986580291897,0.0019079842504724,0.0019079842504724,0.8526019091273266,0.7848629478493295
0.25,0.0485264467742952,0.5390105632987628,0.004793434147133,0.9252972229870796,0.1104853894320002,0.008629007379834,0.2452529607809616,0.7696275356055716,1.1771748923895908e-05,0.7388110673237647,0.7788007830714049,0.1319311574596097,0.0474759521494521,0.8164807081652263,0.0026514038600775,0.9063773722861816,0.7646375268099195,0.622178655517862,0.0008029742329055,1.1379054394452126,0.0485264467742954,0.6773357418444118,0.7917898783159185,0.5889702427983563,0.7788007830714049,0.0485264467742954,0.0014613345548681,0.1880168019928179,0.385372231910499,0.7773510749131815,0.008645940020877,0.0485264467742952,1.0573724882574218,0.0005167968124676,0.0008029742329055,0.676846344378538,0.0026514038600775,0.4679069733692341,0.517794720444327,0.6723221073240991,0.0909532475105108,0.0571310345045519,0.8678064356673751,0.7892675348181992,0.7616461999195703,0.8018080831196992,0.6065306597126331,0.0485264467742955,0.4226158603482083,0.1237721531293772,0.7271343220526805,0.0699624101578569,1.5554011036872697,0.0274966924671211,0.3799070193718138,0.8065282075879878,0.7788007830714049,0.1755097780316482,0.548221524896148,0.1182395523267499,0.7889042065382507,0.0008647344899086,3.718859709512883e-08,0.0008029742329055,0.7335099467968641,0.4290052306986224,0.081437256582018,7.72577589270291e-13,0.7741531595162869,0.7755021023919051,0.669786228852053,0.0026514038600775,0.8352608703812012,0.004793434147133,0.0154532398950403,0.4041049304564295,0.0485264467742954,0.8133936396368189,0.5813573044686197,0.7659526434945354,0.2496151671476623,0.7833455531999112,0.0144024686432131,0.6766659222337454,2.9994936666488998e-05,2.027625065835488,0.3376085612534856,0.7788007830714049,0.7558186173372323,0.0090874613524862,0.0307989319235681,0.6204809331506532,0.7788007830714048,0.2571309649042397,0.2452529607809616,0.5472032088201719,0.0026514038600775,0.0026514038600775,0.8381425013013387,0.7770837916229574
0.26,0.0572503194630603,0.5384745798027774,0.0063563494519867,0.9000795958659777,0.1170743644294123,0.0111130033665519,0.2650589649112542,0.7613774409578502,1.2237028968436331e-05,0.7286698747981349,0.7710515858035663,0.1389002013190452,0.0547209446460371,0.8059814870842755,0.0036201559424386,0.891711369875527,0.7538363565365849,0.6095468334403664,0.0011623416299599,1.08834326409752,0.0572503194630602,0.6702228916726028,0.7796592824739892,0.5833122470416713,0.7710515858035663,0.0572503194630604,0.0020544304468597,0.1871553557210435,0.3679191757672762,0.7698228923947708,0.0092568137874946,0.0572503194630603,1.054552709505863,0.0006488933336485,0.0011623416299599,0.6662608825015857,0.0036201559424385,0.4644042992702838,0.5116184941095816,0.6661659907338432,0.0901947914871079,0.062479399062261,0.8510954218048931,0.7825216163749825,0.7505503259878444,0.7930000444621537,0.6183013698890018,0.0572503194630604,0.4331973769668206,0.1064427183381094,0.7180124221613029,0.072118112035295,1.4636462723563324,0.0334018308914372,0.3764544899532199,0.7949544127825003,0.7710515858035663,0.1747343741925189,0.5776563415684484,0.1214168359308786,0.7816136401904243,0.0009618768404553,3.8673557705987754e-08,0.0011623416299599,0.7276380287297103,0.3929288185059571,0.0948391000193188,1.1279886021748757e-12,0.7670925375855049,0.7669420788982925,0.6636663498207216,0.0036201559424385,0.8182242339046663,0.0063563494519867,0.0193285714751254,0.4222773127823506,0.0572503194630604,0.8222615517584247,0.5739561237705142,0.7570666291020197,0.2630455275514674,0.7710024962236709,0.0110703324707533,0.6691918050902718,3.571848477741119e-05,1.901447155977774,0.3353043107141907,0.7710515858035663,0.728557783384157,0.0099619858534936,0.0355468888140438,0.5982495100644075,0.7710515858035663,0.2533756883756698,0.2650589649112542,0.546065806999511,0.0036201559424385,0.0036201559424385,0.824039283168694,0.7693770488546829
0.27,0.0669452546396707,0.5381903365570319,0.0083049980382414,0.8757788726071358,0.1236895246610559,0.0141226352768269,0.2851950392008252,0.7532686923988428,1.2701881670203562e-05,0.7189635557432303,0.7633794943368531,0.1451590243141058,0.0626064203726461,0.7956527411233417,0.0048630251871043,0.8773148741171312,0.7434349667569566,0.5979385372911586,0.0016504712953681,1.0394823510480005,0.0669452546396706,0.6632897250382256,0.7678888483366665,0.5777102554737105,0.7633794943368531,0.0669452546396704,0.002837384254231,0.18629785638205,0.3516578630661654,0.7623372424993451,0.0098815481289295,0.0669452546396707,1.0502596055378988,0.0008063550996022,0.0016504712953681,0.6564466102595004,0.0048630251871042,0.4609278456094587,0.5057796049851966,0.6600662426179539,0.0894426603461231,0.0680256703318672,0.8348374848026987,0.7757408829175378,0.7398952988834657,0.7842939992284426,0.6293681125639085,0.0669452546396707,0.4464297979073002,0.0924922354976801,0.709316559201234,0.0742302652548334,1.3754446092812431,0.0401568490128187,0.3730376257176027,0.7836500052273383,0.7633794943368531,0.1739623960947955,0.6072110737782861,0.1245134552548427,0.77429772915189,0.0010651907485738,4.0158319782722434e-08,0.0016504712953681,0.7216982070754484,0.359935990775354,0.1096562157732018,1.6226994365776856e-12,0.7600741837871919,0.75848873182257,0.6576023885102164,0.0048630251871043,0.801764679445053,0.0083049980382414,0.0238911240761492,0.4402810975968529,0.0669452546396704,0.8313728577284158,0.566889058038649,0.7484147940391273,0.2763789913067568,0.7590923155004509,0.0085202817380496,0.6618809567284792,4.234903299220716e-05,1.775662467737013,0.333017204305908,0.7633794943368531,0.7003592489892362,0.0109080147525488,0.0407332478890818,0.5781330338265577,0.7633794943368531,0.2497017795788205,0.2851950392008252,0.5451734913699499,0.0048630251871043,0.0048630251871043,0.8102822539571601,0.7617425293569885
0.28,0.0776398677932528,0.5380349136640081,0.0107031056665054,0.8523595038190155,0.1303201989416662,0.017726977761377,0.305599746200105,0.7452977448753932,1.316630732244141e-05,0.7096486477672315,0.7557837414557255,0.1506623642244789,0.0711382889191063,0.7854910659626341,0.0064346972762421,0.8631826901881887,0.7334013767454409,0.587225693988412,0.0023021426008976,0.991544324578274,0.0776398677932526,0.6565219746632727,0.756462663613457,0.5721637066372782,0.7557837414557255,0.0776398677932524,0.0038547043850713,0.1854442858919721,0.3365632513247444,0.754898764437911,0.0105195256053521,0.0776398677932528,1.0446258614434216,0.0009924447033229,0.0023021426008976,0.6473037394305943,0.006434697276242,0.4574774161049017,0.5002160673601089,0.6540223468385616,0.0886968013601584,0.0737599085045468,0.8190186029146377,0.7689341881767813,0.7296467138999577,0.7756887136513665,0.6397541515106724,0.0776398677932529,0.462503136424594,0.0811944535142301,0.7009927234417921,0.0762994710207664,1.2909351491409975,0.0478162968973151,0.3696560347110185,0.7726054841032204,0.7557837414557255,0.1731938286035205,0.6367369766657633,0.1275307658609935,0.7669714311452825,0.0011747537945447,4.164288334522929e-08,0.0023021426008975,0.7156980363881477,0.3297714504935025,0.1259212023742086,2.302554769525177e-12,0.7530988620282858,0.7501384888644596,0.651593833996794,0.006434697276242,0.7858585833662189,0.0107031056665054,0.0292081612696841,0.4580775797899167,0.0776398677932524,0.8406067264927264,0.5601533319119718,0.7399794503357429,0.2895921830842746,0.7475935206550194,0.0065721193969503,0.6547206024250453,4.992536443413482e-05,1.651857955846694,0.3307473187784867,0.7557837414557255,0.671589879021599,0.0119161141430299,0.0463662490929753,0.5599015439097887,0.7557837414557254,0.2461097532472036,0.305599746200105,0.5445131009575618,0.006434697276242,0.006434697276242,0.796861690845932,0.754180081790027
0.29,0.0893560521256452,0.5379124555392341,0.013618744919686,0.8297873343580134,0.1369562786014816,0.0219970757666627,0.3262128838632901,0.737460332556094,1.3630306218214997e-05,0.7006871218763613,0.7482635675785653,0.1553797345878076,0.0803186599043254,0.775493134993341,0.008395613059006,0.8493097250031449,0.7237067702533913,0.5772977787985359,0.0031582794846856,0.9447111031837322,0.0893560521256453,0.6499067909946938,0.7453655904287773,0.5666720447337096,0.7482635675785653,0.0893560521256452,0.005157181236832,0.1845946262498004,0.3226054409148974,0.7475112764284304,0.0111701426305568,0.0893560521256452,1.037775452833794,0.001210615402878,0.0031582794846856,0.6387458559408045,0.0083956130590061,0.4540528159440898,0.4948803921774077,0.6480337919838124,0.0879571622426037,0.0796718692640345,0.803625204674137,0.7621095900034149,0.7197733386312224,0.7671829693918044,0.649482105215866,0.0893560521256454,0.4815614879234977,0.0720030047701385,0.6929944883483166,0.0783263233136817,1.2102036665781992,0.0564302724087539,0.3663093294005559,0.7618117804895639,0.7482635675785653,0.1724286566506026,0.6660804827987742,0.1304701036019664,0.7596473887991273,0.00129063496128,4.3127248413402906e-08,0.0031582794846857,0.7096463651015397,0.3022019213773151,0.1436527725367985,3.2258104679591548e-12,0.7461672752941865,0.7418888261977079,0.6456401800250542,0.0083956130590059,0.7704833326742712,0.013618744919686,0.0353457699860284,0.4756300786480877,0.0893560521256452,0.8498477616015223,0.5537455720760834,0.7317446914062381,0.3026634937407399,0.7364853413478372,0.0050879550525247,0.6476998894614416,5.850917853015041e-05,1.5313179245569342,0.3284947453886225,0.7482635675785653,0.642575625634433,0.0129803005513853,0.0524518768049041,0.5433502490435396,0.7482635675785652,0.2426001302243827,0.3262128838632901,0.5440713453457412,0.008395613059006,0.0083956130590061,0.7837681415881419,0.7466895522393269
0.3,0.1021087359714047,0.5377491023365951,0.0171236862080861,0.8080295485380173,0.1435881961997858,0.0270050393156045,0.3469757321228568,0.7297517495144556,1.4093878650410854e-05,0.6920456323425774,0.7408182206817179,0.159294520660212,0.0901458927187327,0.7656556974105783,0.0108116729912995,0.8356909852110948,0.7143251596949161,0.5680592284125446,0.0042663027439593,0.8991298609347033,0.1021087359714047,0.6434326055999066,0.734583227348215,0.5612347195657175,0.7408182206817179,0.1021087359714045,0.0068019462087994,0.1837488595370011,0.3097517772940192,0.7401778975792903,0.0118328092267066,0.1021087359714047,1.0298241550470353,0.0014644990828537,0.0042663027439593,0.6306981248213739,0.0108116729912994,0.4506538517728341,0.4897359361491727,0.6421000713245942,0.0872236911439899,0.0857510634908694,0.7886441542998374,0.7552744186339437,0.7102468023729946,0.7587755633411799,0.6585739633128315,0.1021087359714047,0.5036946563594891,0.0645038929351367,0.6852819843778977,0.080311408971173,1.1332903527944072,0.0660436984770884,0.362997126623954,0.7512602342187638,0.7408182206817179,0.1716668652345217,0.6950860058152988,0.1333327848866256,0.7523362714972001,0.0014128949239711,4.4611415007136185e-08,0.0042663027439593,0.7035525711879195,0.2770142910022483,0.1628550306671891,4.4658139607293595e-12,0.7392800688854392,0.7337379517282052,0.6397409249652831,0.0108116729912993,0.75561728139582,0.0171236862080861,0.0423679058304808,0.4929040487824898,0.1021087359714045,0.8589867943405705,0.5476618313028612,0.7236962066335628,0.3155729921101247,0.7257477919843758,0.0039624108936697,0.640809563324467,6.817414566575591e-05,1.4150529429783885,0.3262595896518213,0.7408182206817179,0.6136038235682607,0.0140966598050041,0.058993848621918,0.5282967754726434,0.7408182206817178,0.2391734311674674,0.3469757321228568,0.5438348687240481,0.0108116729912994,0.0108116729912995,0.7709924173202175,0.7392707587154281
0.31,0.1159057338302472,0.5374888320703701,0.0212926276196671,0.7870546174938059,0.1502069049286967,0.0328230789772171,0.3678312634292164,0.7221670649652907,1.455702491173702e-05,0.6836948778023926,0.7334469562242892,0.1624028637737603,0.1006146789024571,0.7559755763549357,0.0137537901586688,0.8223215752326644,0.705233088472422,0.5594272675768661,0.005680363805432,0.854917445020959,0.1159057338302474,0.6370890069663103,0.7241018732510998,0.5558511864808207,0.7334469562242892,0.1159057338302472,0.0088523826810822,0.1829069679171394,0.297968507749461,0.7329011532288603,0.012506948782906,0.1159057338302472,1.020880023946246,0.0017578924015593,0.005680363805432,0.623095737384098,0.0137537901586688,0.447280331684363,0.4847542104477209,0.6362206827716602,0.0864963366483727,0.0919868124768307,0.7740627375753389,0.7484353387018031,0.7010413172897049,0.7504653074264978,0.667051102617396,0.1159057338302474,0.5289315404198683,0.0583802939486857,0.6778210035285013,0.0822553077676891,1.06019667987377,0.0766956797994778,0.3597190475397963,0.740942572110862,0.7334469562242892,0.1709084394200344,0.7235985946251116,0.1361201069425807,0.7450470666721388,0.0015415863327082,4.60953831463202e-08,0.005680363805432,0.6974260542329173,0.2540139080693133,0.1835170364041765,6.114123826488727e-12,0.732437833479937,0.7256845723955017,0.6338955717711906,0.0137537901586687,0.7412397088423187,0.0212926276196671,0.0503354560400811,0.5098671583678496,0.1159057338302472,0.8679215132640786,0.541897614573756,0.7158211153132226,0.3283023404929181,0.7153617132984951,0.0031151098778304,0.634041702206307,7.90007634376325e-05,1.3038301693186938,0.3240419709869925,0.7334469562242892,0.5849257235810281,0.0152625060817813,0.0659936239799309,0.5145787158154081,0.7334469562242892,0.2358301704981028,0.3678312634292164,0.5437903080623518,0.0137537901586689,0.0137537901586687,0.7585255855535425,0.7319234768064691
0.32,0.1307476868285961,0.5370900514665523,0.0262023178603175,0.7668322486136321,0.1568038586867764,0.039522501982355,0.3887243204800116,0.7147012853013123,1.501974529472313e-05,0.6756090562161791,0.7261490370736909,0.1647123998608863,0.1117161534821666,0.7464496671013503,0.0172972947335396,0.8091966953355979,0.6964093666568613,0.5513300770751381,0.0074614395071353,0.812164305018849,0.1307476868285961,0.6308666276768609,0.7139084929604816,0.5505209063153411,0.7261490370736909,0.1307476868285959,0.0113778790039354,0.1820689336355022,0.2872220617895611,0.7256830655686684,0.0131919978175492,0.1307476868285961,1.0110438498766918,0.0020947412808699,0.0074614395071353,0.6158825676671891,0.0172972947335396,0.4439320652084873,0.4799128899928558,0.6303951288331423,0.085775047769745,0.0983682989040487,0.7598686481876216,0.7415984057019899,0.6921334279916925,0.7422510284179168,0.6749343027751018,0.1307476868285963,0.5572355714784178,0.0533867899044028,0.6705822194059889,0.0841585924935307,0.9908915328308692,0.0884189460963602,0.3564747175782762,0.7308508875012618,0.7261490370736909,0.1701533643378815,0.7514663888421799,0.1388333480753189,0.7377873280706455,0.0016767540882153,4.7579152850844266e-08,0.0074614395071353,0.6912759085437764,0.2330230207933896,0.2056126534011154,8.284118195596986e-12,0.7256411080306603,0.717727724308718,0.6281036279380289,0.0172972947335395,0.7273307796789068,0.0262023178603175,0.0593053372847854,0.5264893388454708,0.1307476868285959,0.8765569429744654,0.5364479068905442,0.708107817935115,0.3408347137030648,0.7053087955961537,0.0024849147228327,0.6273894970134583,9.107389558419468e-05,1.1982037138325496,0.3218420222572512,0.7261490370736909,0.5567591519088219,0.0164758720295157,0.0734504309254097,0.5020514456973308,0.7261490370736908,0.2325708506201895,0.3887243204800116,0.5439243457978444,0.0172972947335394,0.0172972947335395,0.7463589633439769,0.7246474329732723
0.33,0.1466280874060292,0.536522802314497,0.0319305892654737,0.7473333369596284,0.1633709928026036,0.047172689278474,0.4096017641278619,0.707349473394701,1.5482040091720547e-05,0.6677653991275457,0.7189237334319262,0.1662409098705175,0.1234380316589178,0.7370749352940841,0.0215211970947637,0.7963116397482827,0.6878348359233434,0.5437052447643256,0.0096772708223044,0.770937983998085,0.1466280874060292,0.6247570420023643,0.7039906845458792,0.5452433453389683,0.7189237334319262,0.1466280874060291,0.0144534181399263,0.1812347390187241,0.2774800142469816,0.7185252313157076,0.0138874057443877,0.1466280874060292,1.0004095862600422,0.0024791239067665,0.0096772708223044,0.6090100097296032,0.0215211970947635,0.4406088633008462,0.4751943353726486,0.6246229165724565,0.0850597739484789,0.1048846138308518,0.7460499745092479,0.7347691174929266,0.683501786524835,0.734131567738825,0.6822437615290426,0.1466280874060293,0.5885023817910352,0.049330671921389,0.6635405090917346,0.0860218290330018,0.9253166756583084,0.101239386895171,0.3532637663925234,0.7209776209798289,0.7189237334319262,0.1694016251844962,0.778542838662615,0.141473767923994,0.7305633873881427,0.0018184356108418,4.9062724140595934e-08,0.0096772708223044,0.6851107229703145,0.2138793445189812,0.2291006749278885,1.111514452283824e-11,0.7188903825083796,0.7098666497658538,0.6223646054610974,0.0215211970947629,0.7138715057197101,0.0319305892654737,0.0693296438621041,0.5427428098328932,0.1466280874060291,0.8848057854313993,0.5313072024153578,0.700545862992398,0.3531547215372545,0.6955715875509353,0.0020255098812071,0.6208470679006121,0.0001044815505592,1.0985440455620994,0.319659889211364,0.7189237334319262,0.5292912089864213,0.0177352011163071,0.081361309335395,0.490586178920126,0.7189237334319261,0.229395956420024,0.4096017641278619,0.5442237574007649,0.0215211970947634,0.0215211970947634,0.7344841106349075,0.7174423029335201
0.34,0.1635333822251254,0.5357664737318418,0.0385553199956628,0.7285299185979018,0.1699007053890036,0.0558400735993818,0.4304125942349892,0.700106833942514,1.594390959490245e-05,0.6601437730075344,0.7117703227626097,0.1670149315037701,0.1357647673478786,0.7278484152266034,0.0265073209067955,0.7836617948104667,0.6794921602154811,0.5364984522715353,0.0124021326116929,0.7312862166760841,0.1635333822251254,0.6187526730183538,0.6943366482181895,0.540017975199885,0.7117703227626097,0.1635333822251252,0.0181590034189662,0.1804043664744147,0.2687117816449481,0.711428888079962,0.0145926346422631,0.1635333822251254,0.9890647542221692,0.0029152324168987,0.0124021326116929,0.6024359712681626,0.0265073209067956,0.4373105383322335,0.4705844907969383,0.6189035575665922,0.0843504650477967,0.1115247999145324,0.7325951868099284,0.7279524613308653,0.6751269500966772,0.7261057812783843,0.6889991096172016,0.1635333822251255,0.6225597662543605,0.0460584486242518,0.6566743645085731,0.0878455764417263,0.8633916083918756,0.1151756807933654,0.3500858278104898,0.7113155422650113,0.7117703227626097,0.1686532072217141,0.8046886638647743,0.1440426077139142,0.7233805347120574,0.0019666611029491,5.0546097035460944e-08,0.0124021326116929,0.6789384684620178,0.1964347476962631,0.2539252113099625,1.4777266209795788e-11,0.7121861004981681,0.7021007091692844,0.6166780207946255,0.0265073209067956,0.7008437093749312,0.0385553199956628,0.080454859958243,0.5586020826081977,0.1635333822251252,0.8925886371766669,0.5264695346170036,0.6931258276956896,0.3652483345360591,0.6861334937120189,0.0017020135303602,0.6144093107172948,0.0001193142322713,1.0050657532382936,0.3174957298310261,0.7117703227626097,0.5026809414249778,0.0190391631279468,0.0897211688915462,0.4800682351180246,0.7117703227626097,0.2263059500613154,0.4304125942349892,0.5446754541640518,0.0265073209067956,0.0265073209067955,0.7228928237695915,0.7103077133020224
0.35,0.181443146709958,0.5348079302046894,0.0461533460310469,0.7103951257632336,0.1763858393091699,0.0655871379147246,0.451108046037179,0.6929687721203236,1.640535409626393e-05,0.6527263374264927,0.7046880897187134,0.1670683735238146,0.1486777302100314,0.7187672081651946,0.0323393210912369,0.7712426371604345,0.6713656390922941,0.529662358597376,0.0157164262283093,0.693239675384477,0.1814431467099578,0.6128467084204573,0.6849351567399964,0.5348442728704457,0.7046880897187134,0.1814431467099579,0.0225789247121414,0.1795777984907876,0.2608890951750475,0.7043949709263555,0.0153071590284539,0.181443146709958,0.9770908245735468,0.0034073534570363,0.0157164262283093,0.5961240023883201,0.0323393210912372,0.4340369040780043,0.4660720586575568,0.6132365678647834,0.0836470713502707,0.1182778910898692,0.7194931248834802,0.7211529568654289,0.6669911991516747,0.7181725392065141,0.6952194253079731,0.1814431467099584,0.6591698913515095,0.0434461347138544,0.6499653822922526,0.0896303870231367,0.8050178659138979,0.1302390202876682,0.3469405397873834,0.7018577331415665,0.7046880897187134,0.1679080957764839,0.8297735368392525,0.1465410905057707,0.7162431723991124,0.0021214538048284,5.202927155532332e-08,0.0157164262283093,0.6727664455231402,0.1805540462881885,0.2800163187969038,1.947666494472575e-11,0.7055286616580367,0.6944293188367213,0.6110433948110304,0.0323393210912371,0.6882299886782792,0.0461533460310469,0.0927211476249754,0.5740439451947859,0.1814431467099579,0.8998340957029576,0.521928507133118,0.6858392111402931,0.377102812911066,0.6769787632882274,0.0014883794002161,0.6080717682936798,0.0001356645544105,0.9178532143894432,0.3153497135897984,0.7046880897187134,0.4770619381836554,0.0203865444305464,0.098522860141122,0.4703954966970629,0.7046880897187133,0.2233012660846013,0.451108046037179,0.5452665215425657,0.0323393210912372,0.0323393210912371,0.7115771291686638,0.7032432451911964
0.36,0.2003303242090817,0.5336399812647659,0.0547993444542585,0.6929031437862635,0.1828196647364369,0.0764714524847568,0.4716416643871178,0.6859309314905417,1.686637388762208e-05,0.6454972514324047,0.697676326071031,0.1664411661157079,0.1621553979788468,0.7098284807151783,0.039101604725126,0.7590497319579214,0.6634410411165718,0.5231556487791872,0.0197060919219313,0.6568144005915957,0.2003303242090818,0.6070330242747868,0.6757755272782,0.5297217205934057,0.697676326071031,0.2003303242090814,0.0278008740246075,0.1787550176362912,0.2539862875405982,0.6974241604741453,0.0160304656355819,0.2003303242090817,0.9645635783882373,0.0039598477913187,0.0197060919219313,0.5900425412517178,0.0391016047251258,0.4307877757075603,0.4616478782002165,0.6076214679475586,0.0829495435543511,0.1251329489114036,0.7067329860766771,0.7143746954725196,0.659078373665825,0.7103307257912785,0.7009232485823589,0.2003303242090818,0.698033606424577,0.0413922542016219,0.6433978223791216,0.0913768064041447,0.7500828048231329,0.1464329315673715,0.3438275443586481,0.6925975713951199,0.697676326071031,0.1671662762405805,0.8536774834827947,0.1489704214416467,0.7091549463209298,0.0022828302442835,5.351224772006528e-08,0.0197060919219313,0.6666012717860642,0.16611389753615,0.3072908451824315,2.5461757063401886e-11,0.698918424047509,0.6868519079560832,0.6054602527605486,0.0391016047251257,0.6760136838263964,0.0547993444542585,0.106161720016455,0.5890474317603637,0.2003303242090814,0.9064787678321856,0.5176773250877572,0.6786783386258146,0.3887066385166571,0.6680924722841248,0.0013654041150919,0.6018305225379791,0.0001536269758554,0.836883917316517,0.313222020630074,0.697676326071031,0.4525448156033527,0.0217761834882422,0.1077572570207307,0.4614770343865129,0.697676326071031,0.2203823068179301,0.4716416643871178,0.5459842533489417,0.0391016047251259,0.0391016047251259,0.7005292771687683,0.6962484388720964
0.37,0.2201615225329841,0.5322601318273094,0.0645647097778406,0.6760291697138701,0.1891958622899711,0.0885447672496399,0.4919693580674248,0.6789892159888585,1.7326969260616148e-05,0.6384424208820498,0.6907343306373547,0.1651779735717854,0.1761735610652476,0.7010294632286188,0.0468781753961961,0.7470787311420609,0.6557054549866141,0.5169422213313745,0.0244618432953864,0.622013949087205,0.2201615225329836,0.6013061160000223,0.6668475946293632,0.524649805828694,0.6907343306373547,0.2201615225329841,0.0339149238878993,0.1779360065592405,0.2479804257557319,0.6905169237224384,0.0167620531920284,0.2201615225329841,0.9515534473585608,0.0045771291519655,0.0244618432953864,0.5841642608167988,0.046878175396196,0.4275629697739148,0.4573044553432248,0.6020577826861658,0.0822578327709227,0.1320790957571153,0.694304313706959,0.7076213762578231,0.6513737257606185,0.7025792392186477,0.7061285949711306,0.2201615225329838,0.7387966294222046,0.0398127768138885,0.6369582266202636,0.0930853736100015,0.6984629214845088,0.1637531871681673,0.3407464875934801,0.6835287156810924,0.6907343306373547,0.1664277340703174,0.8762920033962097,0.1513317879878484,0.7021188578253069,0.0024508004800089,5.49950255495673e-08,0.0244618432953862,0.6604488957344998,0.153001784794009,0.3356534643570962,3.3030094473347595e-11,0.6923557063334759,0.6793678896258051,0.5999281242312349,0.0468781753961958,0.6641788451648791,0.0645647097778406,0.1208023073033889,0.603593778759381,0.2201615225329841,0.9124671924520747,0.5137088266317533,0.6716362759633978,0.4000494497494195,0.6594605006657973,0.0013191985896877,0.5956821040648111,0.0001732975914956,0.7620493263878431,0.3111128408648844,0.6907343306373547,0.4292195670204691,0.0232069336854257,0.1174133492742525,0.4532318829883432,0.6907343306373546,0.2175494381032749,0.4919693580674248,0.5468161820955171,0.046878175396196,0.0468781753961961,0.6897417360183842,0.6893227988856686
0.38,0.2408973605136724,0.5306695630409899,0.0755164447708281,0.6597493725561827,0.1955085067291488,0.1018521745016624,0.5120494361959224,0.6721397998694483,1.7787140506707568e-05,0.6315492806154406,0.6838614092123558,0.1633269890710033,0.1907055366167028,0.6923674482524501,0.0557514233906694,0.7353253717236777,0.6481471564051504,0.5109904926900194,0.0300782313476536,0.5888312896459074,0.2408973605136725,0.5956610359342117,0.6581416857515071,0.5196280212007223,0.6838614092123558,0.240897360513672,0.0410123858579642,0.1771207479874522,0.2428513176064204,0.683673548644507,0.0175014322058078,0.2408973605136724,0.9381258350375148,0.0052636425128149,0.0300782313476536,0.5784655030382783,0.0557514233906688,0.4243623042033346,0.4530356048586297,0.596545041302369,0.0815718905198893,0.1391055450812517,0.6821969858563158,0.7008963390283919,0.6438637869407902,0.6949169914146034,0.7108529690550618,0.2408973605136725,0.7810573145259652,0.0386374231194722,0.6306350897310027,0.094756621138357,0.6500267418438754,0.1821878080754349,0.3376970195488775,0.6746450912695947,0.6838614092123558,0.1656924547862627,0.8975209171426044,0.1536263601745971,0.6951373592617492,0.0026253683388932,5.6477605063708036e-08,0.0300782313476536,0.6543146267854097,0.1411150858546023,0.3649978699042723,4.25361084049356e-11,0.6858407898802376,0.6719766421960617,0.5944465431093279,0.0557514233906687,0.6527102025583313,0.0755164447708281,0.136660720585014,0.6176663699891222,0.240897360513672,0.9177516893294976,0.5100155144987271,0.664706752727463,0.4111219792623757,0.6510695059086279,0.0013400149139879,0.5896234166330214,0.0001947739483418,0.6931732896942494,0.3090223730117027,0.6838614092123558,0.4071577614941937,0.0246776425618348,0.1274783432619183,0.4455879509211035,0.6838614092123558,0.2148029853409865,0.5120494361959224,0.5477501057550505,0.055751423390669,0.055751423390669,0.6792071860269819,0.6824657992026212
0.39,0.2624928572561117,0.5288723024082304,0.0877160864204297,0.6440408550962785,0.2017520511898672,0.1164313547950699,0.5318426285891482,0.6653791287068048,1.8246887917180117e-05,0.6248066063217601,0.6770568744981647,0.1609388255657625,0.2057223894065889,0.6838397890159695,0.0658008852653431,0.723785474111244,0.6407554889286362,0.5052728005637696,0.0366525507081188,0.5572504730109464,0.2624928572561116,0.59009333689239,0.6496485955392632,0.5146558644462287,0.6770568744981647,0.2624928572561117,0.0491845697833509,0.1763092247278792,0.2385814157474259,0.6768941734589984,0.0182481247518495,0.2624928572561117,0.9243414200196473,0.0060238419679129,0.0366525507081188,0.5729257887453136,0.0658008852653429,0.4211855982850603,0.4488361764417766,0.5910827773286125,0.0808916687267862,0.1462016288946282,0.6704012045291533,0.6942025944991026,0.6365362484424235,0.6873429078695541,0.7151133776361485,0.262492857256112,0.8243756638617176,0.0378069358916893,0.6244185757873795,0.096391075032525,0.6046373214315487,0.2017171507529139,0.3346787942242141,0.6659408766116444,0.6770568744981647,0.1649604239729546,0.917280953412215,0.1558552908326209,0.6882124354960195,0.0028065316473724,5.7959986282364455e-08,0.0366525507081188,0.6482031749309165,0.1303602178448328,0.3952080967663918,5.4399770933553394e-11,0.6793739207302215,0.6646774980844651,0.589015047539977,0.0658008852653426,0.6415931360845877,0.0877160864204297,0.1537465170959092,0.6312506724939216,0.2624928572561117,0.9222921450097872,0.5065895873931939,0.6578840935177626,0.4219159943852683,0.6429068940137268,0.0014213454085759,0.5836516741073311,0.0002181548732299,0.6300280663161889,0.3069508235656614,0.6770568744981647,0.3864145831407435,0.0261871408673978,0.1379377697307619,0.438481048945558,0.6770568744981647,0.2121432298526503,0.5318426285891482,0.5487741111971021,0.0658008852653429,0.065800885265343,0.6689185138637754,0.6756768881789325
0.4,0.2848978568792742,0.526874549261397,0.1012186863916823,0.6288816172011283,0.2079213119465111,0.1323119169105026,0.5513120918040724,0.6587039139080085,1.8706211783139986e-05,0.6182043517474408,0.6703200460356393,0.1580655118042028,0.2211931571341745,0.6754438979566785,0.0771019968680003,0.7124549404698381,0.6335207572542327,0.4997648911010017,0.0442836053476705,0.5272481003513015,0.2848978568792745,0.5845990211704261,0.641359563782297,0.5097328383626474,0.6703200460356393,0.2848978568792739,0.0585214672130152,0.1755014196662493,0.2351556402199184,0.6701788113646459,0.0190016642626383,0.2848978568792742,0.9102564420531616,0.0068621683916203,0.0442836053476705,0.5675273930176414,0.0771019968680001,0.4180326726611036,0.4447018437037898,0.5856705285685504,0.0802171197194198,0.1533568226416964,0.6589074851623092,0.6875428519743759,0.6293798533400851,0.6798559274650329,0.7189263425875543,0.2848978568792745,0.8682832198583366,0.0372710337253479,0.6183002742932011,0.0979892549539641,0.5621543919840606,0.2223140736507479,0.3316914695163337,0.6574104906756167,0.6703200460356393,0.1642316272786192,0.9355020928918394,0.158019715826687,0.6813456734781063,0.0029942824569586,5.944216922541164e-08,0.0442836053476706,0.6421186952768742,0.1206518523605795,0.4261599398098997,6.911624361776473e-11,0.6729553114814794,0.6574697379598954,0.5836331798883284,0.0771019968679996,0.6308136479958365,0.1012186863916823,0.1720607680907026,0.6443341650377296,0.2848978568792739,0.9260557460510384,0.5034229710488485,0.6511631563951714,0.4324242401460497,0.6349607888628487,0.0015592299103517,0.577764348009209,0.0002435403060109,0.5723481042639604,0.3048984057197731,0.6703200460356393,0.3670307079927327,0.0277342374547959,0.1487755971956136,0.4318540250548829,0.6703200460356392,0.2095704055609832,0.5513120918040724,0.5498765945419051,0.0771019968680002,0.0771019968680002,0.6588688070023836,0.6689554931582687
0.41,0.3080574817615669,0.5246841277076787,0.1160718636894735,0.6142505205747767,0.2140114536837511,0.1495148404737597,0.5704234024418376,0.6521111226629219,1.9165112395515906e-05,0.6117335075699003,0.6636502501363194,0.1547595982852729,0.2370850779206691,0.6671772452834736,0.089724863744523,0.7013297531124522,0.6264341315862638,0.4944454772550414,0.053070355195692,0.4987946119151659,0.3080574817615674,0.5791744944966355,0.6332662532498016,0.5048584507570013,0.6636502501363194,0.3080574817615668,0.0691103843087529,0.1746973157667032,0.2325611374366865,0.6635273714167196,0.0197615953221642,0.3080574817615669,0.8959229720213783,0.0077830270505354,0.053070355195692,0.5622549772592527,0.0897248637445227,0.41490334931612,0.4406289405996261,0.5803078370579369,0.0795481962245355,0.1605607676350777,0.6477066464757447,0.6809195447224013,0.6223842992059254,0.6724550023026461,0.7223079133898386,0.3080574817615674,0.9122934676542088,0.0369868482404422,0.6122729905687865,0.0995516742539808,0.5224361891695897,0.2439441770091198,0.3287347071751582,0.649048581006115,0.6636502501363194,0.1635060504148884,0.9521276885531912,0.1601207542861106,0.6745383216216523,0.0031886072640641,6.092415391272302e-08,0.0530703551956921,0.6360648343319719,0.1119121950557146,0.4577224386916976,8.726658748117859e-11,0.6665851430677058,0.6503525887290279,0.578300486700967,0.0897248637445222,0.6203583358918456,0.1160718636894735,0.191595929013787,0.6569062606706596,0.3080574817615668,0.9290166690542914,0.5005073488150049,0.6445392777419789,0.4426403847925049,0.6272200006047007,0.0017517222245386,0.5719591240118623,0.0002710311356165,0.5198417346925425,0.3028653382398477,0.6636502501363194,0.3490340194619249,0.0293177176101283,0.1599743496626456,0.4256559939335222,0.6636502501363193,0.2070846959838578,0.5704234024418376,0.5510462786593153,0.0897248637445227,0.089724863744523,0.6490513483078375,0.6623010246442576
0.42,0.3319126075953578,0.5223100441135424,0.1323149452563509,0.6001272548970557,0.2200179752627974,0.1680520275905181,0.5891445391704662,0.6455979648327375,1.962359004505921e-05,0.6053859788251049,0.6570468198150567,0.1510733744310367,0.2533638179900195,0.6590373575762266,0.1037330721514041,0.690405972923015,0.6194875618835838,0.4892958577674839,0.0631104685754898,0.4718554154077723,0.3319126075953581,0.573816524475163,0.6253607288466028,0.50003221439531,0.6570468198150567,0.3319126075953572,0.081034550885297,0.173896896071436,0.2307869913187303,0.656939676127919,0.0205274734631338,0.3319126075953578,0.8813891666800417,0.0087907653301545,0.0631104685754898,0.5570952703605976,0.1037330721514037,0.4117974515673587,0.4366143338094381,0.5749942490258751,0.0788848513645116,0.1678032912000403,0.6367898006528815,0.6743348532387698,0.6155401502422074,0.6651390975352446,0.7252736793608536,0.3319126075953581,0.9559123863634944,0.036917706767072,0.6063305658617648,0.1010788400446648,0.4853409939490123,0.2665661092104046,0.3258081727598024,0.6408500124605561,0.6570468198150567,0.1627836791565207,0.9671143840674812,0.1621595088322797,0.6677913404923185,0.0033894872242425,6.240594036417016e-08,0.0631104685754898,0.6300447759734557,0.1040703243949256,0.4897593996593763,1.0952961042012289e-10,0.6602635664461807,0.6433252241660145,0.5730165186677101,0.1037330721514034,0.6102143670528741,0.1323149452563509,0.2123358099445406,0.6689582247386752,0.3319126075953572,0.9311557361530112,0.4978341916474269,0.6380082228757277,0.4525589677165865,0.6196739936213123,0.0019984780999045,0.5662338659770925,0.0003007290379892,0.472200967595913,0.3008518443018205,0.6570468198150567,0.3324411666069052,0.030936343379067,0.1715152275128098,0.4198416506549184,0.6570468198150567,0.2046862315381802,0.5891445391704662,0.5522722280269121,0.103733072151404,0.103733072151404,0.6394596107624246,0.6557128800137321
0.43,0.3564003539037366,0.5197621302780775,0.1499782080301925,0.586492305293363,0.2259366959671672,0.1879259676521507,0.6074458548052946,0.6391618779326721,2.008164502234399e-05,0.5991544782515126,0.6505090947233165,0.1470581954134588,0.269993697722477,0.6510218164208008,0.1191825626365785,0.6796797378104997,0.6126737009279393,0.484299587875741,0.0744988081032513,0.4463918716392531,0.3564003539037372,0.5685222031048648,0.6176354377890122,0.4952536469525098,0.6505090947233165,0.3564003539037366,0.0943717327201338,0.1731001437003388,0.2298239002146003,0.6504154762927853,0.0212988649673956,0.3564003539037366,0.866699508988262,0.0098896507308029,0.0744988081032513,0.5520367923690346,0.1191825626365785,0.4087148040546864,0.4326553225261672,0.5697293148564211,0.0782270386540814,0.1750744246735668,0.6261483438398402,0.6677907265784139,0.6088387579231227,0.6579071912002868,0.7278387815865277,0.3564003539037368,0.998648811506346,0.0370321648851507,0.6004677231577116,0.1025712532690627,0.4507284181182406,0.2901319325324033,0.3229115355951925,0.63280985658162,0.6505090947233165,0.1620644993411215,0.9804318532383104,0.1641370658032327,0.6611054460808767,0.0035968983609606,6.38875285996229e-08,0.0744988081032516,0.6240612857684539,0.0970615847321748,0.522130926683841,1.3669493018689328e-10,0.653990704198714,0.6363867673301381,0.5677808305837503,0.1191825626365784,0.6003694538821067,0.1499782080301925,0.2342556428665767,0.6804830895256239,0.3564003539037366,0.9324600438333388,0.4953947873964994,0.6315661418156986,0.4621753496875673,0.6123128545056131,0.0023004358541112,0.5605865863377014,0.0003327363155976,0.4291095824534374,0.2988581502991723,0.6505090947233165,0.3172589716854195,0.0325888550235308,0.1833782304490046,0.4143706594162514,0.6505090947233165,0.2023750871481379,0.6074458548052946,0.5535438611485342,0.1191825626365788,0.1191825626365785,0.6300872523269692,0.6491904467733582
0.44,0.3814545840663032,0.5170507567993051,0.1690822336108922,0.5733269210831787,0.2317637422134415,0.2091295173381863,0.6253000396758501,0.6328005110881224,2.053927761776714e-05,0.5930324333118167,0.6440364210831414,0.1427639148298168,0.286937914462568,0.6431282570785937,0.1361205864284677,0.6691472611935054,0.6059858352742036,0.4794421942497237,0.0873258796179465,0.4223621531985155,0.381454584066304,0.5632889129933064,0.6100831907510728,0.4905222709628804,0.6440364210831414,0.3814545840663035,0.1091928740776377,0.1723070418506436,0.2296638314391608,0.6439544634619324,0.0220753466695326,0.3814545840663032,0.8518950348248647,0.0110838492781441,0.0873258796179465,0.5470696149756464,0.1361205864284675,0.4056552327306871,0.4287495592590533,0.5645125890505389,0.0775747119970806,0.1823644193951751,0.6157739469532194,0.66128890191856,0.6022721892837036,0.6507582740553659,0.7300179245595829,0.3814545840663045,1.040024305637966,0.0373032226781391,0.5946799351803271,0.1040294087705989,0.418460462558477,0.3145875409045806,0.3200444687291789,0.6249233815664371,0.6440364210831414,0.1613484968688661,0.9920623838358896,0.1660544954753261,0.6544811467482581,0.00381081176902,6.536891863894935e-08,0.0873258796179469,0.6181167528541694,0.0908270292888603,0.554694936511131,1.6967733302132922e-10,0.6477666520503743,0.629536294144117,0.562592981312145,0.1361205864284665,0.5908118304096259,0.1690822336108922,0.2573222410511754,0.6914755665720969,0.3814545840663035,0.93292257218171,0.4931802693009961,0.6252095296639341,0.4714856653035106,0.6051272603857358,0.0026595675117008,0.5550154218050078,0.0003671557385754,0.3902497071839387,0.2968844846280234,0.6440364210831414,0.303485695064956,0.034273973091937,0.1955422814974052,0.409207109113091,0.6440364210831413,0.2001512801512855,0.6253000396758501,0.5548509607224057,0.1361205864284675,0.1361205864284681,0.6209281109342076,0.6427331053814074
0.45,0.4070064093277373,0.5141866038969786,0.1896373842143508,0.5606130857570478,0.2374955347129054,0.2316457958265913,0.6426820774055286,0.6265117086232589,2.099648812154851e-05,0.5870139049896401,0.6376281516217733,0.1382384177155677,0.3041587606497193,0.6353543671897071,0.1545847627589226,0.6588048305147128,0.5994178232489876,0.4747109278261622,0.1016762747936883,0.3997219902939534,0.4070064093277376,0.558114296919513,0.6026971439341802,0.4858376137709724,0.6376281516217733,0.407006409327737,0.1255607965216701,0.1715175737965684,0.2302996636879631,0.6375562804294683,0.0228565057635757,0.4070064093277373,0.8370135468384919,0.0123774044836908,0.1016762747936883,0.5421851538940168,0.1545847627589216,0.4026185648508345,0.4248949868524575,0.5593436301884036,0.0769278256832228,0.1896637608195245,0.6056585467864061,0.6548309225011526,0.5958331620844624,0.6436913494158738,0.7318253875330781,0.4070064093277376,1.0795822772049082,0.0377076788448091,0.5889633115233737,0.1054537953617517,0.3884023746825562,0.3398731221544747,0.3172066488901413,0.6171860427958796,0.6376281516217733,0.1606356577022226,1.0020003291231006,0.1679128522820283,0.647918774769268,0.0040311938127376,6.685011050201575e-08,0.1016762747936887,0.6122132289414164,0.085312908981895,0.5873086347211891,2.0953250977630238e-10,0.6415914803105085,0.6227728376761255,0.5574525337466474,0.1545847627589208,0.5815302298120132,0.1896373842143508,0.2814942447747093,0.7019319575847627,0.407006409327737,0.9325417809077864,0.4911816436096773,0.6189351911188643,0.4804867775738582,0.5981084478538516,0.0030786834915132,0.549518613531818,0.000404090387665,0.3553070726446445,0.2949310764573357,0.6376281516217733,0.291112166609166,0.0359904007954115,0.2079853511391923,0.4043190284519423,0.6376281516217732,0.1980147684950152,0.6426820774055286,0.5561836817365322,0.1545847627589215,0.1545847627589219,0.611976199611016,0.63634023166754
0.46,0.4329846917126865,0.511180479225115,0.2116434060902035,0.5483334881337375,0.2431287760703572,0.2554481933550013,0.6595691941351782,0.6202934937662977,2.145327682373096e-05,0.5810935167413112,0.631283645506926,0.1335272471484485,0.3216178360182421,0.6276978855088786,0.1746022528206803,0.648648805784621,0.5929640392567418,0.4700945491795599,0.1176271383337023,0.3784253164446644,0.4329846917126869,0.5529962304294422,0.5954707820153475,0.4811992074830299,0.631283645506926,0.4329846917126864,0.1435289786081263,0.1707317228889645,0.2317248261815592,0.6312205300426539,0.0236419396127926,0.4329846917126865,0.8220898161387572,0.013774216980346,0.1176271383337023,0.5373759888696596,0.1746022528206794,0.3996046289637396,0.4210897880949684,0.5542220008920508,0.0762863343848998,0.1969631808740351,0.5957943374046886,0.6484181540900585,0.5895149861613751,0.6367054329947709,0.7332750355955059,0.4329846917126866,1.1168961359837049,0.0382255906658702,0.5833145022554413,0.1068448958919916,0.360423329527735,0.3659236572379045,0.3143977564450774,0.6095934738896873,0.631283645506926,0.1599259678656775,1.0102514497919497,0.169713175029876,0.6414185132650495,0.004258006318998,6.833110420868667e-08,0.1176271383337024,0.606352464251276,0.0804702033949039,0.6198299325944286,2.5747425299520363e-10,0.6354652352402812,0.6160953927957267,0.552359054774878,0.1746022528206789,0.572513862903652,0.2116434060902035,0.3067224467070885,0.7118500647317206,0.4329846917126864,0.9313211977747246,0.4893898162656943,0.6127402086899527,0.4891762345490963,0.5912481826942859,0.0035612778562251,0.5440944909908053,0.0004436434991904,0.3239751196895577,0.2929981544914594,0.631283645506926,0.2801227932640515,0.0377368265080157,0.2206845807331632,0.3996779540960269,0.6312836455069258,0.1959654492151756,0.6595691941351782,0.5575325576581734,0.1746022528206795,0.1746022528206802,0.603225701726307,0.6300111988889066
0.47,0.4593165412337706,0.5080431740743172,0.2350891641057114,0.5364714946511673,0.2486604388067664,0.2805004895784169,0.675940802133204,0.6141440528183181,2.190964401418049e-05,0.5752663922214974,0.6250022682827008,0.1286733168665691,0.339276252782923,0.620156600673322,0.1961890634055288,0.6386756181539924,0.586619323733872,0.4655831418802146,0.1352466900850127,0.35842482539171,0.4593165412337704,0.5479327971767041,0.5883979019314979,0.4766065889189056,0.6250022682827008,0.4593165412337701,0.1631404390285042,0.1699494725549654,0.2339329421420418,0.6249467825962933,0.0244312555625075,0.4593165412337706,0.8071557724970552,0.015278024947248,0.1352466900850127,0.5326357076319179,0.196189063405528,0.3966132549014698,0.4173323451664817,0.5491472677883664,0.0756501931540091,0.204253668678256,0.5861737618198083,0.6420518000668347,0.5833115103429978,0.6297995527444359,0.7343803304740194,0.4593165412337706,1.151576324376575,0.0388398172308312,0.5777306156894497,0.1082031873149904,0.3343969569304534,0.3926694490598134,0.3116174753581721,0.6021414782553576,0.6250022682827008,0.1592194134454608,1.0168321680737755,0.1714564871116286,0.6349804191980682,0.0044912067652855,6.981189977882482e-08,0.1352466900850125,0.6005359403579447,0.0762541904986012,0.6521187874211283,3.148931998503307e-10,0.6293879403507281,0.6095029209685601,0.5473121152418327,0.1961890634055275,0.563752397557707,0.2350891641057114,0.3329501896090752,0.7212291010129794,0.4593165412337701,0.929269004390628,0.4877956186003799,0.6066219142268645,0.4975522279165317,0.584538730554651,0.0041114041926067,0.538741458939622,0.0004859183123023,0.2959581229611548,0.2910859457320225,0.6250022682827008,0.2704964528298065,0.0395119262843806,0.2336164044717815,0.3952585460499666,0.6250022682827007,0.194003157187929,0.675940802133204,0.5588885048739107,0.1961890634055277,0.1961890634055281,0.5946709663615014,0.6237453794625274
0.48,0.4859278032481334,0.5047853508993481,0.2599525088043651,0.5250111227465489,0.2540877537928354,0.3067570766594332,0.6917784386525725,0.6080617200251374,2.236558998258633e-05,0.5695281006031437,0.6187833918061408,0.1237167018332174,0.3570948328865742,0.6127283500016543,0.2193494904658592,0.6288817685144357,0.5803789381631657,0.4611679499698117,0.1545928310977509,0.339672449414273,0.485927803248133,0.5429222667468109,0.5814725974592531,0.4720592995644609,0.6187833918061408,0.4859278032481336,0.184426743301682,0.1691708062976376,0.2369174830787486,0.6187345820343642,0.0252240707559064,0.4859278032481334,0.7922406836889847,0.0168923854272156,0.1545928310977509,0.5279587705955472,0.219349490465858,0.3936442737699417,0.4136212068213957,0.5441190014724173,0.0750193574188066,0.2115264797355353,0.5767895039348583,0.6357329152781267,0.577217074380916,0.622972748700568,0.7351543410722149,0.4859278032481339,1.1832761149081086,0.0395356297004576,0.5722091483164611,0.1095291407551075,0.3102017352485516,0.4200366736980177,0.3088654931498391,0.5948260211007781,0.6187833918061408,0.158515980589274,1.0217687545354388,0.1731437967166557,0.6286044430043312,0.0047307484628023,7.12924972322912e-08,0.1545928310977507,0.5947649000164614,0.0726240520116699,0.6840384517636162,3.833772071273263e-10,0.6233595976350865,0.6029943550248895,0.5423112899137235,0.2193494904658569,0.5552359390165715,0.2599525088043651,0.3601138284535222,0.7300696012993573,0.4859278032481336,0.9263976236778192,0.4863898319935494,0.6005778634169991,0.5056135534841594,0.5779728286625156,0.0047335745405959,0.5334579869398987,0.0005310179187279,0.27097348127516,0.289194674245887,0.6187833918061408,0.2622072838989773,0.041314366333201,0.2467566691926122,0.3910382451217759,0.6187833918061408,0.1921276641453737,0.6917784386525725,0.5602428255270907,0.2193494904658585,0.2193494904658585,0.5863065038005467,0.6175421464132427
0.49,0.5127435322850774,0.5014174563701673,0.286200274978717,0.5139370152829075,0.2594081990808901,0.3341632807171223,0.7070657008187737,0.6020449633087502,2.282111501846108e-05,0.5638746084826831,0.6126263941844161,0.1186944984734695,0.3750342965360869,0.6054110183231048,0.2440757099664924,0.6192638261265737,0.5742385246242006,0.4568412362564724,0.1757118606549632,0.3221197681680046,0.5127435322850764,0.5379630747271297,0.5746892445515861,0.4675568855244482,0.6126263941844161,0.5127435322850774,0.207407151274297,0.1683957076956321,0.2406714393429928,0.6125834511472978,0.0260200119527854,0.5127435322850774,0.7773713245758388,0.0186206566290003,0.1757118606549632,0.5233403935475476,0.2440757099664915,0.3906975179393848,0.4099550616931636,0.5391367764711159,0.0743937829807854,0.2187731437016455,0.5676344807507373,0.6294624187382196,0.5712264653971807,0.6162240728281171,0.7356097537487429,0.5127435322850779,1.211696113407021,0.0403003766927831,0.5667479251727661,0.1108232215731627,0.2877212701907228,0.4479479471258116,0.3061415008562325,0.5876432218825092,0.6126263941844161,0.157815655506018,1.0250964666047009,0.1747760970385927,0.6222904453531471,0.0049765807347776,7.277289658894507e-08,0.1757118606549618,0.589040374119323,0.0695425115537107,0.7154566200275095,4.6473344554517515e-10,0.6173801887389277,0.5965686037890447,0.5373561574421505,0.2440757099664907,0.5469550110533175,0.286200274978717,0.388143248729558,0.7383733345470348,0.5127435322850774,0.9227233127422536,0.4851632114669839,0.5946058129414176,0.513359573477471,0.5715436586569931,0.0054326755962102,0.52824260097956,0.0005790451152454,0.2487533095337007,0.2873245599455915,0.6126263941844161,0.2552253817329806,0.0431428054119432,0.2600807514434404,0.3869969678642681,0.612626394184416,0.1903386779449942,0.7070657008187737,0.5615872088902131,0.2440757099664922,0.2440757099664926,0.5781269811365328,0.611400874574259
0.5,0.5396884491268757,0.4979496551831083,0.3137884086900885,0.5032344159808563,0.2646194891228814,0.3626557741564367,0.7217881772619347,0.5960923709512218,2.327621941114072e-05,0.5583022375059054,0.6065306597126334,0.1136407463290049,0.3930554413937172,0.5982025368362244,0.2703475205171189,0.6098184272752531,0.5681940694115251,0.4525961586122704,0.1986373287058777,0.3057183562012269,0.5396884491268764,0.5330538048060016,0.5680424873946055,0.4630988974758677,0.6065306597126334,0.5396884491268762,0.2320879195837802,0.1676241604028388,0.2451870114883156,0.6064928959242255,0.0268187153511983,0.5396884491268757,0.7625721364899127,0.0204659812954643,0.1986373287058777,0.5187764459252736,0.2703475205171185,0.3877728210348776,0.4063327164719185,0.5342001712072182,0.0737734260115794,0.225985470829395,0.5587018348256763,0.6232411052815132,0.5653348784036718,0.6095525888692086,0.7357588823428844,0.5396884491268765,1.2365874528930818,0.0411231958122808,0.5613450491445334,0.1120858894315005,0.2668444754880837,0.4763229008778109,0.3034451929892205,0.5805893471634146,0.6065306597126334,0.1571184244655229,1.0268586562496058,0.176354366480299,0.6160382114528906,0.0052286490900697,7.425309786864383e-08,0.1986373287058785,0.5833632059634953,0.0669755029791046,0.746246463457536,5.610123016230846e-10,0.6114496760714465,0.5902245564950525,0.5324463003286005,0.270347520517119,0.5389005379473395,0.3137884086900885,0.4169624324878645,0.7461432176177686,0.5396884491268762,0.9182657643150632,0.4841065081864144,0.5887037000115456,0.5207901805767938,0.5652448205780761,0.0062138978033557,0.5230938768185303,0.0006301022590887,0.2290454522024756,0.2854758173883662,0.6065306597126334,0.2495174094891508,0.0449958971241331,0.273563671272293,0.3831168349001131,0.6065306597126333,0.1886358420826282,0.7217881772619347,0.5629137314011221,0.2703475205171189,0.2703475205171192,0.5701272179920125,0.6053209415744365
0.51,0.5666873783720803,0.4943917807228347,0.3426622177527992,0.4928891458161005,0.2697195643626285,0.3921630705022425,0.735933377140654,0.590202639275979,2.373090344978481e-05,0.552807626972362,0.6004955788122659,0.1085864030799797,0.4111193119203916,0.5911008819963295,0.298132239463303,0.6005422739512594,0.5622418703021512,0.4484266618622963,0.2233890450472208,0.2904200764388401,0.5666873783720792,0.5281931727050914,0.5615272251494776,0.458684890621798,0.6004955788122659,0.5666873783720788,0.2584617699551315,0.1668561481480411,0.2504553261317319,0.6004624091947709,0.0276198264119612,0.5666873783720803,0.7478653774575862,0.0224312712078214,0.2233890450472208,0.514263362612265,0.298132239463303,0.3848700179269532,0.4027530779840971,0.529308767963652,0.0731582430498936,0.2331555571828989,0.5499849269795908,0.6170696562517215,0.5595378804941301,0.6029573721930441,0.7356136779530795,0.5666873783720795,1.2577537038588746,0.0419947643535824,0.5559988579194561,0.1133175983583556,0.247465670411578,0.5050787605041752,0.3007762674968177,0.5736608038550135,0.6004955788122659,0.156424273798279,1.0271058625281977,0.1778795688561517,0.6098474632599042,0.0054868953921631,7.57331010912432e-08,0.2233890450472197,0.5777340730277194,0.0648918664971046,0.7762875472982628,6.745331760434784e-10,0.6055680038610299,0.5839610869416847,0.527581304889271,0.2981322394633022,0.5310638272389844,0.3426622177527992,0.4464900636264179,0.7533832310656956,0.5666873783720788,0.9130477194318544,0.4832104908551209,0.5828696240380404,0.5279057636254262,0.5590703080353794,0.0070826740191581,0.5180104347383693,0.0006842911264688,0.2116140239649614,0.283648654599456,0.6004955788122659,0.2450471337421362,0.0468722921100854,0.2871802022829455,0.3793819289820876,0.6004955788122659,0.187018735438343,0.735933377140654,0.5642148554836168,0.298132239463304,0.2981322394633031,0.5623021823502252,0.5993017286429961
0.52,0.5936656641412438,0.4907532993679093,0.3727567389996717,0.4828875803447044,0.2747065811907727,0.4226060926677766,0.7494906571442467,0.5843745613355962,2.418516742337651e-05,0.5473877007802133,0.5945205479701944,0.1035593652241999,0.4291873584877941,0.5841040744309454,0.3273847514231038,0.5914321325590167,0.5563785070980782,0.4443273831978497,0.2499722631196468,0.2761773261445583,0.5936656641412432,0.5233800117662469,0.5551385993461857,0.4543144246456913,0.5945205479701944,0.593665664141244,0.2865075308332611,0.1660916547345735,0.2564661792439432,0.5944914736739314,0.0284229996859719,0.5936656641412438,0.7332712637649543,0.0245191928852715,0.2499722631196468,0.5097980674554957,0.3273847514231024,0.381988944722277,0.3992151384138658,0.5244621528481711,0.0725481909984572,0.2402757887100866,0.541477329235318,0.6109486493073444,0.5538313783505158,0.5964375096477486,0.7351857384742625,0.5936656641412433,1.2750515615755311,0.0429070836138582,0.5507078874733995,0.1145187968115254,0.229484607510998,0.5341309210993149,0.298134425724068,0.5668541328215017,0.5945205479701944,0.1557331898951683,1.025894902976784,0.1793526535917094,0.6037178698955107,0.0057512580236574,7.721290627659704e-08,0.2499722631196461,0.5721535064656986,0.06326307038092,0.805466626312547,8.079122680120123e-10,0.5997350991580854,0.5777770573604832,0.5227607612202142,0.327384751423102,0.5234365532294722,0.3727567389996717,0.4766401639854353,0.7600983371898977,0.593665664141244,0.9070945935524658,0.4824659659892653,0.5771018302091732,0.5347071749413895,0.5530144845612012,0.0080446252605185,0.512990935428169,0.0007417127743802,0.1962395695288316,0.2818432719251161,0.5945205479701944,0.2417758927011158,0.0487706401275405,0.3009049775620828,0.3757780795385556,0.5945205479701943,0.1854868722444026,0.7494906571442467,0.5654834272653142,0.3273847514231027,0.3273847514231033,0.5546469864944656,0.5933426212589791
0.53,0.6205495619960334,0.4870432858101483,0.4039972141742168,0.4732166279196559,0.2795789022512417,0.4538988050893873,0.7624511470037393,0.5786070165893419,2.4639011620722768e-05,0.5420396381618914,0.5886049696783552,0.0985845271476218,0.4472215859861181,0.5772101778825166,0.358047705735966,0.582484832649761,0.5506008151088873,0.4402935693375518,0.2783770525296885,0.2629432411711674,0.6205495619960344,0.5186132600314424,0.548871981897432,0.4499870636661313,0.5886049696783552,0.6205495619960335,0.3161899564817519,0.165330664039979,0.2632078090956671,0.5885795645057528,0.029227898644303,0.6205495619960334,0.7188081033432744,0.0267321545288225,0.2783770525296885,0.5053779069476351,0.3580477057359646,0.3791294387543927,0.3957179630674683,0.5196599157583329,0.071943227121004,0.2473388442571532,0.5331728179890439,0.6048785674163226,0.5482115887418901,0.5899920994141371,0.7344863178997215,0.620549561996034,1.288390399767712,0.0438532922489307,0.5454708411351821,0.1156899277413576,0.2128064424328976,0.5633935146618116,0.295519372374378,0.5601660028238553,0.5886049696783552,0.1550451592071984,1.0232879760591926,0.1807745559207787,0.5976490565315248,0.0060216720463462,7.869251344455755e-08,0.2783770525296891,0.5666219085180088,0.0620629562487025,0.8336783171030431,9.640924354745084e-10,0.5939508727879098,0.5716713219848704,0.5179842631628002,0.3580477057359645,0.5160107411938806,0.4039972141742168,0.5073227520032986,0.7662944005968897,0.6205495619960335,0.9004341179033228,0.4818637970713721,0.5713986947793315,0.5411956991681096,0.5470720611396581,0.0091055116729411,0.5080340767832102,0.000802467405847,0.1827189219018543,0.2800598609202619,0.5886049696783552,0.2396630049357816,0.0506895920219446,0.3147125911459769,0.3722926708091638,0.5886049696783552,0.18403970226435,0.7624511470037393,0.5667126732982355,0.3580477057359661,0.3580477057359666,0.5471568830529215,0.587443009669375
0.54,0.6472666055312936,0.4832704072325799,0.4362996650617654,0.4638637087636792,0.2843350870883461,0.4859488998480048,0.7748076739898662,0.572898961535299,2.509243633045433e-05,0.5367608477363376,0.5827482523739896,0.0936838718350914,0.4651846917547538,0.57041729817769,0.3900518569809631,0.5736972656796805,0.544905861274437,0.4363210039075488,0.3085778704806725,0.2506718636782792,0.647266605531293,0.5138919486689815,0.5427229637024962,0.4457023761920497,0.5827482523739896,0.6472666055312923,0.3474597243839524,0.1645731600156702,0.270666700447886,0.582726151386411,0.0300341955110285,0.6472666055312936,0.7044924214254695,0.0290722942478766,0.3085778704806725,0.5010005927255629,0.3900518569809619,0.3762913385745379,0.3922606802058015,0.5149016503467975,0.0713433090392752,0.2543376976040353,0.5250653674024447,0.5988598071067496,0.5426750117267399,0.5836202508613799,0.7335263353930683,0.647266605531294,1.297730802328374,0.0448275048441756,0.5402865634071748,0.1168314286530596,0.1973416562688733,0.592779964532547,0.2929308154712895,0.5535932047837944,0.5827482523739896,0.1543601682452363,1.0193517851904894,0.1821461970799161,0.5916406119667088,0.0062980693569813,8.017192261497504e-08,0.3085778704806719,0.5611395680375812,0.0612675060637279,0.86082564771478,1.1463752212197263e-09,0.5882152202562357,0.5656427303187953,0.5132514082694968,0.3900518569809619,0.5087787522763518,0.4362996650617654,0.5384445159671413,0.7719781114682842,0.6472666055312923,0.893095997444763,0.4813949225839815,0.5657587118890789,0.5473730236017179,0.5412380748934327,0.0102711873498607,0.5031385914304881,0.0008666542387445,0.17086482688556,0.2782986032753644,0.5827482523739896,0.2386661258114508,0.0526278015880041,0.3285776947523608,0.3689144709919639,0.5827482523739896,0.1826766111721485,0.7748076739898662,0.567896196380639,0.3900518569809622,0.3900518569809627,0.5398272611463611,0.5816022892967847
0.55,0.6737459464642421,0.4794429145809973,0.4695715574798787,0.4548167348646454,0.2889738831239371,0.518658526760476,0.786554686828088,0.5672494212494813,2.554544184102589e-05,0.5315489444678797,0.5769498103804866,0.0888765870299457,0.4830401927542638,0.5637235822224793,0.4233165406544861,0.5650663837925333,0.5392909226589055,0.4324059437226323,0.340533338304795,0.239318277930711,0.673745946464243,0.509215191613123,0.5366873438123423,0.4414599350783932,0.5769498103804866,0.6737459464642441,0.3802536086327382,0.1638191266865901,0.278827420991878,0.5769307003345439,0.0308415710987425,0.6737459464642421,0.690339078900337,0.0315414695983219,0.340533338304795,0.4966641517161268,0.4233165406544845,0.3734744839425292,0.3888424725667233,0.5101869539869439,0.0707483947300488,0.2612656185955873,0.5171491430093769,0.5928926860349155,0.5372184062988483,0.5773210844045377,0.7323163841357748,0.6737459464642438,1.3030822007893177,0.0458246724316046,0.5351540178359334,0.117943731668336,0.1830059395933826,0.622203522659067,0.2903684663206911,0.5471326463486754,0.5769498103804866,0.1536782035797439,1.0141566932037982,0.183468484500398,0.5856920950842084,0.0065803788388136,8.165113380769818e-08,0.3405333383047962,0.5557066743124367,0.0608546291511045,0.8868204867980356,1.358455134869863e-09,0.5825280226099422,0.5596901301105246,0.5085617977699599,0.4233165406544837,0.5017332690380203,0.4695715574798787,0.5699094942580042,0.7771569116855054,0.6737459464642441,0.8851115865250077,0.4810503729304966,0.5601804817568474,0.5532412099349866,0.5355078689018642,0.0115475580051481,0.4983032448272356,0.0009343713783189,0.1605053910991964,0.2765596697867809,0.5769498103804866,0.2387415582144401,0.0545839273252066,0.3424750895570549,0.3656334801048481,0.5769498103804866,0.1813969211202892,0.786554686828088,0.5690279705720567,0.4233165406544852,0.4233165406544861,0.5326536426361159,0.5758198610545844
0.56,0.6999186673840816,0.4755686394847748,0.5037125429952116,0.4460640906612346,0.2934942169543639,0.5519250574464943,0.7976881794161867,0.561657481776504,2.5998028440716203e-05,0.5264017291767596,0.5712090638488149,0.0841792012338812,0.5007525419799865,0.5571272170226446,0.4577502742963676,0.556589198626262,0.5337534670752938,0.4285450628298044,0.3741862253318965,0.2288387182819674,0.6999186673840827,0.5045821762967617,0.5307611191286302,0.4372593174822399,0.5712090638488149,0.6999186673840808,0.4144948240504362,0.1630685481508756,0.2876724905172029,0.5711926751658465,0.0316497146467312,0.6999186673840816,0.6763613837678822,0.0341412484514695,0.3741862253318965,0.4923668829157883,0.4577502742963651,0.3706787158177144,0.3854625702735699,0.5055154277388011,0.0701584425221912,0.2681161734389368,0.5094184955301091,0.5869774499269408,0.531838768243034,0.5710937313639424,0.7308667399556082,0.6999186673840834,1.3044997553634436,0.0468404621270018,0.530072268327829,0.1190272635863631,0.1697200461701107,0.6515777859382377,0.2878320394734612,0.5407813467395627,0.5712090638488149,0.1529992518405153,1.007775914569251,0.1847423119976886,0.5798030403523675,0.0068685265090048,8.313014704257375e-08,0.374186225331897,0.5503233293565305,0.0608039676653159,0.9115838561751604,1.6044562805407954e-09,0.5768891472552723,0.553812370042032,0.5039150365374353,0.4577502742963645,0.4948672816294278,0.5037125429952116,0.6016197554267415,0.7818389239251066,0.6999186673840808,0.876513582978688,0.4808212862546885,0.5546627000990546,0.5588026673601282,0.5298770731182332,0.0129405407888757,0.4935268338056366,0.001005715693511,0.1514834015407857,0.2748432193743162,0.5712090638488149,0.2398445235364572,0.0565566340905794,0.3563798128448686,0.362440794515121,0.5712090638488148,0.1801998914857904,0.7976881794161867,0.570102335487293,0.4577502742963648,0.457750274296366,0.5256316784698638,0.5700951315850038
0.5700000000000001,0.7257180666380636,0.4716549956461534,0.5386152667126038,0.4375946144877848,0.2978951859572611,0.5856418735438157,0.8082056146888761,0.55612228331197,2.6450196417628147e-05,0.5213171702933941,0.5655254386995371,0.0796057345266789,0.5182872341910384,0.5506264287286391,0.493251472833173,0.5482627801431255,0.5282911356243614,0.4247354033294177,0.4094636384989636,0.2191906529906939,0.7257180666380633,0.4999921553679864,0.5249404746106116,0.4331001048193589,0.5655254386995371,0.7257180666380639,0.4500935330901581,0.1623214085795217,0.2971822828098839,0.5655115387198741,0.0324583236617592,0.7257180666380636,0.6625711960772303,0.0368729012042281,0.4094636384989636,0.4881073199255595,0.493251472833172,0.3679038763499934,0.3821202448851724,0.5008866763152918,0.0695734110937345,0.2748832242334987,0.5018679548863718,0.5811142789455821,0.5265333099904277,0.5649373338264024,0.7291873697411727,0.7257180666380626,1.302080622035441,0.0478711534226135,0.525040463391672,0.1200824459441058,0.1574096232348894,0.6808171883891856,0.2853212526885386,0.5345364318658741,0.5655254386995371,0.1523232997164139,1.000284751215423,0.1859685599584417,0.5739729625077239,0.0071624356619971,8.460896233944687e-08,0.4094636384989629,0.5449895588260648,0.0610967190680036,0.9350461319832528,1.888971419531885e-09,0.5712984487357611,0.5480083021475838,0.4993107330554668,0.4932514728331711,0.4881740745604264,0.5386152667126038,0.6334760714295856,0.7860328838044673,0.7257180666380639,0.867335741158938,0.4806989231742044,0.5492041486503786,0.564060126974849,0.5243415863498112,0.014456025756514,0.4888081854598782,0.0010807826971792,0.1436555564797695,0.2731493981494036,0.5655254386995371,0.2419293982914782,0.0585445946522396,0.3702672194104871,0.3593284863145449,0.565525438699537,0.1790847197830812,0.8082056146888761,0.5711139899492963,0.4932514728331738,0.4932514728331739,0.518757145122781,0.5644275134332781
0.58,0.7510799151163875,0.467708983733718,0.5741662291818478,0.429397580748486,0.3021760501984834,0.6196991695393542,0.8181058489360293,0.5506430141149549,2.6901946059688823e-05,0.5162933875887514,0.559898366565402,0.0751678597649675,0.5356109010936123,0.5442194817044882,0.5297092656757441,0.5400842554828893,0.5229017269542526,0.420974332120625,0.4462774124785675,0.2103328471083554,0.7510799151163876,0.495444439292174,0.5192217739651462,0.4289818827212095,0.559898366565402,0.7510799151163874,0.4869475051730707,0.1615776922160483,0.3073349598567045,0.5598867538793084,0.033267103761431,0.7510799151163875,0.6489790267078127,0.039737394332472,0.4462774124785675,0.4838841984794072,0.5297092656757424,0.3651498088709058,0.3788148043890774,0.4963003080487843,0.0689932594689766,0.2815609277963395,0.4944922244106916,0.5753032935295174,0.5212994422839891,0.5588510445082053,0.7272879396476442,0.7510799151163877,1.295959748025712,0.0489135489752454,0.5200578228652949,0.1211096950759839,0.1460050242969877,0.7098374663986071,0.2828358268964143,0.5283951296910169,0.559898366565402,0.1516503339551124,0.9917598764565378,0.1871480955250614,0.5682013605388392,0.0074620270089305,8.608757971816078e-08,0.446277412478568,0.5397053217050846,0.0617154742896759,0.9571471406619037,2.217103556800669e-09,0.565755769471975,0.5422767839769751,0.4947484993849091,0.5297092656757414,0.481647214041724,0.5741662291818478,0.6653785778883985,0.7897480751280253,0.7510799151163874,0.8576126041557262,0.4806746804468665,0.5438036866693445,0.5690166174381136,0.5188975592612345,0.0160998386696663,0.4841461562909854,0.0011596664303001,0.1368916402972591,0.2714783385369012,0.559898366565402,0.2449499211680287,0.0605464911474071,0.3841130576274205,0.3562894959163355,0.559898366565402,0.1780505427328624,0.8181058489360293,0.5720579850752996,0.5297092656757434,0.5297092656757438,0.5120259411316815,0.5588164251690213
0.59,0.7759426849577973,0.4637371989936545,0.6102466903741869,0.4214626827922409,0.306336224629788,0.6539847610897893,0.8273890568462249,0.5452189050891274,2.7353277654649734e-05,0.5113286376479088,0.5543272847345071,0.0708750702793106,0.552691396174902,0.5379046776199837,0.5670044021656341,0.5320508078386189,0.5175831830669385,0.4172595028307757,0.4845246917524092,0.2022254073091362,0.7759426849577974,0.4909383897500728,0.513601550796272,0.4249042409923744,0.5543272847345071,0.7759426849577976,0.5249429160422091,0.1608373833761674,0.3181064375530486,0.5543177844154185,0.0340757685200901,0.7759426849577973,0.6355941303349013,0.0427353852816312,0.4845246917524092,0.4796964283054243,0.5670044021656324,0.3624163578847856,0.3755455889765628,0.491755934857951,0.0684179470156056,0.2881437338419572,0.4872861752436885,0.5695445597485362,0.5161347574837164,0.5528340266198952,0.7251778230986696,0.7759426849577975,1.2863053336892634,0.0499648979916287,0.5151236267477343,0.1221094221728952,0.135441109533955,0.7385560947555501,0.2803754861630428,0.5223547658344178,0.5543272847345071,0.1509803413628317,0.9822786702999656,0.1882817727778582,0.562487721072435,0.007767218813194,8.756599919855708e-08,0.4845246917524093,0.5344705188910653,0.0626440703534833,0.9778361569310108,2.594510139158279e-09,0.5602609404650206,0.5366166805198821,0.4902279511312405,0.5670044021656325,0.4752805358733535,0.6102466903741869,0.6972274158081501,0.7929942682582738,0.7759426849577976,0.8473792552469978,0.4807401035915126,0.5384602433263398,0.5736754418240857,0.5135413783597983,0.0178777049339178,0.4795396315411125,0.0012424593502175,0.1310736686714602,0.2698301584531087,0.5543272847345071,0.2488593747793284,0.0625610164485682,0.3978935401418971,0.3533175364279404,0.554327284734507,0.1770964374761771,0.8273890568462249,0.5729297168654204,0.5670044021656331,0.5670044021656334,0.5054340837198339,0.5532612914642755
0.6,0.8002477504310399,0.4597458409384302,0.6467336037776847,0.4137800164606549,0.31037527156813,0.6883848902056271,0.8360566575152247,0.5398492249725626,2.780419149008676e-05,0.5064213008836357,0.5488116360940264,0.0667348507214744,0.5694978694340029,0.5316803545655968,0.6050102313065597,0.5241596753546286,0.5123335765154415,0.4135888222854655,0.5240886930346608,0.1948298112040176,0.80024775043104,0.4864734137515414,0.5080765001918937,0.4208667735684227,0.5488116360940264,0.8002477504310398,0.5639552729810716,0.1601004664474524,0.3294703817792982,0.5488040956881002,0.0348840393172182,0.8002477504310399,0.6224245929020156,0.045867218681142,0.5240886930346608,0.4755430687466922,0.6050102313065584,0.3597033690599809,0.3723119674674522,0.4872531722149304,0.0678474334418473,0.2946263825721146,0.4802448409132523,0.5638380942144872,0.5110370143578513,0.5468854537328036,0.7228661085892849,0.8002477504310405,1.273314091271568,0.0510228305421076,0.5102372058141348,0.1230820333406018,0.1256570380821358,0.7668926916485833,0.2779399576541637,0.5164127593962808,0.5488116360940264,0.1503133088040835,0.9719186083013172,0.1893704329148265,0.5568315212486006,0.0080779270221939,8.90442208004755e-08,0.5240886930346608,0.5292850007987344,0.0638674563347038,0.9970718115701088,3.027449952129493e-09,0.5548137819656893,0.5310268659081168,0.4857487074121773,0.6050102313065561,0.4690681338564139,0.6467336037776847,0.7289233497720077,0.795781661613271,0.8002477504310398,0.8366710884511213,0.4808868984877019,0.5331728108819512,0.5780401556246398,0.508269650920107,0.0197952145753566,0.4749875246625604,0.0013292522229941,0.1260950251656102,0.2682049605422222,0.5488116360940264,0.2536107458671082,0.0645868754414332,0.411585409183804,0.3504070085114557,0.5488116360940264,0.1762214229230978,0.8360566575152247,0.5737249183580069,0.6050102313065586,0.6050102313065604,0.4989777055101837,0.5477615431361489
0.61,0.8239395614549512,0.4557407245924614,0.6835005689298432,0.4063400642826852,0.3142928934477099,0.7227850192506806,0.8441112416295241,0.5345332760788077,2.825468785340036e-05,0.5015698699125585,0.5433508690744998,0.0627528482129466,0.5860008322993626,0.5255448861895198,0.6435937413315784,0.5164081500461499,0.5071510988517636,0.4099604209595831,0.5648396338025652,0.1881089233863753,0.8239395614549513,0.4820489583917378,0.5026434707262318,0.4168690784742009,0.5433508690744998,0.8239395614549511,0.6038504503644716,0.1593669258890093,0.3413982334228446,0.5433451552241858,0.0356916451882971,0.8239395614549512,0.6094774139051896,0.049132923862567,0.5648396338025652,0.4714233076447262,0.643593741331577,0.3570106892201418,0.3691133342764103,0.4827916391127901,0.0672816787936363,0.3010039017280861,0.4733634120896576,0.558183868584502,0.5060041242215054,0.5410045096473052,0.7203616072945944,0.8239395614549521,1.2572064206625544,0.0520853013362016,0.5053979337382689,0.124027929657486,0.1165960558391289,0.7947693912313697,0.2755289716000331,0.5105666189922363,0.5433508690744998,0.1496492232014119,0.9607567051489057,0.1904149044290765,0.5512322311592806,0.0083940653954238,9.052224454375406e-08,0.5648396338025655,0.5241485740887182,0.0653715716169533,1.014821917282481,3.5228328012181363e-09,0.549414104110993,0.525506224912447,0.4813103908255807,0.6435937413315745,0.4630043487054539,0.6835005689298432,0.7603683582322733,0.7981208262728957,0.8239395614549511,0.8255235978967643,0.4811069419808041,0.5279404385731161,0.582114545852698,0.5030791908050499,0.0218577882287816,0.470488776878087,0.0014201340199124,0.1218596057287669,0.2666028314730712,0.5433508690744998,0.259156867244224,0.0666227862182593,0.4251659965186723,0.347552924584279,0.5433508690744997,0.1754244612256337,0.8441112416295241,0.5744396514113894,0.6435937413315779,0.6435937413315789,0.492653051324777,0.5423166171607539
0.62,0.8469657904025187,0.4517272928727356,0.720418791127622,0.3991336802905351,0.3180889258361593,0.7570706063484907,0.8515565000079734,0.5292703905348958,2.870476703181562e-05,0.4967729391386324,0.5379444375946745,0.0589330414078596,0.6021722130590639,0.519496680856272,0.6826166445292783,0.5087935767402909,0.5020340501997291,0.4063726269217769,0.6066358104498306,0.1820270001928449,0.8469657904025196,0.4776645061842605,0.4972994568577384,0.412910757782543,0.5379444375946745,0.8469657904025187,0.6444858189808227,0.1586367462311483,0.3538592606775595,0.5379404331939632,0.0364983226780977,0.8469657904025187,0.5967585837775067,0.0525322136548934,0.6066358104498306,0.4673364430541891,0.6826166445292783,0.3543381663355705,0.3659491068314868,0.4783709580332873,0.0667206434518097,0.3072716031545833,0.4666372315109216,0.5525818136901108,0.5010341382976649,0.5351903882627846,0.7176728604888455,0.8469657904025197,1.2382216100737256,0.053150541673512,0.5006052204884739,0.1249475072316828,0.1082052817892365,0.8221111827704951,0.2731422612605576,0.5048139389858622,0.5379444375946745,0.1489880715351374,0.9488690132935468,0.1914160032839477,0.5456893159135461,0.008715545628918,9.200007044822897e-08,0.6066358104498317,0.5190610076168423,0.0671432354861139,1.0310632212209825,4.088272061931111e-09,0.5440617075297525,0.5200536542502451,0.4769126274176591,0.6826166445292753,0.4570837574398462,0.720418791127622,0.7914661921144073,0.8000226536593624,0.8469657904025187,0.8139721855974521,0.4813922915208535,0.5227622271332031,0.5859026112004547,0.4979670051401113,0.0240706441628794,0.4660423567985356,0.0015151918181607,0.1182809837813772,0.26502384129762,0.5379444375946745,0.2654505443276458,0.068667481190016,0.4386132780933272,0.3447508413379789,0.5379444375946745,0.1747044593646867,0.8515565000079734,0.5750702981673601,0.6826166445292772,0.6826166445292771,0.4864564750682313,0.5369259566639804
0.63,0.8692774529930467,0.447710629763086,0.7573580376089198,0.3921520754323656,0.3217633307065082,0.7911278554732353,0.8583971536597481,0.5240599269654914,2.915442931238239e-05,0.4920291954078385,0.5325918010068972,0.0552779055062117,0.617985403161084,0.5135341808263143,0.7219364928641141,0.5013133520378675,0.4969808298397865,0.4028239428471187,0.6493248077612714,0.1765496849275616,0.8692774529930473,0.4733195709116117,0.4920415917031115,0.4089914175733991,0.5325918010068972,0.869277452993046,0.6857114518830165,0.157909912075058,0.36682063674834,0.5325894028025363,0.0373038156963593,0.8692774529930467,0.5842731566466323,0.0560644844248028,0.6493248077612714,0.4632818674146424,0.7219364928641111,0.3516856495146389,0.3628187233711743,0.4739907549149244,0.0661642881293245,0.3134250789216595,0.4600617890728565,0.54703182332294,0.4961252361877041,0.5294422934492832,0.7148081467794212,0.8692774529930474,1.2166131560700872,0.0542170184436263,0.4958585067978824,0.125841157257595,0.1004354953317142,0.848846215769653,0.2707795628908264,0.4991523959078034,0.5325918010068972,0.1483298408431017,0.9363301761895272,0.1923745330858351,0.5402022373839684,0.0090422774761658,9.347769853373469e-08,0.6493248077612722,0.5140220376900222,0.0691700471762209,1.0457810928852294,4.732140181344561e-09,0.5387563839188027,0.5146680637195491,0.4725550466514604,0.7219364928641078,0.4513011632334426,0.7573580376089198,0.8221228985433855,0.8014983062432431,0.869277452993046,0.8020519871106495,0.4817351938650709,0.5176373238798644,0.5894085432082736,0.4929302817984716,0.0264387664049236,0.461647260071523,0.0016145107057292,0.1152816053458889,0.2634680428723625,0.5325918010068972,0.2724446687170233,0.0707197081207692,0.451905923453396,0.3419967996650563,0.5325918010068972,0.1740602708411302,0.8583971536597481,0.5756135522475814,0.7219364928641134,0.7219364928641122,0.4803844366931433,0.5315890108937846
0.64,0.8908290042124338,0.4436954740070034,0.7941875801650908,0.3853868035583627,0.3253161899568184,0.8248444352205546,0.8646388854941175,0.5189012675761259,2.9603674981975333e-05,0.4873374096146368,0.5272924240430485,0.0517885716358293,0.6334152947658863,0.5076558614561283,0.7614078102553067,0.4939649232956933,0.4919899277042951,0.3993130257266682,0.6927448200226641,0.1716439950873631,0.890829004212434,0.469013693939505,0.4868671401690337,0.4051106678933777,0.5272924240430485,0.8908290042124326,0.7273713891757093,0.1571864080924805,0.3802475409232202,0.5272915406100248,0.0381078753758241,0.8908290042124338,0.5720253187232551,0.0597288173245089,0.6927448200226641,0.459259053854565,0.7614078102553081,0.3490529889952682,0.3597216410588799,0.4696506591212974,0.065612573868497,0.3194601970480983,0.4536327170784877,0.5415337577053183,0.4912757153494869,0.523759438920809,0.7117754891601769,0.8908290042124343,1.1926442832099418,0.0552833991912746,0.4911572595398542,0.1267092660717982,0.0932409266278715,0.8749060708159018,0.2684406157070387,0.4935797450509165,0.5272924240430485,0.1476745182204132,0.9232130350727,0.1932912852547562,0.534770455680567,0.009374168865568,9.495512882010396e-08,0.6927448200226642,0.5090313727057026,0.0714402955486806,1.0589691560896817,5.463627212231282e-09,0.5334979165913055,0.509348377174394,0.4682372813756518,0.7614078102553055,0.445651585702685,0.7941875801650908,0.8522473070796129,0.8025591712141554,0.8908290042124326,0.7897977144731241,0.4821280928752419,0.512564918311389,0.5926367084017223,0.487966377655152,0.0289668740530376,0.4573025090413425,0.0017181736905319,0.1127920210203503,0.2619354713433999,0.5272924240430485,0.2800923209145092,0.0727782310875552,0.4650233400334907,0.3392872711827465,0.5272924240430485,0.1734906974613479,0.8646388854941175,0.5760664097302882,0.7614078102553039,0.7614078102553069,0.4744334992453872,0.5263052351778604
0.65,0.9115784103159614,0.4396862330981106,0.8307771149008345,0.3788297479576266,0.3287476991696005,0.8581101609904119,0.8702882737967556,0.5137938155922349,3.005250432729408e-05,0.4826964291551489,0.522045776761016,0.0484649793640198,0.6484383099539399,0.5018602304182427,0.8008832279021137,0.4867457876289254,0.4870599166921512,0.3958386689493827,0.736726063125434,0.1672783029376742,0.9115784103159608,0.4647464409465817,0.4817734924241157,0.4012681227156954,0.522045776761016,0.9115784103159612,0.7693049441115037,0.1564662190253883,0.3941032808475444,0.5220463267922049,0.0389102599325925,0.9115784103159614,0.5600184525643284,0.0635239807051325,0.736726063125434,0.4552675443457794,0.8008832279021144,0.3464400361364741,0.3566573343640472,0.4653503034097345,0.0650654620382651,0.3253730968671252,0.4473457856416278,0.5360874466717107,0.4864839814909183,0.5181410481102857,0.7085826618884326,0.9115784103159618,1.1665837292008994,0.0563485223897298,0.4865009678651505,0.1275522152083408,0.0865790515804227,0.9002259962153849,0.2661251618528196,0.4880938172315072,0.522045776761016,0.1470220908191944,0.909588287665628,0.1941670391926861,0.5293934303921225,0.0097111260145109,9.643236132716769e-08,0.7367260631254324,0.5040886972436202,0.0739428776477685,1.0706288735671896,6.292802458813905e-09,0.5282860809985606,0.5040935333553932,0.463958967793586,0.8008832279021115,0.4401302516142222,0.8307771149008345,0.8817514764096676,0.803216817045223,0.9115784103159612,0.7772435157337129,0.4825636364421055,0.5075442381585018,0.5955916313558244,0.4830728075694642,0.0316593918802902,0.4530071524054546,0.0018262616137638,0.1107501594081034,0.2604261436956734,0.522045776761016,0.2883468639575574,0.074841831368909,0.47794571244077,0.3366191106316565,0.5220457767610159,0.1729944912078495,0.8702882737967556,0.5764261599510054,0.8008832279021152,0.800883227902115,0.4686003259872974,0.5210740908698748
0.66,0.931487198062053,0.4356869973918335,0.866997650685911,0.3724731084242184,0.3320581616033713,0.8908176360574152,0.8753527275683315,0.5087369930144001,3.05009176348633e-05,0.4781051711345604,0.5168513344916992,0.0453060214033645,0.6630324220062627,0.4961458269406848,0.8402146097352192,0.4796534909330724,0.4821894457208431,0.3923997864723818,0.7810922564898274,0.1634223106212535,0.9314871980620528,0.4605173990260875,0.4767581576943723,0.3974633999005325,0.5168513344916992,0.931487198062052,0.811348033123411,0.1557493296856621,0.4083494337417118,0.5168532453514584,0.0397107345287632,0.931487198062053,0.5482551974417446,0.0674484336494714,0.7810922564898274,0.4513069394636246,0.8402146097352149,0.3438466434099737,0.3536252936676561,0.4610893239002204,0.064522914331473,0.3311601840727478,0.4411968982396314,0.5306926925847162,0.4817485397956765,0.5125863540461209,0.7052371971898448,0.9314871980620528,1.1387018474072443,0.0574113721777936,0.4818891399793137,0.1283703814534471,0.0804103927109271,0.9247451107775444,0.2638329463659216,0.4826925157073647,0.5168513344916992,0.1463725458483299,0.8955241967600353,0.1950025624496922,0.5240706216288882,0.0100530535401326,9.790939607475497e-08,0.7810922564898266,0.4991936756713185,0.0766672254318659,1.0807690925304407,7.230679311100732e-09,0.523120645226651,0.4989024865886998,0.4597197454326477,0.8402146097352106,0.434732585993879,0.866997650685911,0.910551099970292,0.8034829528720785,0.931487198062052,0.7644228503496421,0.483034682569709,0.5025745458440759,0.5982779786471565,0.4782472340562357,0.0345204223438529,0.448760264857145,0.0019388530674918,0.1091006448435187,0.2589400583665091,0.5168513344916992,0.2971620294467959,0.0769093082651041,0.4906540368698724,0.3339895135059562,0.5168513344916992,0.1725703561858713,0.8753527275683315,0.5766903761675972,0.8402146097352132,0.8402146097352161,0.4628816775967781,0.5158950452869407
0.67,0.9505204824007032,0.431701554198142,0.9027223587236132,0.3663093888315735,0.3352479824089169,0.9228628477429148,0.8798404238038655,0.5037302386538802,3.09489151910328e-05,0.4735626162471846,0.5117085777865424,0.0423096798421747,0.6771771691873406,0.4905112210653678,0.8792541559096106,0.4726856269252724,0.4773772334423359,0.388995398830849,0.8256621534929034,0.1600470208327402,0.9505204824007044,0.4563261741201916,0.4718187583663935,0.3936961211557899,0.5117085777865424,0.9505204824007026,0.8533345129388247,0.155035724954771,0.422946004243747,0.5117117842861211,0.0405090711373264,0.9505204824007032,0.536737506034549,0.0715003305744353,0.8256621534929034,0.4473768895405016,0.8792541559096118,0.3412726643918567,0.3506250240568366,0.4568673600446072,0.0639848927621778,0.3368181254826343,0.4351820874104445,0.5253492730075457,0.4770679869057669,0.507094599230371,0.7017463917952735,0.9505204824007044,1.1092670651014371,0.0584710569150069,0.4773213004573892,0.1291641368996271,0.0746983269029158,0.9484065733682746,0.2615637171453067,0.47737381324385,0.5117085777865424,0.1457258705732153,0.8810863462760734,0.1957986108878917,0.5188014908958356,0.0103998545668571,9.93862330826933e-08,0.8256621534929055,0.4943459553181983,0.0796032400318123,1.089405559181924,8.289283342447676e-09,0.5180013704691667,0.4937742073655604,0.4555192571138834,0.879254155909608,0.4294542036196348,0.9027223587236132,0.9385658694879948,0.8033693906004569,0.9505204824007026,0.7513683796714561,0.4835343046531947,0.4976551353081976,0.6007005436559331,0.4734874576076319,0.0375537191156826,0.4445609467073492,0.0020560243164715,0.1077941608327592,0.2574771949233463,0.5117085777865424,0.3064919971938273,0.0789794798530597,0.5031301508020539,0.3313959783421735,0.5117085777865424,0.1722169506371755,0.8798404238038655,0.5768569061267655,0.8792541559096122,0.8792541559096123,0.4572744094404345,0.5107675716404899
0.68,0.968646973897924,0.4277334017449365,0.9378273765759376,0.360331385195287,0.3383176630630606,0.954145715628364,0.8837602467755834,0.498773006415934,3.139649728197763e-05,0.4690678032571383,0.5066169923655895,0.0394731534608791,0.6908536614672182,0.4849550129249213,0.9178554732070524,0.465839836204465,0.4726220625566511,0.3856246207695177,0.8702510993222387,0.1571247039591222,0.968646973897924,0.4521723887517371,0.4669530243831033,0.38996591199824,0.5066169923655895,0.9686469738979236,0.8950975086712089,0.1543253897834536,0.4378515965282354,0.5066214357251021,0.0413050484092742,0.968646973897924,0.5254666976509363,0.0756775268503374,0.8702510993222387,0.443477087028408,0.9178554732070532,0.3387179537543177,0.3476560442791154,0.4526840545961056,0.0634513596629785,0.3423438435511624,0.4292975105893042,0.5200569431529515,0.4724410035927166,0.5016650355184828,0.6981173133136719,0.968646973897924,1.078542723319432,0.059526790997184,0.4727969880090481,0.1299338489992027,0.0694089007240402,0.9711577200840616,0.2593172249186051,0.4721357493198364,0.5066169923655895,0.145082052315508,0.8663374421278169,0.196555928843264,0.5135855018213815,0.0107514308307678,1.008628723708083e-07,0.8702510993222388,0.4895451692669316,0.0827412329354743,1.0965604097574513,9.481723742521712e-09,0.5129280114772009,0.4887076828138336,0.4513571489219058,0.9178554732070504,0.4242909008819937,0.9378273765759376,0.9657197958883704,0.8028880096510879,0.9686469738979236,0.7381118717128465,0.4840557959838718,0.4927853291604681,0.6028642321816537,0.468791407628824,0.0407626622499456,0.4404083234813244,0.002177849224176,0.1067868595065887,0.2560375138052434,0.5066169923655895,0.3162914694871748,0.0810511836787682,0.5153567581539288,0.3288362731562855,0.5066169923655895,0.1719328890125665,0.8837602467755834,0.5769238625660814,0.9178554732070532,0.9178554732070536,0.4517754689188613,0.5056911489623368
0.6900000000000001,0.9858389672191484,0.4237857629259015,0.9721925609183856,0.3545321742050796,0.3412677960129373,0.9845705894522044,0.8871217293677743,0.493864763801639,3.18436641936982e-05,0.46461982401591,0.5015760690660555,0.0367929758933788,0.7040445806234016,0.4794758320374954,0.9558746022611772,0.4591138053300841,0.4679227746636775,0.3822866503044281,0.9146725957508216,0.1546288624681865,0.9858389672191488,0.4480556800213849,0.4621587879177709,0.3862724017150745,0.5015760690660555,0.9858389672191484,0.936470717738032,0.1536183091914001,0.4530235983513634,0.501581696033506,0.0420984515428969,0.9858389672191484,0.5144435081750606,0.0799775853816247,0.9146725957508216,0.4396072599103762,0.9558746022611772,0.3361823672574513,0.3447178858316206,0.4485390535790559,0.0629222776823666,0.3477345106641013,0.4235394460805096,0.5148154381270705,0.4678663480556388,0.4962969240005893,0.6943568064449277,0.985838967219148,1.0467843127623788,0.0605778794511527,0.4683157536206869,0.130679880617253,0.0645106538253029,0.9929501701016956,0.2570932232099453,0.4669764274658085,0.5015760690660555,0.1444410784528785,0.8513371550270791,0.1972752492853418,0.5084221207629196,0.0111076827808907,1.0233931395892377e-07,0.9146725957508228,0.4847909388057205,0.0860718735415583,1.102261645224792,1.0822268155202e-08,0.5079003169877326,0.4837019170719717,0.4472330701750751,0.9558746022611754,0.4192386479958712,0.9721925609183856,0.9919414874662535,0.8020507242465043,0.9858389672191484,0.7246841193837926,0.4845926735155962,0.4879644761254054,0.6047740488372974,0.4641571339522401,0.0441502350976511,0.4363015454880028,0.0023043991830139,0.1060398165121075,0.2546209561274971,0.5015760690660555,0.3265157407763847,0.0831232773899962,0.5273174500517026,0.3263084055745837,0.5015760690660555,0.1717167440949696,0.8871217293677743,0.5768896136828363,0.9558746022611786,0.9558746022611788,0.4463818928822745,0.500665262027385
0.7000000000000001,1.0020723120213588,0.4198615987664191,1.0057021842328586,0.3489051022074964,0.3440990595239783,1.0140466950059108,0.88993499649919,0.4890049906019972,3.2290416212020325e-05,0.460217818960401,0.4965853037914094,0.0342651245597773,0.7167341741640167,0.474072336619077,0.9931709926312816,0.4525052659189034,0.463278265599778,0.37898075904696,0.958739853206814,0.1525341932221787,1.0020723120213586,0.4439756978419349,0.4574339783125905,0.3826152233258357,0.4965853037914094,1.0020723120213582,0.9772896755745552,0.1529144682669369,0.4684183746956847,0.4965920658939933,0.0428890721552322,1.0020723120213588,0.5036681369230886,0.0843977840915009,0.958739853206814,0.4357671660218176,0.9931709926312814,0.3336657617411082,0.3418100921645507,0.4444320062589763,0.0623976097820982,0.3529875432443518,0.4179042891598971,0.5096244749850114,0.4633428497902181,0.4909895348843429,0.690471499036498,1.00207231202136,1.014237110023303,0.0616237048947612,0.4638771590126297,0.1314025900839869,0.0599744507345475,1.0137399014323372,0.2548914683081526,0.4618940127268794,0.4965853037914094,0.1438029364187627,0.8361420022251526,0.1979572939748088,0.5033108173074387,0.0114685096774586,1.0381555786686187e-07,0.9587398532068128,0.4800828755801143,0.0895861425661425,1.1065425962514062,1.2326420988144944e-08,0.5029180301314677,0.4787559315751685,0.4431466733959515,0.9931709926312788,0.4142935815487867,1.0057021842328586,1.0171643856084462,0.8008694531414097,1.0020723120213582,0.7111148713569495,0.4851386809265103,0.4831919487503728,0.6064350841883844,0.459582798896684,0.0477190030715021,0.4322397873614695,0.0024357430487096,0.1055185301106086,0.253227443548472,0.4965853037914094,0.3371207634024779,0.0851946393119167,0.538996721415252,0.3238105962535087,0.4965853037914094,0.1715670491652333,0.88993499649919,0.5767527735983271,0.9931709926312816,0.9931709926312812,0.4410908051147085,0.4956894012741575
0.71,1.017326367617183,0.4159636215572333,1.038245571572178,0.343443774621618,0.3468122127250221,1.042488526982823,0.8922107106568727,0.4841931777608609,3.2736753622595406e-05,0.4558609730413796,0.4916441974609651,0.0318851204365103,0.7289082435116343,0.46874321291287,1.0296084179079024,0.4460119937596804,0.4586874812111454,0.3757062836424781,1.0022673116545826,0.1508165483009461,1.017326367617183,0.4399321033837899,0.4527766172688535,0.3789940135447376,0.4916441974609651,1.0173263676171838,1.017392970370462,0.1522138521667123,0.4839914687351327,0.4916520503679152,0.0436767081556342,1.017326367617183,0.4931402905828909,0.0889351242512021,1.0022673116545826,0.4319565881610646,1.0296084179079017,0.3311679951168121,0.3389322179815462,0.4403625651128848,0.061877319234588,0.3581005956962165,0.4123885483037772,0.5044837546136914,0.4588694039778819,0.4857421473792619,0.6864678079875833,1.017326367617183,0.9811342095854664,0.0626637165067965,0.459480775359292,0.1321023312465481,0.0557733212107123,1.0334872979560192,0.252711719235311,0.4568867292439454,0.4916441974609651,0.1431676137021158,0.82080526511655,0.1986027736190313,0.4982510646828425,0.0118338096872232,1.0529160411444289e-07,1.0022673116545833,0.4754205834788061,0.0932752908227062,1.109441384516969,1.4011005257813981e-08,0.4979808888211346,0.4738687652625983,0.4390976142820187,1.029608417907898,0.4094519973708284,1.038245571572178,1.0413269587237823,0.7993560916962092,1.0173263676171838,0.6974327747370525,0.4856877910100809,0.4784671413486618,0.6078525026045268,0.4550666698391193,0.0514710943544528,0.4282222475753047,0.002571947078812,0.1051924627633968,0.2518568781975124,0.4916441974609651,0.348063209855291,0.0872641689682384,0.5503799835431198,0.321341255227907,0.4916441974609651,0.1714823002031438,0.8922107106568727,0.5765121928437015,1.0296084179079017,1.029608417907902,0.4358994138850535,0.4907630627241181
0.72,1.03158394277562,0.4120943076186174,1.0697176744314054,0.3381420457707653,0.349408090844149,1.069816188331428,0.8939600195547625,0.4794288263857974,3.3182676710900466e-05,0.4515485120379406,0.4867522559599717,0.0296481188444516,0.7405541268825764,0.4634871745353013,1.065055824213696,0.4396318079452445,0.4541494135207073,0.3724626181937581,1.045072113169691,0.1494528948365179,1.0315839427756202,0.4359245677087593,0.4481848142763352,0.375408412743364,0.4867522559599717,1.031583942775618,1.0566233954175792,0.1515164461153827,0.4996978079081656,0.4867611589395324,0.0444611636214325,1.03158394277562,0.4828592244022718,0.09358633959341,1.045072113169691,0.4281753298842973,1.0650558242136956,0.3286889263597378,0.3360838286223644,0.4363303857998933,0.0613613696203243,0.3630715542138394,0.4069888415402049,0.4993929634561554,0.4544449663491527,0.4805540495825731,0.6823519450045106,1.0315839427756195,0.9476949395650864,0.063697420702394,0.4551261822284582,0.1327794535202593,0.0518823092010488,1.05215716923409,0.2505537377156842,0.4519528579465873,0.4867522559599717,0.1425350978471668,0.8053769396031278,0.1992123880255485,0.493242340093365,0.0122034799758832,1.0676745272148541e-07,1.045072113169691,0.4708036602840237,0.0971308029308484,1.1110003858887407,1.589424803059482e-08,0.4930886261211928,0.4690394747139546,0.4350855516766739,1.0650558242136916,0.4047103437124704,1.0697176744314054,1.0643728553606364,0.7975224861921557,1.031583942775618,0.6836653287099226,0.4862342074291444,0.473789468153199,0.6090315307923483,0.450607112268479,0.0554081826343795,0.4242481479313998,0.0027130748752929,0.1050346231452104,0.2505091426626029,0.4867522559599717,0.3593005319127433,0.0893307875503033,0.5614535728944925,0.318898960866609,0.4867522559599717,0.1714609581164694,0.8939600195547625,0.5761669488911751,1.0650558242136956,1.0650558242136958,0.4308050095632396,0.4858857479005221
0.73,1.044831222014747,0.4082559096684049,1.1000195796300096,0.3329940091138432,0.3518876006290334,1.095955676218625,0.8951945059209638,0.4747114468883377,3.362818576223827e-05,0.4472796992184413,0.4819089900902024,0.0275489915276794,0.7516606772898664,0.4583029618382281,1.0993881066462852,0.4333625700216886,0.4496630972497414,0.3692492075548894,1.0869755106387349,0.1484212742882809,1.044831222014749,0.4319527705712151,0.4436567622701368,0.371858064913746,0.4819089900902024,1.044831222014747,1.094829029091485,0.1508222354053016,0.5154919129725195,0.4819189055461476,0.0452422486756475,1.044831222014747,0.4728237807816746,0.0983479061484166,1.0869755106387349,0.4244232118938131,1.0993881066462818,0.3262284155007481,0.3332644995155868,0.4323351271320705,0.0608497248253052,0.3678985304776964,0.4017018929186268,0.4943517750904588,0.4500685484794162,0.4754245383665294,0.6781299222108956,1.0448312220147484,0.9141236430380252,0.0647243732536661,0.4508129667028576,0.1334343019393098,0.0482783303421501,1.0697187446942864,0.2484172881449919,0.4470907343517266,0.4819089900902024,0.1419053764531745,0.7899037161338671,0.199786826253548,0.4882841249904958,0.012577416797693,1.0824310370780625e-07,1.0869755106387395,0.4662316991137271,0.1011443655406957,1.111265700411625,1.7995869517440363e-08,0.4882409705998539,0.4642671342227973,0.4311101475404843,1.0993881066462825,0.4000652147169338,1.1000195796300096,1.086251017779422,0.7953804102861327,1.044831222014747,0.6698388483605638,0.4867723658663021,0.469158361658934,0.6099774469798452,0.4462025832923559,0.0595314719350926,0.4203167330255573,0.0028591873311912,0.1050211862990287,0.2491841000362571,0.4819089900902024,0.3707910169115513,0.0913934383365401,0.5722047562677463,0.3164824411493435,0.4819089900902024,0.171501450991181,0.8951945059209638,0.5757163367522355,1.0993881066462814,1.099388106646285,0.4258049622999259,0.4810569637474221
0.74,1.0570576797229478,0.4044504687757965,1.129058951935162,0.32799398786061,0.3542517159457912,1.120839115216138,0.8959261394090947,0.4700405582371871,3.4073281061737446e-05,0.4430538323127786,0.4771139155210344,0.025582400367795,0.7622182360893048,0.4531893412869335,1.1324868093781189,0.4272021831543225,0.4452276066592703,0.3660655413950148,1.1278041987037692,0.1477007615236453,1.0570576797229472,0.4280163993683576,0.4391907335037824,0.3683426176318108,0.4771139155210344,1.0570576797229476,1.1318642339680218,0.1501312053962094,0.5313281080160172,0.4771248085964447,0.0460197793667342,1.0570576797229478,0.4630324254187919,0.1032160527411547,1.1278041987037692,0.4207000689405906,1.1324868093781164,0.3237863236184919,0.3304738156910128,0.4283764510455721,0.0603423490384958,0.3725798552613915,0.3965245290940434,0.4893598516749985,0.4457392134792039,0.4703529192671852,0.6738075576160856,1.057057679722947,0.8806088019462499,0.0657441726334412,0.4465407226531415,0.1340672172068947,0.0449400378641044,1.086145643857552,0.2463021375600382,0.4422987464624005,0.4771139155210344,0.1412784371741844,0.7744289863887348,0.2003267667633518,0.4833759052892233,0.012955515582317,1.0971855709322044e-07,1.1278041987037668,0.4617042896797793,0.1053078396894008,1.110286633498902,2.0337175876043477e-08,0.4834376466642732,0.45955083581361,0.4271710669227042,1.1324868093781142,0.3955133441743563,1.129058951935162,1.106915757497697,0.7929415435033168,1.0570576797229476,0.6559784378677672,0.4872969346035837,0.4645732711342257,0.6106955707234353,0.4418516255689297,0.0638416836009585,0.4164272696926279,0.0030103425812546,0.1051311495136919,0.2478815940179398,0.4771139155210344,0.3824938413115028,0.0934510870645737,0.5826217325772368,0.3140905570103078,0.4771139155210344,0.1716021763563172,0.8959261394090947,0.575159859662405,1.1324868093781166,1.1324868093781189,0.4208967197680804,0.4762762225493027
0.75,1.0682559834179066,0.4006798258897568,1.1567504099335093,0.3231365259557841,0.3565014735504718,1.1444049387823143,0.8961672306215502,0.4654156873098652,3.451796289435251e-05,0.4388702407646547,0.4723665527410147,0.0237428631334196,0.7722186024778291,0.4481451048535008,1.1642407462659663,0.4211485913100621,0.4408420526798138,0.3629111489431935,1.1673915548598948,0.1472714240124496,1.0682559834179073,0.4241151482225897,0.4347850756279244,0.3648617220212025,0.4723665527410147,1.0682559834179068,1.1675905680706042,0.1494433415149245,0.5471607295121115,0.4723783909790178,0.0467935775503214,1.0682559834179066,0.4534832811444867,0.1081867720870487,1.1673915548598948,0.4170057471724772,1.1642407462659634,0.3213625128315606,0.32771137134303,0.4244540225720348,0.0598392067493061,0.3771140719694147,0.3914536760219815,0.4844168452714116,0.441456072044534,0.4653385063746076,0.6693904804452894,1.0682559834179068,0.8473224769452998,0.0667564543929071,0.4423090501363959,0.1346785357448091,0.0418476966926212,1.101415824329004,0.2442080556086858,0.4375753327613482,0.4723665527410147,0.1406542677187864,0.7589928736582554,0.2008328775639385,0.4785171715379517,0.0133376710189926,1.1119381289754123e-07,1.1673915548598957,0.4572210193835487,0.1096132369333619,1.108115192152073,2.2941155770972045e-08,0.4786783748797159,0.4548896892088407,0.4232679779330541,1.1642407462659636,0.3910515995455826,1.1567504099335093,1.12632679453952,0.7902174516667458,1.0682559834179068,0.6421079723047849,0.4878028145637474,0.4600336612836284,0.6111912533100623,0.4375528616379304,0.0683390454789948,0.412579046434166,0.0031665959565257,0.1053460214475757,0.2466014490711743,0.4723665527410147,0.3943691216440744,0.0955027222582079,0.5926936314308584,0.3117222875215579,0.4723665527410147,0.1717615034572931,0.8961672306215502,0.5744972198702362,1.1642407462659632,1.164240746265961,0.4160778049648915,0.4715430418516975
0.76,1.078421887418403,0.396945632936345,1.1830158353804567,0.3184163794174863,0.3586379690275298,1.1665980205215003,0.8959303872258233,0.4608363683299823,3.496223154486409e-05,0.4347282832359093,0.4676664270099092,0.0220248117040193,0.781654999341656,0.4431690694251823,1.1945465399155175,0.4151997784559282,0.436505580301248,0.3597855943361555,1.20557878046595,0.1471142813935266,1.0784218874184026,0.4202487171813284,0.4304382079645348,0.3614150327174652,0.4676664270099092,1.0784218874184022,1.2018776027305094,0.1487586292550358,0.5629443326339474,0.4676791800627223,0.0475634707729182,1.078421887418403,0.4441741595818279,0.1132558324248294,1.20557878046595,0.4133401018683666,1.194546539915514,0.3189568462907023,0.324976769437614,0.420567509810233,0.0593402627450896,0.3814999301250719,0.3864863557606636,0.4795223990550258,0.4372182788360212,0.4603806222245067,0.6648841363347328,1.0784218874184028,0.8144200340303578,0.0677608864122496,0.4381175548985391,0.1352685897425042,0.0389830654941142,1.115511509309269,0.2421348145201741,0.432918980294432,0.4676664270099092,0.140032855849874,0.7436322840782185,0.2013058163585258,0.4737074190492483,0.0137237771380639,1.1266887114058014e-07,1.20557878046595,0.4527814742680109,0.114052698925026,1.1048055994957855,2.5832580738646405e-08,0.4739628722734743,0.4502828217516981,0.419400551713757,1.1945465399155106,0.3866769762439197,1.1830158353804567,1.1444492622993512,0.7872195691640849,1.0784218874184022,0.6282500873012222,0.4882851388449825,0.4555390110462973,0.6114698687277866,0.4333049886258448,0.07302328332866,0.4087713728317895,0.0033279999428165,0.1056495420212817,0.2453434706333491,0.4676664270099092,0.4063779628792978,0.0975473555114199,0.6024105087105684,0.3093767167142345,0.4676664270099092,0.171977775531772,0.8959303872258233,0.5737283095464134,1.1945465399155164,1.1945465399155166,0.4113458140724686,0.4668569443830859
0.77,1.087554118163084,0.3932493634837298,1.2077846169180226,0.3138285080160875,0.3606623528897661,1.1873697570635906,0.8952284721390119,0.4563021423789081,3.540608729787889e-05,0.4306273453379309,0.463013068311228,0.020422643233636,0.7905220358387327,0.4382600762273721,1.2233090781832328,0.409353767773335,0.4322173661973532,0.3566884724999408,1.2422159333044989,0.1472112656281017,1.087554118163084,0.4164168115207665,0.4261486179669304,0.358002207832591,0.463013068311228,1.0875541181630854,1.2346036429982907,0.1480770541765973,0.5786338931742936,0.4630267076901898,0.0483292921575571,1.087554118163084,0.4351025907528517,0.1184187896249107,1.2422159333044989,0.4097029955065756,1.223309078183232,0.3165691881710964,0.3222696213567424,0.4167165838979942,0.0588454821086626,0.3857363788263779,0.3816196833768941,0.474676148422214,0.4330250291582927,0.4554785976912655,0.660293792395092,1.087554118163084,0.7820401272525235,0.0687571648876559,0.4339658479625485,0.1358377072056114,0.0363292863712619,1.1284190963983158,0.2400821890757768,0.4283282228391965,0.463013068311228,0.1394141893844042,0.7283809760063101,0.2017462306882384,0.4689461479975267,0.0141137273899462,1.141437318421469e-07,1.242215933304499,0.4483852398432401,0.118618480126546,1.100413830391932,2.903810940101535e-08,0.4692908526242542,0.4457293782899096,0.4155684624118303,1.2233090781832303,0.3823865921637019,1.2077846169180226,1.161253680076234,0.7839591829535512,1.0875541181630854,0.6144261758495998,0.4887392717801097,0.4510888125158895,0.6115368051793714,0.4291067733019474,0.0778936144759319,0.405003578949395,0.003494604143011,0.1060274306463846,0.2441074453761139,0.463013068311228,0.4184825042005029,0.0995840217314277,0.6117633393567975,0.3070530218577279,0.463013068311228,0.1722493120825356,0.8952284721390119,0.5728532018271769,1.223309078183234,1.2233090781832332,0.4066984143758508,0.4622174579782626
0.78,1.0956542523648516,0.3895923229771458,1.2309938296516585,0.3093680672800822,0.3625758268344035,1.2066781047177355,0.894074563750489,0.451812556971943,3.58495304378299e-05,0.4265668375678604,0.4584060113052235,0.0189307647353801,0.7988156670861455,0.4334169902608136,1.25044188806814,0.403608620887862,0.4279766165621704,0.3536194055044602,1.277162845197492,0.147545181916376,1.095654252364851,0.4126191411416553,0.4219148578564679,0.3546229089199252,0.4584060113052235,1.095654252364852,1.265656347949307,0.1473986019058228,0.5941850035589239,0.4584205101656904,0.0490908802913454,1.0956542523648516,0.426265850750855,0.123670999712693,1.277162845197492,0.4060942961224301,1.2504418880681378,0.3141994036646843,0.319589546574992,0.4129009189843719,0.0583548302158432,0.3898225601863828,0.3768508639523029,0.4698777220030772,0.4288755559138018,0.4506317718823524,0.6556245421463859,1.0956542523648525,0.7503049061887017,0.0697450109388438,0.429853545287418,0.1363862120039389,0.0338707818896044,1.140129049463935,0.2380499565797946,0.4238016391541587,0.4584060113052235,0.138798256193159,0.7132696449697353,0.2021547580738848,0.464232863488888,0.014507414721581,1.156183950220495e-07,1.2771628451974903,0.4440319018002969,0.1233029333743136,1.0949971704001844,3.2586395561913136e-08,0.4646620267377322,0.4412285210252369,0.4117713871516303,1.250441888068137,0.3781776824449967,1.2309938296516585,1.176715895447504,0.7804474182129728,1.095654252364852,0.6006563915704781,0.4891608075506368,0.4466825699693104,0.6113974571143256,0.4249570474630172,0.0829487437147935,0.4012750147273773,0.0036664552431314,0.1064671604344763,0.2428931415141494,0.4584060113052235,0.4306459621434397,0.101611779342815,0.6207440075553673,0.3047504630365927,0.4584060113052235,0.1725744111421061,0.894074563750489,0.5718721420047244,1.250441888068138,1.2504418880681385,0.4021333422368587,0.4576241155033449
0.79,1.102726589139223,0.3859756585487885,1.2525883526111157,0.3050304008161308,0.3643796401501182,1.2244875723177966,0.8924819181480219,0.4473671656903454,3.6292561248976416e-05,0.4225461934296097,0.4538447952823558,0.017543631573422,0.8065331513084404,0.4286386997526769,1.2758674278431943,0.3979624371141985,0.4237825651376031,0.3505780393371525,1.3102899200160327,0.148099670520154,1.1027265891392233,0.4088554200464139,0.4177355414272002,0.3512768009394255,0.4538447952823558,1.1027265891392213,1.2949332495645862,0.1467232581347838,0.6095540615855564,0.4538601282382694,0.0498480791148959,1.102726589139223,0.4176609875895992,0.1290076317471527,1.3102899200160327,0.4025138759160005,1.2758674278431887,0.3118473589725583,0.3169361723638708,0.4091201922020733,0.0578682727330112,0.3937578027731588,0.3721771896866687,0.4651267425873134,0.4247691268074872,0.445839492034096,0.6508813103274317,1.1027265891392235,0.7193204169351046,0.0707241677390376,0.4257802674853644,0.1369144239189466,0.0315931590975565,1.1506357753320708,0.2360378968308792,0.419337851304668,0.4538447952823558,0.1381850442005075,0.6983260217662163,0.2025320261558691,0.4595670756075812,0.0149047316504405,1.170928607000942e-07,1.3102899200160325,0.4397210466268137,0.1280984980285859,1.0886137998840824,3.650820023365603e-08,0.460076102708928,0.4367794293330647,0.4080090060076488,1.2758674278431894,0.3740475944642382,1.2525883526111157,1.190816998734978,0.7766952255382671,1.1027265891392213,0.5869596577820295,0.489545568385262,0.442319798992979,0.611057217755886,0.4208547036258945,0.0881868614460947,0.3975850493718478,0.0038435969821035,0.1069577561318594,0.2417003091600041,0.4538447952823558,0.4428326710328011,0.1036297104546262,0.6293452945224882,0.3024683738825595,0.4538447952823558,0.1729513515241772,0.8924819181480219,0.5707855388757963,1.2758674278431914,1.2758674278431934,0.3976484011223734,0.4530764547824933
0.8,1.1087780171916188,0.382400368409789,1.2725209265897175,0.3008110329309196,0.3660750862699968,1.2407691728941943,0.8904639333087363,0.4429655278616369,3.67351800154042e-05,0.4185648677218176,0.4493289641172215,0.0162557803473098,0.8136730047874207,0.4239241156211549,1.2995172990934534,0.3924133527159658,0.4196344714137369,0.3475640410481534,1.3414788091920395,0.1488591696051907,1.1087780171916186,0.4051253658880693,0.4136093410101715,0.3479635522232735,0.4493289641172215,1.1087780171916182,1.322342170124441,0.1460510086211066,0.6246984506677479,0.4493451070809661,0.0506007378136087,1.1087780171916188,0.4092848453347002,0.1344236809963105,1.3414788091920395,0.398961610076061,1.2995172990934545,0.3095129212974069,0.3143091335201471,0.4053740836401399,0.057385775614687,0.3975416150634918,0.3675960370951802,0.4604228279704127,0.4207050417808003,0.4411011134088063,0.6460688575828971,1.1087780171916188,0.6891771661334983,0.0716943980844645,0.4217456395867773,0.1374226586907055,0.0294831201913748,1.159937487028905,0.2340457920936858,0.4149355230614299,0.4493289641172215,0.1375745413841687,0.6835749814613744,0.2028786528322577,0.4549482994428688,0.0153055703361376,1.1856712889608533e-07,1.3414788091920402,0.4354522621360527,0.1329976904612573,1.0813224046249112,4.0836507608871385e-08,0.4555327861720254,0.4323812995560206,0.4042810019775567,1.2995172990934514,0.3699937830410225,1.2725209265897175,1.2035432118728566,0.7727133696001789,1.1087780171916182,0.573353681753038,0.4898896023715795,0.4380000256964544,0.6105214721003086,0.4167986910082048,0.0936056440310534,0.3939330707417207,0.0040260701251501,0.10748961364277,0.2405286807226115,0.4493289641172215,0.4550081206339772,0.1056369209922757,0.6375608640796715,0.3002061533346137,0.4493289641172215,0.173378395057219,0.8904639333087363,0.5695939562583054,1.2995172990934545,1.2995172990934545,0.3932414596856511,0.4485740185264355
0.81,1.1138178780922772,0.3788673108330518,1.290752155260541,0.2967056615429756,0.3676634994655539,1.2555003369795228,0.8880341152128335,0.4386072082816066,3.717738702102555e-05,0.4146223349767072,0.4448580662229411,0.0150618566451559,0.8202349549382679,0.4192721709532302,1.3213323810623632,0.3869595401801212,0.4155316189852187,0.3445770962248934,1.3706229635223617,0.1498088791915806,1.1138178780922785,0.4014286995824785,0.4095349845894834,0.3446828344418331,0.4448580662229411,1.1138178780922772,1.347801539215815,0.145381839187673,0.6395767105112586,0.4448749962668112,0.0513487107107758,1.1138178780922772,0.4011340866167261,0.1399139823526097,1.3706229635223617,0.3954373757908068,1.3213323810623596,0.3071959588360176,0.3117080721149805,0.4016622763168775,0.0569073051011316,0.4011736789231908,0.3631048642965763,0.4557655917267579,0.416682630655565,0.4364159991932238,0.6411917850309113,1.113817878092279,0.6599508187942034,0.0726554823333392,0.4177492908443514,0.1379112280643458,0.0275283794718008,1.1680360552654452,0.2320734270708485,0.4105933583680041,0.4448580662229411,0.1369667357749764,0.6690386611904717,0.2031952463950286,0.4503760550995391,0.0157098226496978,1.2004119962982566e-07,1.3706229635223646,0.4312251379198863,0.1379930966523469,1.0731818139017455,4.560664501590681e-08,0.4510317805382169,0.4280333447751694,0.4005870609554958,1.321332381062364,0.3660138058517173,1.290752155260541,1.214885754016623,0.7685124191708292,1.1138178780922772,0.5598549735520604,0.4901891809089215,0.4337227860043483,0.6097955903667613,0.4127880117787427,0.099202256324491,0.3903184847363233,0.0042139124407414,0.1080543391319154,0.2393779713470413,0.4448580662229411,0.467138990929827,0.1076325407960435,0.64538524620592,0.2979632583140288,0.4448580662229411,0.1738537887959125,0.8880341152128335,0.5682981046845996,1.3213323810623625,1.3213323810623625,0.3889104498993249,0.4441163542627977
0.8200000000000001,1.1178578266093837,0.3753772127369725,1.3072504528080469,0.2927101513730362,0.3691462516770737,1.268664790485884,0.8852060458350564,0.4342917769722452,3.761918254957937e-05,0.4107180880354689,0.4404316545059992,0.0139566381288479,0.8262198918205643,0.4146818204952776,1.341262890355813,0.3815992075056564,0.4114733140486838,0.3416169067588889,1.3976280616335588,0.1509347262785412,1.1178578266093842,0.3977651449761092,0.405511253062615,0.3414343225699536,0.4404316545059992,1.1178578266093826,1.3712406125159686,0.1447157357223204,0.654148697297793,0.4404493497421224,0.0520918571624818,1.1178578266093837,0.3932052136200729,0.1454732239328658,1.3976280616335588,0.3919410514197627,1.3412628903558128,0.3048963407718345,0.3091326372611703,0.397984456153034,0.0564328277159648,0.4046538431259095,0.3587012083892287,0.4511546439156546,0.4127012509698343,0.4317835203982789,0.6362545387141253,1.117857826609384,0.631703002339386,0.0736072166552679,0.4137908545691936,0.1383804398360008,0.0257175862392234,1.174936849806643,0.2301205888752769,0.4063100998738128,0.4404316545059992,0.1363616154566442,0.6547365848389544,0.2034824056645231,0.4458498676948463,0.0161173802405485,1.2151507292111602e-07,1.3976280616335603,0.4270392657349496,0.1430773666821089,1.0642506666264886,5.0856406875883524e-08,0.4465727872221516,0.4237347945620499,0.3969268717056125,1.3412628903558088,0.3621053190409469,1.3072504528080469,1.2248406862397665,0.7641027384345499,1.1178578266093826,0.5464788689395136,0.490440795829358,0.4294876250183791,0.6088849218769803,0.4088217175601072,0.1049733563413806,0.3867407146859839,0.0044071586810294,0.108644605830599,0.238247879392986,0.4404316545059992,0.4791931839300813,0.1096157236878676,0.6528138187496696,0.2957391972136364,0.4404316545059992,0.1743757672063631,0.8852060458350564,0.5668988332787974,1.341262890355813,1.3412628903558137,0.3846533652387719,0.4397030142682713
0.8300000000000001,1.1209116890115172,0.3719306778809609,1.3219919415912993,0.2888205274020246,0.3705247494756972,1.2802524001829738,0.8819933529664403,0.4300188089706025,3.806056688463135e-05,0.4068516367472385,0.4360492863215355,0.012935053397046,0.8316298183765876,0.4101520401561803,1.359268369615548,0.3763305975063106,0.4074588840277428,0.3386831888717705,1.4224123169325198,0.152223331191009,1.1209116890115178,0.394134428562917,0.4015369776378579,0.3382176948536117,0.4360492863215355,1.1209116890115176,1.392599595469063,0.1440526841775449,0.668375732596504,0.4360677257976258,0.0528300414542729,1.1209116890115172,0.3854945876365209,0.1510959608092104,1.4224123169325198,0.3884725158046682,1.3592683696155454,0.3026139372675734,0.3065824848962237,0.3943403119452241,0.0559623102638043,0.4079821169213449,0.3543826829122746,0.446589591725842,0.4087602859895035,0.4272030557601459,0.631261413937048,1.120911689011517,0.6044821912529508,0.0745494115413027,0.409869967993007,0.1388305978982492,0.0240402532782911,1.1806485723097535,0.2281870670027693,0.402084527529379,0.4360492863215355,0.135759168565532,0.6406857928420531,0.2037407201221239,0.441369267344178,0.0165281346012786,1.2298874878975568e-07,1.4224123169325211,0.4228942398301423,0.1482432109209479,1.0545871057877425,5.66261826801952e-08,0.4421555058575002,0.4194848947144535,0.3933001258358349,1.3592683696155456,0.3582660730223957,1.3219919415912993,1.233408737650573,0.7594944795004468,1.1209116890115176,0.5332395557834965,0.4906411562130122,0.4252940964422808,0.6077947893446504,0.4048989061671989,0.1109151019994471,0.3831992007478314,0.004605840565689,0.1092540268060034,0.2371380869494477,0.4360492863215355,0.4911398524239076,0.1115856475080756,0.6598427874775232,0.2935335241116507,0.4360492863215355,0.174942554321322,0.8819933529664403,0.5653971218245346,1.3592683696155454,1.359268369615547,0.3804682589145588,0.4353335555025825
0.84,1.1229953201903808,0.3685281946843367,1.3349603035729738,0.2850329685861098,0.3718004311528068,1.2902589898601768,0.8784096818168454,0.4257878841442543,3.850154030957394e-05,0.4030225067800697,0.4317105234290797,0.0119921970513198,0.8364677996727186,0.4056818265226308,1.375317609249066,0.3711519871270177,0.4034876763133482,0.335775671371369,1.4449066661925194,0.1536619751791826,1.1229953201903822,0.3905362792439641,0.397611037362073,0.3350326327768932,0.4317105234290797,1.1229953201903804,1.4118296758135551,0.1433926705702047,0.6822207403654807,0.431729687037744,0.0535631326995677,1.1229953201903808,0.3779984472675023,0.1567766288194269,1.4449066661925194,0.385031647700071,1.3753176092490622,0.3003486194578899,0.3040572775793079,0.3907295353395957,0.0554957198279228,0.4111586636627693,0.350146975389082,0.4420700400635773,0.4048591428808561,0.4226739916425726,0.6262165594924175,1.122995320190382,0.5783246488971114,0.0754818905327595,0.4059862721514909,0.1392620022850645,0.0224866905901472,1.185183082152302,0.2262726533049381,0.3979154572407133,0.4317105234290797,0.1351593832904135,0.626900975506786,0.203970770041183,0.4369337891374991,0.0169419771302217,1.2446222725554192e-07,1.4449066661925227,0.4187896572227361,0.1534833977335567,1.044248501157119,6.295908900203615e-08,0.4377796345021519,0.4152829069786022,0.3897065177718889,1.3753176092490629,0.354493908460745,1.3349603035729738,1.2405951152285273,0.754697576037245,1.1229953201903804,0.5201501035138509,0.4907871849229089,0.4211417620630301,0.6065304835553227,0.4010187185662132,0.1170231598705101,0.3796933993088071,0.0048099867690899,0.1098770420874104,0.2360482603830633,0.4317105234290797,0.5029494255929914,0.1135415141236408,0.6664691646309888,0.2913458336301983,0.4317105234290797,0.1755523658619188,0.8784096818168454,0.5637940730284652,1.3753176092490669,1.3753176092490658,0.3763532421527102,0.4310075395442548
0.85,1.1241264603943415,0.3651701436805916,1.346146589409207,0.2813438018187471,0.3729747639323928,1.298686130276383,0.8744686683471041,0.4215985870295808,3.894210310762661e-05,0.3992302385334399,0.4274149319487267,0.0111233413681676,0.8407379114034319,0.4012701963863212,1.389388506694472,0.3660616867738222,0.399559057108603,0.3328940941119543,1.4650548441074422,0.155238569288245,1.1241264603943415,0.3869704281245606,0.3937323567723159,0.3318788210293057,0.4274149319487267,1.1241264603943402,1.4288929696464048,0.1427356809812254,0.6956483715430501,0.4274348003484425,0.0542910047397835,1.1241264603943415,0.3707129253544857,0.1625095584070657,1.4650548441074422,0.381618325306903,1.3893885066944676,0.2981002594421044,0.3015566843004206,0.3871518208057383,0.0550330237679255,0.4141837945029542,0.3459918449503372,0.4375955920889106,0.400997251030512,0.4181957219404708,0.6211239817792977,1.124126460394341,0.5532554053593298,0.0764044891335796,0.4021394117849464,0.1396749492162735,0.0210479440401492,1.188555216699691,0.2243771419624453,0.3938017395799461,0.4274149319487267,0.1345622478722442,0.6133946084185942,0.2041731266162198,0.4325429731082175,0.0173587991919139,1.2593550833827045e-07,1.4650548441074425,0.4147251179294756,0.1587907525270298,1.0332911999453325,6.990110555122188e-08,0.4334448698335269,0.411128108760106,0.386145744731552,1.389388506694469,0.3507867524269138,1.346146589409207,1.246409299629724,0.7497217379541176,1.1241264603943402,0.5072224951621743,0.4908760148836703,0.417030191282563,0.6050972584184143,0.3971803360396677,0.1232927158639896,0.3762227823976706,0.0050196229107183,0.1105088186740638,0.234978050917497,0.4274149319487267,0.5145936314126847,0.115482549409483,0.6726907461563741,0.2891757563674603,0.4274149319487266,0.1762034113226775,0.8744686683471041,0.5620909049839182,1.3893885066944702,1.3893885066944731,0.3723064825215741,0.4267245325281076
0.86,1.1243245923032323,0.3618568046192584,1.355548989203054,0.2777494961299867,0.3740492413022255,1.3055409059907443,0.8701839142783064,0.4174505066896102,3.9382255561835816e-05,0.3954743861428998,0.4231620823177488,0.0103239449555825,0.84444518790104,0.3969161862827052,1.4014678680082546,0.3610580396569929,0.3956724103681422,0.3300382066357659,1.4828133491838282,0.1569416245036626,1.1243245923032334,0.3834366083442443,0.3898999036651837,0.3287559474734244,0.4231620823177488,1.124324592303232,1.4437623863238405,0.142081701555306,0.7086251158607335,0.4231826368638617,0.055013536046152,1.1243245923032323,0.3636340647125128,0.1682889884439358,1.4828133491838282,0.3782324258945205,1.4014678680082553,0.2958687302769807,0.2990803803003763,0.3836068656108303,0.0545741897174456,0.417057962166731,0.341915120034183,0.4331658497045049,0.3971740605004375,0.4137676479847485,0.6159875488155367,1.124324592303233,0.5292892525559093,0.0773170538766505,0.3983290352527785,0.1400697311415311,0.0197157386004874,1.1907826073876022,0.2225003294585437,0.3897422585494493,0.4231620823177488,0.1339677506039314,0.6001770886481229,0.2043483520904127,0.428196364195938,0.0177784921754779,1.2740859205773512e-07,1.4828133491838316,0.410700225158353,0.1641581579851734,1.0217703048624058,7.750121527667022e-08,0.429150907334448,0.4070197928258436,0.3826175066991417,1.4014678680082573,0.3471426147191115,1.355548989203054,1.250864829146168,0.7445764470543494,1.124324592303232,0.4944676615679497,0.4909049851274338,0.4129589606947258,0.6035003263736031,0.3933829775439212,0.1297184877575765,0.3727868371075507,0.0052347715487697,0.1111451620754159,0.2339270952413185,0.4231620823177488,0.5260455157813559,0.1174080032042811,0.6785060877665475,0.2870229548401332,0.4231620823177488,0.1768938960168426,0.8701839142783064,0.560288943838255,1.4014678680082566,1.4014678680082544,0.3683262023040869,0.4224841050844513
0.87,1.1236107991154234,0.3585883632277502,1.363172568982142,0.2742466571137288,0.3750253804597739,1.310835662129436,0.8655689637247861,0.4133432365886273,3.9821997955075135e-05,0.3917545165683818,0.418951549247639,0.0095896587478776,0.8475955698782301,0.3926188520410485,1.4115511567953145,0.3561394211470779,0.3918271368232039,0.3272077669754222,1.4981513072282038,0.1587602231674831,1.1236107991154234,0.3799345549351928,0.3861126869780414,0.3256637031128621,0.418951549247639,1.1236107991154234,1.456421418000439,0.1414307185006274,0.7211194006354203,0.4189727719320015,0.0557306096231993,1.1236107991154234,0.3567578327377908,0.1741090799897828,1.4981513072282038,0.3748738254986303,1.4115511567953138,0.2936539059695587,0.2966280469004011,0.3800943697940231,0.0541191855818594,0.4197817548076277,0.3379146961609038,0.4287804140008555,0.3933890406067234,0.4093891784483724,0.6108109941471491,1.1236107991154232,0.5064317401803482,0.078219441519257,0.3945547944592338,0.1404466367838155,0.0184824258800251,1.1918854929158074,0.2206420145529203,0.3857359303968676,0.418951549247639,0.1333758798301044,0.5872568706203838,0.2044969998814058,0.4238935122043003,0.018200947550982,1.2888147843372797e-07,1.498151307228204,0.4067145854660389,0.1695785553429086,1.0097394788352014,8.581154851660616e-08,0.4248974414700192,0.4029572669987039,0.379121506400238,1.4115511567953134,0.3435595843425332,1.363172568982142,1.2539790739266283,0.7392709535918922,1.1236107991154234,0.4818955173625419,0.4908716366294389,0.4089276537027823,0.6017448541346359,0.3896258972464527,0.1362947394825012,0.3693850650303985,0.0054554521768307,0.1117824381545196,0.2328950161418007,0.418951549247639,0.5372794583326311,0.1193171492422049,0.6839144799867047,0.2848871198798559,0.418951549247639,0.1776220230792953,0.8655689637247861,0.5583896166666799,1.4115511567953156,1.4115511567953138,0.3644106769142803,0.418285832279924
0.88,1.1220076242596893,0.3553649176455264,1.3690289769732846,0.2708320215739583,0.3759047198689447,1.3145877340802858,0.8606372813966376,0.409276374481093,4.026133057004541e-05,0.3880702087585214,0.4147829116815814,0.0089163296671781,0.8501958521146008,0.3883772683454782,1.4196421956579344,0.3513042381436445,0.3880226530843731,0.3244025405992333,1.511050239426106,0.1606839916526773,1.1220076242596904,0.3764640047055365,0.3823697547765732,0.3226017820605649,0.4147829116815814,1.1220076242596897,1.466863860001406,0.140782718088561,0.7331016764171996,0.414804785079659,0.0564421129138638,1.1220076242596893,0.3500801349563238,0.1799639299462666,1.511050239426106,0.3715423986841781,1.419642195657934,0.2914556614700405,0.2941993713403111,0.3766140361410589,0.0536679795360198,0.4223558899553194,0.3339885337797305,0.4244388856615929,0.3896416786118409,0.4050597292536383,0.6055979206571378,1.1220076242596912,0.4846801583958867,0.07911151834684,0.390816344788171,0.1408059511824492,0.0173409356475316,1.1918865307688593,0.218801998255839,0.3817817024786072,0.4147829116815814,0.132786623946886,0.5746406006478663,0.2046196147054512,0.419633971754934,0.0186260569238227,1.3035416748603936e-07,1.5110502394261094,0.4027678088853987,0.1750449465656026,0.9972507754647936,9.48875311915322e-08,0.4206841658559164,0.3989398538469068,0.3756574492766358,1.4196421956579317,0.3400358261408408,1.3690289769732846,1.255773002478641,0.7338142736640363,1.1220076242596897,0.4695149983733618,0.4907737079547962,0.4049358601732756,0.5998359587542655,0.3859083822309999,0.1430152970641442,0.3660169817044666,0.0056816812235666,0.1124175041585785,0.2318814231620796,0.4147829116815814,0.5482711849010105,0.1212092850619223,0.6889159223295689,0.2827679674334399,0.4147829116815814,0.1783859954245799,0.8606372813966376,0.5563944445545044,1.4196421956579337,1.419642195657936,0.3605582333568817,0.4141292935599103
0.89,1.119538933287466,0.3521864845428625,1.3731361237173731,0.2675024523813539,0.3766888169238234,1.3168191630225456,0.8554022323171806,0.4052495223128138,4.070025368927479e-05,0.384421052884115,0.4106557527523455,0.0083000022547322,0.8522536312828495,0.3841905283067473,1.4257528254288852,0.3465509284564523,0.3842583908147934,0.3216222994833582,1.5215037426023803,0.1627030742756376,1.119538933287467,0.3730246961440083,0.3786701923433734,0.3195698815074276,0.4106557527523455,1.1195389332874663,1.4750934685118158,0.1401376866533796,0.74454448948052,0.4106782599767709,0.0571479377062282,1.119538933287466,0.3435968275768697,0.1858475845647497,1.5215037426023803,0.368238018363742,1.4257528254288825,0.2892738726647305,0.2917940466243873,0.3731655701591221,0.0532205400220084,0.4247812085599067,0.3301346561854371,0.4201408653321216,0.3859314785209525,0.4007787234806388,0.6003518042761999,1.119538933287467,0.4640244953925435,0.079993159567617,0.3871133450450716,0.1411479557356511,0.0162847310689223,1.1908106081963197,0.2169800838025778,0.3778785521694756,0.4106557527523455,0.1321999714016651,0.5623332492605639,0.2047167326999095,0.4154173022383913,0.0190537120871798,1.318266592344579e-07,1.5215037426023823,0.3988595090269795,0.1805503973084302,0.984354494164219,1.047880370305066e-07,0.4165107734184822,0.3949668903694648,0.3722250434615272,1.4257528254288805,0.336569577572866,1.3731361237173731,1.2562709423744336,0.7282151873765784,1.1195389332874663,0.4573341001199337,0.4906091307370371,0.4009831761224754,0.597778703994701,0.3822297503593611,0.1498735661128981,0.3626821160757897,0.0059134720553325,0.1130476479267144,0.2308859132791492,0.4106557527523455,0.5589977766279777,0.123083731894183,0.6935110967385565,0.280665235722245,0.4106557527523454,0.1791840176577939,0.8554022323171806,0.554305035889213,1.425752825428885,1.4257528254288845,0.3567672487289083,0.4100140726924714
0.9,1.1162297784454838,0.3490530049363441,1.3755178400010444,0.264254933532004,0.3773792457157276,1.317556400095227,0.8498770630005887,0.4012622861325168,4.113876759511887e-05,0.3808066496344648,0.4065696597405991,0.0077369185503462,0.8537772540951708,0.3800577430444517,1.429902527478268,0.3418779601988171,0.3805337959673307,0.3188668212966074,1.5295170897031491,0.1648081084212347,1.1162297784454824,0.3696163693432436,0.3750131203625537,0.3165677016912265,0.4065696597405991,1.1162297784454829,1.4811235622569767,0.1394956105919686,0.7554225412497028,0.4065927844003034,0.0578479800418412,1.1162297784454838,0.3373037291080012,0.1917540527697616,1.5295170897031491,0.3649605556632333,1.429902527478266,0.2871084163690274,0.2894117713741981,0.3697486800519202,0.052776835746906,0.4270586691384126,0.3263511475024308,0.4158859539546434,0.382257959973655,0.3965455912769107,0.5950759975977115,1.116229778445484,0.4444483600283245,0.0808642487834575,0.3834454574048357,0.1414729282426237,0.0153077673938679,1.1886846537015874,0.2151760766281597,0.3740254858162889,0.4065696597405991,0.13161591069287,0.5503382405889378,0.2047888815441279,0.4112430677627802,0.019483805072588,1.3329895369877033e-07,1.5295170897031458,0.3949893031579042,0.1860880405404672,0.9710990588020716,1.1557554381651588e-07,0.412376956547001,0.3910377276791619,0.3688239997549093,1.4299025274782633,0.3331591456282637,1.3755178400010444,1.2555003369795232,0.7224822377209441,1.1162297784454829,0.4453599171018286,0.4903760250081129,0.3970692034320524,0.5955780969885749,0.3785893482794203,0.1568625507552605,0.3593800099744255,0.0061508349816241,0.1136705343636456,0.2299080716001967,0.4065696597405991,0.5694376757127627,0.1249398345292317,0.6977013404306254,0.2785786827209474,0.4065696597405991,0.1800142979363201,0.8498770630005887,0.5521230798630317,1.4299025274782653,1.4299025274782649,0.3530361487621646,0.4059397577137525
0.91,1.1121062663752928,0.3459643497129999,1.376203516481614,0.2610865654002808,0.3779775948999941,1.3168300018878425,0.8440748840348778,0.3973142760123461,4.157687256976074e-05,0.3772266095709963,0.4025242240336359,0.0072235164740716,0.854775765935602,0.3759780412794244,1.4321180143501824,0.3372838311929234,0.3768483280798259,0.3161358886852532,1.5351067588560765,0.1669902008502366,1.1121062663752923,0.3662387659389672,0.3713976931955901,0.3135949458658654,0.4025242240336359,1.112106266375292,1.4849765749461277,0.1388564763635397,0.7657127348449437,0.4025479501978281,0.0585421401256032,1.1121062663752928,0.3311966310957356,0.1976773192624726,1.5351067588560765,0.3617098798278061,1.4321180143501833,0.2849591703204698,0.2870522496877145,0.366363076694993,0.0523368356805813,0.4291893420282718,0.3226361507341871,0.4116737530723938,0.3786206572232959,0.3923597697682455,0.5897737333993259,1.1121062663752934,0.4259298617292635,0.0817246775247885,0.3798123473642341,0.1417811429451811,0.0144044538419552,1.185537450004531,0.2133897843423706,0.3702215377333868,0.4025242240336359,0.1310344303697433,0.5386575781703657,0.2048365805787174,0.4071108371007166,0.0199162281986744,1.3477105089876178e-07,1.535106758856075,0.3911568122612007,0.1916510807272659,0.957530918587184,1.273162936316927e-07,0.4082824072385098,0.3871517306842866,0.3654540315992182,1.4321180143501786,0.3298029038760998,1.376203516481614,1.25349149991318,0.7166237301058416,1.112106266375292,0.4335986826053938,0.490072694398615,0.3931935495909522,0.5932390851760845,0.3749865495695783,0.1639748738910169,0.3561102176060721,0.0063937772632827,0.1142841583591901,0.2289474720748207,0.4025242240336359,0.5795706878289772,0.1267769611652512,0.7014886182634965,0.2765080839203198,0.4025242240336359,0.1808750497805936,0.8440748840348778,0.5498503401861514,1.4321180143501815,1.4321180143501795,0.3493634064055991,0.4019059408747584
0.92,1.107195429334507,0.3429203248747364,1.3752277287528236,0.2579945601782407,0.378485465659017,1.314674319804351,0.8380086540157191,0.3934051059758901,4.201456889521116e-05,0.373680552533056,0.3985190410845141,0.006756426940977,0.8552588601299033,0.3719505689360565,1.4324327938991517,0.3327670683868496,0.3732014596231416,0.3134292886466208,1.538299899553576,0.1692409051552249,1.107195429334507,0.3628916290628377,0.3678230972438571,0.3106513202709342,0.3985190410845141,1.107195429334506,1.486683565265058,0.1382202704893451,0.7753942090216279,0.398543353250857,0.059230322237194,1.107195429334507,0.3252713080350604,0.2036113573709179,1.538299899553576,0.3584858581618273,1.4324327938991526,0.2828260131718325,0.2847151910041622,0.3630084736112481,0.0519005090534979,0.4311744037520118,0.3189878658758662,0.4075038651055952,0.3750191181966406,0.3882207029706507,0.5844481280734681,1.1071954293345063,0.4084424416177354,0.0825743448393108,0.3762136836980198,0.1420728705689223,0.01356961845329,1.1813994493601248,0.2116210167050639,0.3664657692380983,0.3985190410845141,0.1304555190321169,0.5272919666554865,0.2048603409232503,0.4030201836350892,0.0203508741181027,1.3624295085421546e-07,1.5382998995535762,0.3873616610782213,0.1972327984741267,0.9436944698624176,1.40080457078623e-07,0.4042268172354772,0.3833082777702123,0.3621148550551845,1.4324327938991497,0.3264992896406374,1.3752277287528236,1.2502773688364688,0.7106477324889442,1.107195429334506,0.4220558087818651,0.4896976212260864,0.3893558274607777,0.5907665535045141,0.3714207530104374,0.1712027986591564,0.3528723050595382,0.0066423031233713,0.1148868034174198,0.2280036782207281,0.3985190410845141,0.5893779812451132,0.1285945032389931,0.7048754947451394,0.2744532303425262,0.3985190410845141,0.1817644938323052,0.8380086540157191,0.5474886490102179,1.4324327938991508,1.432432793899151,0.3457475404464766,0.3979122185894823
0.93,1.1015251002852433,0.3399206765144614,1.372629851445209,0.2549762374942215,0.3789044697581851,1.3111271857072946,0.8316911647768136,0.3895343939326733,4.245185685330858e-05,0.3701681070912824,0.3945537103716011,0.0063324699175957,0.8552368279906715,0.3679744887542899,1.4308867119636,0.3283262272830769,0.3695926753972315,0.310746811981473,1.53913374457344,0.1715522003283229,1.1015251002852438,0.3595747033070054,0.3642885493935452,0.3077365341015725,0.3945537103716011,1.1015251002852438,1.4862836911385915,0.1375869795523934,0.7844483598538222,0.3945785934380512,0.0599124346440175,1.1015251002852433,0.3195235265057117,0.2095501416161707,1.53913374457344,0.3552883559975994,1.4308867119635988,0.2807088244842756,0.2824003099741193,0.3596845869467205,0.0514678253545396,0.4330151314967975,0.3154045480880815,0.4033758936015377,0.3714529036273003,0.3841278417034433,0.5791021849689499,1.1015251002852438,0.3919556504635533,0.0834131569259832,0.3726491384179918,0.1423483783639549,0.0127984756828718,1.1763025920330354,0.2098695856017466,0.3627572677243256,0.3945537103716011,0.1298791653301889,0.516240928988148,0.2048606655923957,0.3989706853040703,0.0207876358627716,1.377146535849129e-07,1.539133744573442,0.3836034781364951,0.202826555540226,0.9296319974291972,1.5394230144894932e-07,0.4002098781566809,0.3795067604817983,0.3588061887779097,1.4308867119636006,0.3232468012988166,1.372629851445209,1.245893260047285,0.7045620760570924,1.1015251002852438,0.4107359267737738,0.4892494614884185,0.3855556550622404,0.5881653218769548,0.3678913809751443,0.1785382509927077,0.3496658498303692,0.0068964137606359,0.1154770053361557,0.2270762438605537,0.3945537103716011,0.5988420827031685,0.1303918752397034,0.7078651057964974,0.2724139267809036,0.3945537103716011,0.182680859558641,0.8316911647768136,0.5450399010612331,1.4308867119636024,1.4308867119636004,0.3421871141693743,0.3939581913842939
0.94,1.0951237921480717,0.3369650955349797,1.3684536647800074,0.2520290202035888,0.3792362276914458,1.3062295960970465,0.8251350278631872,0.385701761618083,4.288873672571928e-05,0.3666889100443797,0.3906278353585211,0.0059486496075499,0.8547205097622259,0.3640489799110391,1.427525478440265,0.3239598913782531,0.366021471970919,0.3080882528163313,1.5376549762119902,0.1739164704019094,1.0951237921480712,0.3562877346984824,0.3607932955388397,0.3048502994786404,0.3906278353585211,1.0951237921480717,1.4838236548506247,0.1369565901971663,0.792858850582506,0.3906532745983472,0.0605883895156414,1.0951237921480717,0.3139490535797586,0.2154876599660654,1.5376549762119902,0.3521172366882328,1.4275254784402631,0.2786074847205446,0.2801073263344452,0.3563911354465534,0.0510387543288522,0.4347128977120139,0.3118845059298317,0.3992894434608714,0.3679215862568832,0.3800806435034641,0.5737387976458832,1.0951237921480723,0.3764358705035857,0.0842410268071399,0.3691183867343842,0.1426079301451734,0.0120865965321311,1.1702801286480025,0.2081353050194445,0.3590951457724864,0.3906278353585211,0.1293053579643009,0.505502918721483,0.204838049610515,0.3949619245457241,0.0212264068873071,1.391861591106339e-07,1.5376549762119889,0.3798818957650793,0.2084258001412484,0.915383633996891,1.6898036280573753e-07,0.3962312816215828,0.3757465832074651,0.3555277539931616,1.4275254784402645,0.3200439956941699,1.3684536647800074,1.2403766252442794,0.6983743564062936,1.0951237921480717,0.3996429266895566,0.4887270397784638,0.3817926553805336,0.5854401428375643,0.3643978779303846,0.1859728431410605,0.346490440360867,0.0071561073654677,0.1160535203475899,0.2261647138675113,0.3906278353585211,0.6079468701251728,0.1321685145074085,0.7104611303716504,0.2703899902392838,0.3906278353585211,0.1836223869013484,0.8251350278631872,0.5425060479805766,1.427525478440263,1.427525478440264,0.3386807340520186,0.3900434638485511
0.95,1.0880205814750896,0.3340532221214241,1.3627469568038593,0.2491504303448684,0.3794823669133457,1.300025396922679,0.8183526621943463,0.3819068345379381,4.3325208793937465e-05,0.36324260595552,0.3867410234545012,0.0056021489340077,0.8537212465770178,0.3601732376508015,1.4224001814151244,0.319666671613991,0.3624873571614973,0.3054534081878128,1.5339190552673836,0.1763264851220188,1.08802058147509,0.3530304706818765,0.3573366091794576,0.3019923314191892,0.3867410234545012,1.0880205814750905,1.4793571254136415,0.1363290891293374,0.8006116101101477,0.3867670044940733,0.0612581028397084,1.0880205814750896,0.30854366454588,0.2214179257504958,1.5339190552673836,0.3489723616207097,1.422400181415125,0.2765218752382207,0.2778359647876774,0.3531278404311999,0.0506132659757047,0.4362691648275791,0.3084260996486646,0.3952441211421744,0.3644247500983352,0.3760785725403964,0.5683607530460131,1.0880205814750905,0.3618469794532827,0.0850578740327838,0.3656211070191216,0.1428517863320973,0.0114298810246121,1.1633664470574538,0.2064179910228434,0.3554785402941756,0.3867410234545012,0.1287340856847164,0.495075427213217,0.2047929801247367,0.3909934882424847,0.0216670811108944,1.406574674511564e-07,1.5339190552673845,0.3761965500991984,0.2140240724651708,0.900987336340518,1.8527762194135774e-07,0.3922907193684985,0.3720271628657008,0.3522792744738854,1.4224001814151237,0.3168894856621411,1.3627469568038593,1.2337668117037577,0.6920919351756225,1.0880205814750905,0.3887799972478981,0.4881293441351421,0.3780664561876716,0.5825956994812475,0.3609397090405093,0.1934978980374681,0.3433456755965647,0.0074213791382818,0.1166152971945263,0.225268624917644,0.3867410234545012,0.6166775622319987,0.1339238810165839,0.712667762032976,0.268381248548656,0.3867410234545012,0.184587327869597,0.8183526621943463,0.5398890928724561,1.4224001814151246,1.4224001814151253,0.3352270484970018,0.3861676445863422
0.96,1.0802449967534005,0.3311846499776624,1.3555611243261525,0.2463380852547576,0.3796445201544767,1.2925609709588397,0.8113562828650439,0.3781492419170038,4.3761273339285366e-05,0.3598288467249356,0.382892885975112,0.0052903234680676,0.8522508335231704,0.3563464729252249,1.4155667937686434,0.3154452058384829,0.3589898495506365,0.3028420776819785,1.5279895209852703,0.1787753816131346,1.0802449967534002,0.3498026601091528,0.3539177900888353,0.2991623478072306,0.382892885975112,1.0802449967534005,1.4729441443312548,0.1357044631154912,0.8076948206760757,0.382919394774124,0.061921494339296,1.0802449967534005,0.3033031499927173,0.2273349892146671,1.5279895209852703,0.345853590245707,1.4155667937686407,0.2744518782830232,0.2755859548855667,0.3498944257728422,0.0501913305463673,0.437685480095263,0.3050277395262277,0.3912395348465281,0.3609619897563987,0.3721210995331744,0.5629707345805445,1.0802449967534011,0.34815095614156,0.0858636244120834,0.3621569807705447,0.143080203988273,0.0108245328458373,1.1555969042922014,0.2047174617307025,0.3519066117099725,0.382892885975112,0.1281653372914006,0.4849550855159316,0.2047259365165294,0.3870649676657621,0.0221095529574865,1.421285786262566e-07,1.5279895209852696,0.3725470810757639,0.2196150103324348,0.8864788767545675,2.029216841673222e-07,0.388387883366833,0.3683479285946514,0.3490604765169308,1.41556679376864,0.3137819376619932,1.3555611243261525,1.2261048269965868,0.6857219420917433,1.0802449967534005,0.3781496649336967,0.4874555208454963,0.3743766898800572,0.5796366035761409,0.3575163588677967,0.2011044743892678,0.3402311645591848,0.0076922213102262,0.1171614526744275,0.2243875062465148,0.382892885975112,0.6250207051723848,0.1356574571461851,0.7144896805722745,0.2663875391414175,0.382892885975112,0.1855739480757832,0.8113562828650439,0.5371910850557426,1.4155667937686418,1.4155667937686411,0.3318247465984582,0.3823303461693456
0.97,1.071826911510498,0.3283589303367814,1.346950775365345,0.2435896938357769,0.3797243238173661,1.2838849295183763,0.8041578910322846,0.3744286166508284,4.419693064291333e-05,0.3564472911956027,0.3790830381033988,0.0050106949349038,0.8503214739111842,0.3525679120414062,1.4070856764115702,0.3112941582787181,0.3555284780334219,0.3002540631224291,1.5199372698772868,0.1812566469925752,1.0718269115104984,0.346604053235142,0.3505361630494332,0.2963600693648022,0.3790830381033988,1.0718269115104977,1.4646505206032192,0.1350826989828449,0.8140988952918747,0.3791100609372006,0.0625784873917039,1.071826911510498,0.2982233222912987,0.2332329486890229,1.5199372698772868,0.3427607801212365,1.407085676411567,0.2723973769821597,0.2733570309164833,0.3466906178720261,0.0497729185420059,0.4389634705548663,0.3016878842773914,0.3872752946838411,0.3575329098005597,0.3682077016674672,0.5575713251374873,1.0718269115104977,0.3353084281457877,0.0866582097679255,0.3587256925793215,0.1432934368602451,0.0102670359798671,1.1470076640881497,0.2030335372925373,0.3483785431589164,0.3790830381033988,0.1275991016338002,0.4751377608429992,0.204637390511792,0.3831759584208521,0.0225537173944338,1.4359949265570914e-07,1.5199372698772875,0.3689331324211593,0.2251923549379353,0.871891848408078,2.220049628886702e-07,0.3845224659236574,0.3647083214453734,0.3458710889199901,1.4070856764115676,0.3107200695106963,1.346950775365345,1.2174331092567263,0.6792712773834091,1.0718269115104977,0.3677538325264993,0.4867048692113507,0.3707229933297233,0.5765673938877881,0.3541273301622916,0.2087833923689185,0.3371465259359787,0.0079686231661402,0.1176912502355488,0.2235208804082504,0.3790830381033988,0.6329641562725558,0.1373687474369827,0.7159320237624193,0.2644087079656325,0.3790830381033988,0.186580528213584,0.8041578910322846,0.5344141150178181,1.4070856764115662,1.4070856764115665,0.3284725569427825,0.3785311850907322
0.98,1.062796442355709,0.3255755757554157,1.336973335688151,0.2409030529705563,0.3797234164499318,1.274047810105682,0.7967692648381164,0.370744595260407,4.463218098579991e-05,0.3530976047891844,0.3753110988513995,0.0047609444135496,0.8479457348167274,0.3488367963186995,1.3970210820270403,0.307212219023096,0.3521027813976542,0.2976891683015776,1.509839820955183,0.1837641018925419,1.062796442355708,0.3434344017177159,0.3471910766517941,0.293585219623324,0.3753110988513995,1.062796442355709,1.454547220490447,0.13446378361897,0.8198164455528965,0.3753386222951757,0.063229008948646,1.062796442355709,0.2933000215142822,0.239105961356844,1.509839820955183,0.3396937869675555,1.3970210820270377,0.2703582553377288,0.2711489317964424,0.3435161456345109,0.0493580007115956,0.4401048381267349,0.2984050395012216,0.3833510128224049,0.3541371241862053,0.3643378625142265,0.5521650100104963,1.062796442355708,0.3232791625952521,0.0874415677110628,0.3553269300953428,0.143491735416101,0.0097541331869322,1.1376355404120844,0.2013660398655692,0.344893539738245,0.3753110988513995,0.1270353676106254,0.465618647548649,0.204527806289481,0.3793260603923084,0.0229994699695718,1.4507020955928654e-07,1.5098398209551782,0.3653543516324998,0.2307499566180454,0.857257683234826,2.4262486690933805e-07,0.3806941597848686,0.3611077940792472,0.3427108429587481,1.3970210820270357,0.3077026482143908,1.336973335688151,1.207795303900238,0.6727466145277563,1.062796442355709,0.3575938168800275,0.4858768362934186,0.367105007747851,0.5733925346943555,0.350772142735098,0.2165252597851314,0.3340913876852919,0.0082505710696739,0.1182040812563509,0.2226682640349255,0.3753110988513995,0.6404970650280056,0.1390572783371014,0.7170003593178749,0.2624446085236668,0.3753110988513995,0.187605365477729,0.7967692648381164,0.5315603095677792,1.3970210820270386,1.3970210820270412,0.3251692464425078,0.3747697817200489
0.99,1.0531838520570318,0.3228340637013498,1.3256886617988966,0.2382760440769955,0.3796434372937232,1.2631017814518328,0.7892019513188894,0.3670968178492379,4.506702464875197e-05,0.3497794591696734,0.3715766910220457,0.0045389053315168,0.8451365039660467,0.3451523817538214,1.3854406629002929,0.303198103514225,0.3487123079308195,0.295147198750141,1.4977805745010513,0.1862918848480866,1.053183852057033,0.3402934586220486,0.3438819021541766,0.2908375248952464,0.3715766910220457,1.0531838520570338,1.4427097571955712,0.1338477039715155,0.8248422404715037,0.3716047019366446,0.0638729894578258,1.0531838520570318,0.2885291208276381,0.2449482536027478,1.4977805745010513,0.336652464731168,1.3854406629002916,0.2683343982201698,0.2689614009635297,0.3403707404483299,0.0489465480498501,0.4411113548317424,0.295177756182102,0.3794663036230967,0.3507742557201211,0.3605110719492807,0.5467541797511355,1.0531838520570338,0.3120225019600199,0.0882136414309707,0.3519603839953583,0.1436753468835926,0.0092828061777547,1.1275178473433367,0.1997147935919383,0.3414508277720601,0.3715766910220457,0.126474124169632,0.4563923526115153,0.2043976405887916,0.3755148776899061,0.0234467068468062,1.4654072935675986e-07,1.4977805745010533,0.3618103899534187,0.236281780591359,0.8426056810308163,2.648839914117513e-07,0.3769026582311805,0.3575458104699694,0.3395794723642409,1.385440662900289,0.304728487893207,1.3256886617988966,1.1972360475837729,0.6661544032926245,1.0531838520570338,0.3476703858478667,0.4849710116449681,0.3635223785593103,0.570116414482674,0.3474503324094218,0.2243204986151871,0.3310653866581237,0.0085380484904899,0.118699448681503,0.2218291685943567,0.3715766910220457,0.6476098514689689,0.1407225979366289,0.717700657136302,0.2604951010212777,0.3715766910220456,0.1886467749251037,0.7892019513188894,0.5286318271860767,1.3854406629002918,1.385440662900291,0.3219136192024797,0.3710457602590628
1.0,1.0430194577203649,0.3201338399434916,1.3131586625082816,0.2357066297987588,0.3794860249042409,1.2511003572113322,0.781467259252659,0.3634849280624408,4.550146191240482e-05,0.346492531932394,0.3678794411714423,0.0043425563420158,0.8419069480205901,0.3415139386940417,1.3724149861133563,0.2992505520517139,0.3453566150523793,0.2926279615404404,1.483848071027216,0.1888344375097292,1.043019457720365,0.3371809784277605,0.3406080323997195,0.2881167142459824,0.3678794411714423,1.0430194577203655,1.4292175852293398,0.1332344470479336,0.8291731569998909,0.3679079266906001,0.064510362785874,1.0430194577203649,0.2839065313883755,0.2507541309274894,1.483848071027216,0.3336366656560414,1.372414986113358,0.266325691361763,0.2667941862755398,0.3372541361610614,0.0485385317951685,0.4419848581395272,0.2920046292393866,0.3756207837595244,0.3474439355667112,0.3567268260739644,0.5413411329464507,1.043019457720364,0.3014977471594129,0.0889743795010056,0.3486257479513036,0.1438445152878409,0.0088502573507831,1.1166922556047771,0.1980796245761758,0.3380496541076633,0.3678794411714423,0.1259153603074045,0.4474529756554825,0.2042473428149149,0.371742018595278,0.023895324840234,1.480110520678982e-07,1.4838480710272175,0.358300902345314,0.2417819126269252,0.827963048477636,2.888903125476836e-07,0.3731476551691689,0.3540218456104929,0.336476713300421,1.37241498611336,0.3017964477954088,1.3131586625082816,1.1858007600857037,0.6595008730414295,1.0430194577203655,0.3379837942656842,0.4839871220463896,0.3599747552871102,0.5667433448153665,0.3441614500440128,0.2321593717818788,0.3280681682354099,0.0088310360334617,0.1191769527255343,0.2210031011444559,0.3678794411714423,0.6542941820397894,0.1423642756921217,0.718039261887598,0.2585600516147908,0.3678794411714423,0.1897030907769423,0.781467259252659,0.5256308535674344,1.3724149861133548,1.3724149861133548,0.3187045154174842,0.3673587486984926
1.01,1.0323335441080972,0.3174743217529839,1.2994469309835617,0.2331928508257855,0.3792528158407328,1.238098119442661,0.773576252897672,0.3599085730475594,4.593549305722225e-05,0.3432365063162524,0.3642189795715233,0.0041700141593093,0.838270472308088,0.3379207515182551,1.358017059072916,0.2953683293047512,0.342035268969257,0.2901312651195626,1.4681352565777974,0.1913864906401476,1.032333544108098,0.3340967170385616,0.3373688807882595,0.2854225194661249,0.3642189795715233,1.032333544108097,1.4141535038314277,0.1326239999152048,0.8328081229260519,0.3642479270903577,0.0651410661426279,1.0323335441080972,0.2794282067800078,0.2565179874165655,1.4681352565777974,0.3306462403604348,1.358017059072916,0.2643320213501778,0.2646470399106506,0.3341660690573083,0.0481339234275987,0.4427272464454828,0.2888842961240059,0.371814072325324,0.3441458027916937,0.3529846271367677,0.5359280789236918,1.0323335441080994,0.2916644907225731,0.0897237356958587,0.3453227185991389,0.1439994814886277,0.008453892968542,1.1051966559774633,0.1964603608629352,0.3346892854383586,0.3642189795715233,0.125359065069141,0.4387941835801195,0.2040773551433841,0.3680070955093083,0.0243452214468367,1.49481177712469e-07,1.4681352565777983,0.3548255474548448,0.2472445645985471,0.8133549468632626,3.1475738557381933e-07,0.3694288452175988,0.3505353852252204,0.3334023043419272,1.358017059072915,0.2989054303969978,1.2994469309835617,1.173535444691208,0.6527920362693205,1.032333544108097,0.3285338189144406,0.4829250262513022,0.3564617914457463,0.5632775593597136,0.3409050606240417,0.2400320100614295,0.3250993859807004,0.0091295114697871,0.1196362783889245,0.2201895650823759,0.3642189795715233,0.6605429431397604,0.1439819021418014,0.7180228660110325,0.2566393317453514,0.3642189795715233,0.1907726676619969,0.773576252897672,0.5225595973536972,1.358017059072914,1.358017059072916,0.3155408103005068,0.3637083787756014
1.02,1.0211562821066975,0.3148549009238944,1.284618388958129,0.2307328228397037,0.3789454434229239,1.2241504528417884,0.7655397465760455,0.3563674034168654,4.636911836349663e-05,0.3400110709372888,0.3605949401730783,0.0040195264166427,0.8342406820386159,0.3343721183257408,1.3423218680285618,0.2915502238342835,0.338747844352596,0.2876569191688816,1.4507387599980686,0.193943050855241,1.0211562821066953,0.3310404317936556,0.3341638803000569,0.2827546750439444,0.3605949401730783,1.0211562821066955,1.3976030734020066,0.1320163496995654,0.8357480528356533,0.3606243373376747,0.0657650400067297,1.0211562821066975,0.2750901470156578,0.2622343147521488,1.4507387599980686,0.3276810379179608,1.3423218680285618,0.2623532756220696,0.2625197182709846,0.3311062778363829,0.0477326946668178,0.4433404746767049,0.2858154354605002,0.3680457909296069,0.3408795039402402,0.3492839834559944,0.5305171403839777,1.0211562821066953,0.282482903025486,0.0904616688196282,0.3420509955081815,0.1441404832172775,0.0080913076586601,1.0930690297773171,0.1948568324149767,0.331369007651583,0.3605949401730783,0.1248052275484375,0.4304092799058983,0.2038881126230321,0.3643097249003458,0.0247962948777838,1.5095110631023802e-07,1.4507387599980612,0.3513839875783815,0.2526640798882138,0.7988045473301715,3.426045464603258e-07,0.3657459237892323,0.347085925487702,0.3303559864520584,1.3423218680285638,0.296054379583089,1.284618388958129,1.1604864975656652,0.6460336923414663,1.0211562821066955,0.3193197924020566,0.4817847097541299,0.3529831444425549,0.5597232130693056,0.33768074241475,0.2479284390120688,0.322158701307851,0.009433449769937,0.120077184561525,0.2193880608867695,0.3605949401730783,0.6663502124791445,0.1455750886122011,0.7176584831756339,0.2547328175504617,0.3605949401730783,0.1918538818007005,0.7655397465760455,0.519420286053069,1.3423218680285665,1.342321868028565,0.3124214130408231,0.3600942859326145
1.03,1.0095176523274665,0.3122749466216128,1.2687389445591086,0.2283247335792418,0.3785655365522392,1.2093132905506658,0.7573683000579647,0.3528610732109064,4.680233811134913e-05,0.3368159195417854,0.3570069605691474,0.0038894646011965,0.8298313450358709,0.3308673506324079,1.32540593192993,0.2877950476246039,0.3354939240340531,0.2852047344868152,1.431758187254478,0.1964993880709015,1.0095176523274645,0.3280118814805794,0.3309924825688266,0.2801129181381652,0.3570069605691474,1.0095176523274656,1.379654048483619,0.1314114835862363,0.8379957778360796,0.3570367952671193,0.0663822280525274,1.0095176523274665,0.2708884021369914,0.2678977107598635,1.431758187254478,0.3247409059417203,1.3254059319299316,0.2603893424567243,0.2604119818889132,0.3280745035901973,0.0473348174701289,0.4438265500268408,0.2827967657329965,0.3643155637816707,0.3376446926467942,0.3456244093434143,0.5251103559666614,1.009517652327465,0.2739139748267845,0.091188142543115,0.3388102811508432,0.1442677551131351,0.0077602701338984,1.080347326520086,0.1932688710914028,0.3280881252012901,0.3570069605691474,0.124253836887075,0.4222912689671824,0.2036800432775764,0.3606495272532501,0.0252484440883794,1.5242083788096906e-07,1.4317581872544731,0.3479758886240116,0.2580349386059055,0.7843330925429328,3.72557116895693e-07,0.3620985871683245,0.3436729727440472,0.3273375029609484,1.3254059319299305,0.2932422789075229,1.2687389445591086,1.1467005265085246,0.6392314314063277,1.0095176523274656,0.310340635912919,0.4805662795884151,0.3495384754862666,0.5560843815099568,0.3344880861735493,0.255838605816748,0.3192457831633604,0.0097428231383569,0.1204994945149946,0.2185980868515641,0.3570069605691474,0.6717112284089259,0.1471434669169879,0.7169534222536851,0.2528403893440961,0.3570069605691474,0.1929451321304578,0.7573683000579647,0.5162151621420424,1.3254059319299316,1.3254059319299334,0.3093452657911369,0.356516109275895
1.04,0.9974473738018896,0.3097338080667675,1.251875164998922,0.2259668400209149,0.3781147185951377,1.1936428722215886,0.7490722147030855,0.3493892398631171,4.723515258072965e-05,0.3336507507773166,0.3534546819587801,0.0037783171115255,0.8250563560062614,0.3274057730743474,1.3073468736667937,0.2841016356241621,0.3322730987200387,0.2827745228920327,1.4112954373380275,0.1990510236179746,0.9974473738018876,0.325010826348846,0.3278541570015976,0.2774969885510151,0.3534546819587801,0.9974473738018892,1.3603958304165265,0.1308093888191525,0.8395559697368999,0.3534849423106728,0.0669925770782534,0.9974473738018896,0.2668190754355578,0.2735028874837586,1.4112954373380275,0.3218256906705035,1.307346873666794,0.2584401109697507,0.2583235953359824,0.3250704897813549,0.0469402640304747,0.4441875278195447,0.2798270440137266,0.3606230177658054,0.3344410292740439,0.3420054250288961,0.5197096827461029,0.9974473738018872,0.2659197194408025,0.0919031252491724,0.3356002808727469,0.1443815287596433,0.0074587100336753,1.06706934885265,0.1916963106261441,0.3248459605035507,0.3534546819587801,0.123704882274806,0.4144329151090629,0.2034535682058492,0.3570261270193254,0.0257015688066894,1.5389037244442425e-07,1.4112954373380229,0.3446009200716193,0.2633517625969798,0.7699599637326731,4.047466126082642e-07,0.3584865325839925,0.340296043242218,0.3243465995439396,1.3073468736667933,0.2904681499273319,1.251875164998922,1.1322241793929393,0.6323906384586873,0.9974473738018892,0.3015948907855023,0.4792699591644822,0.3461274495020298,0.5523650603216682,0.3313266944165188,0.2637524059376475,0.3163603077228973,0.0100576010498431,0.120903087609755,0.2178191398097493,0.3534546819587801,0.6766223573865412,0.1486866890486579,0.7159152618521587,0.2509619311576536,0.3534546819587801,0.1940448413723055,0.7490722147030855,0.5129464793461995,1.307346873666792,1.307346873666794,0.3063113426830098,0.3529734915358792
1.05,0.9849748377120736,0.3072308170621759,1.234093965171814,0.223657465670459,0.3775946063262635,1.1771955148844246,0.7406615303170355,0.3459515641653687,4.766756205141699e-05,0.3305152679802824,0.3499377491111553,0.0036846824749298,0.8199297023611989,0.3239867231184985,1.2882230104399714,0.280468845295418,0.329084966722474,0.2803660971446216,1.389454043731676,0.2015937189891388,0.9849748377120738,0.3220370281241537,0.3247483899430441,0.2749066287015491,0.3499377491111553,0.9849748377120744,1.339918942379045,0.130210052700694,0.840435060374147,0.3499684234626153,0.0675960369354648,0.9849748377120736,0.2628783263215896,0.279044678784674,1.389454043731676,0.3189352370562214,1.2882230104399686,0.2565054711068196,0.2562543271343472,0.3220939822214437,0.0465490067744666,0.4444255075000232,0.2769050647326743,0.3569677825070358,0.3312681805787119,0.3384265565860095,0.514316998662524,0.9849748377120718,0.2584633379323413,0.0926065898851362,0.3324207028631943,0.1444820327200237,0.0071847057972003,1.0532726447838192,0.1901389866066889,0.3216418533544062,0.3499377491111553,0.1231583529491429,0.4068267970629146,0.2032091016806896,0.3534391525671421,0.0261555695608826,1.5535971002036406e-07,1.3894540437316767,0.3412587549314914,0.2686093202119844,0.7557027521429982,4.3931095491752165e-07,0.3549094582796399,0.3369546628673251,0.3213830242001547,1.2882230104399734,0.28773105060883,1.234093965171814,1.1171039825149742,0.625516497529047,0.9849748377120744,0.293080748888325,0.4778960831544288,0.3427497350522711,0.5485691648088651,0.3281961807355303,0.2716597094846273,0.3135019581016087,0.0103777502875146,0.121287892063092,0.2170507158457538,0.3499377491111553,0.6810810597422852,0.1502044268637681,0.7145518254420117,0.2490973303348654,0.3499377491111554,0.1951514570392981,0.7406615303170355,0.5096164990959277,1.288223010439967,1.28822301043997,0.3033186488698337,0.3494660790277107
1.06,0.9721290460781936,0.3047652903700488,1.215462313000664,0.2213949979606587,0.3770068089291851,1.160027397037063,0.7321460226822951,0.3425477102342936,4.809956680301901e-05,0.3274091789785909,0.3464558103300574,0.0036072627550723,0.8144654316013826,0.3206095507802592,1.2681129647239295,0.2768955561735562,0.3259291337047705,0.2779792708830136,1.3663385448771712,0.2041234651827387,0.9721290460781952,0.3190902500229076,0.3216746838820522,0.2723415835992423,0.3464558103300574,0.9721290460781942,1.318314529122386,0.1296134625914183,0.8406411567543297,0.3464868872446591,0.0681925604597241,0.9721290460781936,0.259062372863875,0.2845180474588885,1.3663385448771712,0.3160693888518509,1.2681129647239275,0.2545853136374504,0.2542039496706038,0.3191447290495275,0.0461610183604309,0.4445426287539329,0.2740296584870299,0.3533494904286523,0.3281258194020194,0.3348873358585842,0.5089341048885765,0.9721290460781938,0.2515093507043024,0.0932985138215198,0.329271258125954,0.1445694925725661,0.006936473485411,1.0389944072069013,0.1885967364530576,0.3184751603690332,0.3464558103300574,0.1226142381951468,0.3994653576904785,0.2029470512465154,0.3498882361342533,0.0266103477053184,1.56828850628547e-07,1.3663385448771752,0.3379490697018376,0.2738025308171899,0.7415773339700968,4.763946854272859e-07,0.3513670635786136,0.333648366883034,0.3184465272312647,1.2681129647239306,0.2850300738022274,1.215462313000664,1.1013861890001049,0.6186139959777224,0.9721290460781942,0.284796081773464,0.4764450924318405,0.339405004262802,0.5447005296513916,0.3250961691624919,0.2795503872045889,0.3106704240777215,0.0107032349823026,0.1216538786437546,0.216292310995084,0.3464558103300574,0.6850858539125255,0.1516963717623402,0.7128711571206976,0.2472464771745356,0.3464558103300574,0.1962634523870585,0.7321460226822951,0.5062274871530164,1.268112964723931,1.2681129647239306,0.3003662195966247,0.3459935216125547
1.07,0.9589385553081275,0.3023365319463821,1.196046952193452,0.2191778857513867,0.3763529270525734,1.1421943562606205,0.7235352017240368,0.3391773454783097,4.85311671149726e-05,0.3243321959082659,0.3430085174187066,0.0035448571738497,0.8086776202656587,0.3172736183478569,1.2470952970071032,0.2733806694338914,0.3228052124418442,0.2756138585746914,1.342053886542449,0.2066364726099674,0.9589385553081284,0.3161702567665541,0.3186325566983981,0.269801600817849,0.3430085174187066,0.9589385553081294,1.2956738833193304,0.1290196059097936,0.8401839526786951,0.3430399856713597,0.0687821034025014,0.9589385553081275,0.2553674940229454,0.2899180918755885,1.342053886542449,0.3132279886992977,1.2470952970070968,0.2526795301488438,0.2521722391119341,0.3162224807108343,0.0457762716764704,0.4445410677527351,0.2711996908891754,0.3497677768021195,0.325013624382869,0.3313873003882109,0.5035627281332149,0.9589385553081288,0.2450236987869306,0.0939788787162907,0.3261516604503935,0.1446441309455301,0.0067123564754767,1.0242713806687302,0.1870693993970152,0.3153452544413466,0.3430085174187066,0.1220725273452175,0.392340949297701,0.2026678178155919,0.3463730137798124,0.027065805445415,1.5829779428873005e-07,1.34205388654245,0.3346715443255507,0.2789264690273245,0.7275979479582059,5.161491837647092e-07,0.3478590489462518,0.3303766996791291,0.3155368612204495,1.2470952970071,0.2823643457818137,1.196046952193452,1.0851166373443182,0.6116879288736271,0.9589385553081294,0.2767384685949979,0.4749175290730274,0.3360929327536608,0.5407629087291457,0.3220262935774215,0.2874143360037427,0.3078654018289958,0.0110340166538819,0.1220010551749506,0.2155434219299789,0.3430085174187066,0.6886362793061772,0.1531622343620458,0.7108814980387747,0.24540926461568,0.3430085174187067,0.1973793273070399,0.7235352017240368,0.5027817104040047,1.247095297007098,1.2470952970070992,0.2974531192959347,0.3425554726595542
1.08,0.9454314244997168,0.2999438350391944,1.1759141428937656,0.2170046369278355,0.3756345519197268,1.1237517005501918,0.7148383102728082,0.3358401405652413,4.896236326654388e-05,0.3212840350428733,0.3395955256449391,0.0034963559659776,0.8025803444413961,0.3139783001133194,1.2252481612344068,0.2699231074677889,0.31971282259309,0.2732696754789199,1.3167048584735734,0.2091291615331963,0.945431424499716,0.3132768145959181,0.3156215409475114,0.2672864304695264,0.3395955256449391,0.945431424499716,1.2720880000721932,0.1284284701319335,0.8390746374892715,0.3396273742158278,0.0693646243642795,0.9454314244997168,0.2517900315985375,0.2952400521332431,1.3167048584735734,0.310410878216669,1.225248161234408,0.2507880130397606,0.2501589753244639,0.3133269899356404,0.0453947398385424,0.4444230335244002,0.2684140614519173,0.3462222797900977,0.3219312796919359,0.3279259933426747,0.4982045228844301,0.945431424499717,0.2389738180351308,0.0946476703841567,0.3230616263828815,0.1447061675516628,0.0065108159577259,1.009139775305833,0.1855568164615231,0.312251524223198,0.3395955256449391,0.1215332097788844,0.3854458747278551,0.2023717957630133,0.3428931253380791,0.0275218458613294,1.5976654102066817e-07,1.316704858473571,0.331425862146493,0.2839763686449665,0.7137772748795568,5.587328882693492e-07,0.3443851160484913,0.3271392145252931,0.3126537810115524,1.2252481612344093,0.2797330248488731,1.1759141428937656,1.0683406201022012,0.6047429034392873,0.945431424499716,0.2689052227870798,0.4733140314260272,0.3328131995742167,0.5367599750535238,0.3189861971573113,0.2952415039200686,0.3050865936815516,0.0113700542529685,0.1223294617422617,0.2148035466299255,0.3395955256449391,0.6917328579702758,0.1546017441677498,0.7085912635173444,0.2435855879602272,0.3395955256449391,0.1984976091631179,0.7148383102728082,0.4992814338160997,1.2252481612344082,1.2252481612344075,0.2945784407091867,0.339151589008414
1.09,0.9316351683731512,0.2975864841570024,1.155129420545942,0.2148738160930843,0.3748532644894256,1.1047540334493315,0.7060643233873349,0.332535769390477,4.939315553682827e-05,0.3182644166347386,0.3362164937067333,0.0034607344798956,0.7961876518281,0.3107229821098756,1.2026489836295813,0.2665218134669363,0.3166515904873486,0.2709465376199333,1.2903955672191056,0.2115981530046417,0.9316351683731496,0.3104096912848806,0.3126411831814106,0.2647958251792197,0.3362164937067333,0.9316351683731504,1.247647160769203,0.127840042791333,0.8373258025560333,0.3362487117757116,0.0699400847288422,0.9316351683731512,0.2483263919110642,0.300479315736438,1.2903955672191056,0.3076178980845503,1.2026489836295815,0.2489106555144468,0.2481639417937638,0.3104580117183468,0.0450163961885518,0.4441907644482267,0.2656717025097805,0.3427126404831448,0.318878474785005,0.3245029634453072,0.4928610735923614,0.9316351683731507,0.2333286893065899,0.0953048786703797,0.3200008751985446,0.1447558192223366,0.0063304221704858,0.9936351878378996,0.1840588304404247,0.3091933736223691,0.3362164937067333,0.1209962749225982,0.3787724244489879,0.2020593730204142,0.3394482143728127,0.0279783729304807,1.6123509084411477e-07,1.2903955672191008,0.3282117098655485,0.28894762629382,0.7001265181948548,6.043115195271372e-07,0.3409449678071684,0.3239354733310973,0.309797043688424,1.2026489836295808,0.2771352999946244,1.155129420545942,1.0511027626748983,0.5977833435451083,0.9316351683731504,0.2612934175028994,0.471635329253098,0.3295654871421283,0.5326953207991526,0.3159755318629159,0.303021914468644,0.3023337078705801,0.0117113042049083,0.1226391665158952,0.2140721850359648,0.3362164937067333,0.6943770552189324,0.1560146492369683,0.7060090208790621,0.2417753446289873,0.3362164937067333,0.1996168535722158,0.7060643233873349,0.4957289175514249,1.2026489836295833,1.202648983629583,0.291741304032769,0.335781530932567
1.1,0.9175767146997788,0.2952637569136634,1.133757373143296,0.2127840423512914,0.3740106346661692,1.0852550929820493,0.6972219482019892,0.3292639090456021,4.9823544204750606e-05,0.3152730647670337,0.3328710836980795,0.0034370475343827,0.7895135353412179,0.3075070618556214,1.1793741653436522,0.2631757510157982,0.3136211489189693,0.2686442617692011,1.2632289465433857,0.2140402602759848,0.91757671469978,0.3075686561537196,0.309691043303976,0.2623295400593067,0.3328710836980795,0.9175767146997812,1.2224405471424495,0.1272543114786055,0.8349513460997203,0.3329036606394698,0.070508448598729,0.9175767146997788,0.2449730472356797,0.3056314227961009,1.2632289465433857,0.3048488881309342,1.1793741653436505,0.2470473515766036,0.2461869255474074,0.3076153032967482,0.044641214292461,0.4438465248723894,0.2629715781751877,0.3392385029306378,0.3158549041740501,0.3211177649052456,0.4875338967942691,0.9175767146997796,0.2280588675357567,0.0959504973287142,0.3169691288732916,0.1447932999413122,0.006169846313536,0.9777925294812044,0.1825752858783624,0.3061702213185928,0.3328710836980795,0.1204617122495236,0.372312909853785,0.2017309311684263,0.3360379281325236,0.0284352915489478,1.6270344377882145e-07,1.2632289465433888,0.325028777496637,0.2938358047356642,0.6866554852556658,6.530583066446167e-07,0.3375383084521781,0.3207650464122077,0.3069664085544551,1.1793741653436507,0.2745703896205902,1.133757373143296,1.0334469120969532,0.5908134942373104,0.9175767146997812,0.2538999098216443,0.4698822389519029,0.3263494811857754,0.5285724574296887,0.3129939579608394,0.3107456902881213,0.2996064583124928,0.0120577204544857,0.1229302621080485,0.2133488396878044,0.3328710836980795,0.6965712393876105,0.1574007158417685,0.7031434680117103,0.2399784339470758,0.3328710836980795,0.2007356451297387,0.6972219482019892,0.4921264142353218,1.1793741653436502,1.1793741653436525,0.2889408560882285,0.3324449621029218
1.11,0.9032823660840144,0.2929749257554702,1.111861436887798,0.2107339871779499,0.3731082205578933,1.0653076042899785,0.6883196242648044,0.3260242397874232,5.025352954906512e-05,0.3123097072158697,0.329558961075189,0.0034244240366259,0.7825719082387467,0.3043299481033029,1.155498809161364,0.2598839036920951,0.3106211369541635,0.2663626654355062,1.2353063064013745,0.2164524806509614,0.9032823660840136,0.3047534800816547,0.3067706939588344,0.2598873326844974,0.329558961075189,0.903282366084016,1.1965558860663563,0.1266712638412212,0.8319663769176804,0.3295918864529513,0.0710696827318364,0.9032823660840144,0.2417265370064312,0.3106920707573479,1.2353063064013745,0.3021036874145234,1.155498809161368,0.2451979960234032,0.2442277170795201,0.3047986241314908,0.0442691679384138,0.4433926018526806,0.2603126833283881,0.3357995141664051,0.3128602672146222,0.3177699573485872,0.4822244431828134,0.9032823660840136,0.2231364924437058,0.0965845239031259,0.313966112056167,0.1448188208781289,0.0060278530856827,0.9616459606204824,0.1811060290509255,0.3031815002968889,0.329558961075189,0.1199295112793331,0.3660596929908479,0.2013868455278979,0.3326619175065815,0.0288925075517713,1.6417159984453798e-07,1.235306306401371,0.3218767583228782,0.2986366358631408,0.6733726684734538,7.051542161519699e-07,0.3341648435706148,0.3176275122627828,0.3041616371122962,1.1554988091613676,0.2720375403139178,1.111861436887798,1.0154160356722195,0.5838374262852575,0.903282366084016,0.2467213637357447,0.468055658860101,0.3231648706898359,0.524394815911735,0.3100411435784277,0.3184030760222288,0.2969045643880164,0.0124092545118779,0.123202862396157,0.2126330163428372,0.329558961075189,0.6983186408714711,0.1587597281276131,0.7000034126797641,0.2381947569553979,0.329558961075189,0.2018525980806597,0.6883196242648044,0.4884761663744211,1.1554988091613652,1.1554988091613665,0.2861762695159303,0.3291415495521431
1.12,0.888777765946941,0.2907192595761385,1.0895037101613487,0.2087223723737855,0.3721475677793437,1.0449631458043642,0.6793655243332507,0.3228164450074298,5.068311184835575e-05,0.3093740753216265,0.3262797946230394,0.0034220618643662,0.7753765807493392,0.3011910605960552,1.131096470299322,0.2566452746751475,0.3076511997469105,0.2641015668617607,1.2067269210337488,0.2188319877543252,0.8887777659469429,0.3019639355186529,0.3038797199482019,0.2574689630669881,0.3262797946230394,0.8887777659469411,1.1700791253440257,0.1260908875832464,0.828387117551101,0.32631305818625,0.0716237564791495,0.888777765946941,0.2385834688069579,0.3156571186603799,1.2067269210337488,0.2993821343061834,1.1310964702993185,0.2433624844395484,0.2422861102772557,0.3020077358857194,0.0439002311348763,0.4428313020108236,0.2576940426400414,0.3323953242295852,0.3098942679082889,0.3144591057504283,0.4769340996190526,0.888777765946943,0.2185352834373327,0.0972069596130042,0.3109915520420027,0.1448325904211281,0.0059032937963942,0.9452288320565088,0.1796509079450232,0.3002266573975085,0.3262797946230394,0.1193996615780012,0.3600052129453983,0.2010274852498914,0.3293198369821516,0.0293499277321883,1.656395590610124e-07,1.2067269210337537,0.3187553488530189,0.3033460233627548,0.6602853259410443,7.607881834205549e-07,0.3308242801530265,0.3145224573340064,0.3013824930437636,1.1310964702993205,0.2695360256752752,1.0895037101613487,0.9970521292655482,0.5768590407351517,0.8887777659469411,0.2397542719352267,0.4661565646476014,0.320011347843697,0.5201657470112178,0.3071167642891811,0.3259844603759147,0.2942277507357791,0.0127658554996872,0.1234570997515767,0.2119242245762495,0.3262797946230394,0.6996233106027655,0.1600914877696305,0.6965977525960911,0.2364242162451874,0.3262797946230394,0.2029663569371596,0.6793655243332507,0.4847804039201659,1.1310964702993185,1.1310964702993198,0.2834467419915569,0.3258709636394717
1.13,0.8740878685536743,0.2884960252250941,1.0667447855926846,0.2067479680990075,0.3711302087993394,1.0242720287123803,0.6703675555962115,0.3196402112015581,5.111229138103602e-05,0.3064659038687909,0.3230332564222529,0.0034292230120899,0.7679412381770288,0.2980898298289544,1.1062389311489218,0.2534588863619283,0.3047109883637384,0.2618607850275431,1.1775876563589942,0.2211761241919596,0.8740878685536753,0.299199796496443,0.3010177176811215,0.2550741936318663,0.3230332564222529,0.8740878685536756,1.1430941404609656,0.1255131704650845,0.8242308074013942,0.3230668481008874,0.0721706417235844,0.8740878685536743,0.2355405191632289,0.3205225909410066,1.1775876563589942,0.2966840665683641,1.106238931148923,0.2415407131913779,0.2403619023491305,0.2992424024049099,0.0435343781087917,0.442164948510601,0.2551147096253988,0.3290255861810515,0.3069566147189311,0.3111847803677736,0.4716641910915379,0.8740878685536758,0.2142305210581384,0.0978178092416202,0.3080451787443862,0.1448348142101123,0.005795100005526,0.9285736326281594,0.1782097722394827,0.2973051528818347,0.3230332564222529,0.1188721527576003,0.3541420090848403,0.2006532134044729,0.3260113446019379,0.0298074598598311,1.6710732144799108e-07,1.177587656358997,0.3156642487782679,0.307960045044475,0.6473995610506394,8.201573464761484e-07,0.3275163266369214,0.3114494758187199,0.2986287421899278,1.1062389311489254,0.2670651451970532,1.0667447855926846,0.978396135018352,0.5698820734582261,0.8740878685536756,0.2329949764099945,0.4641860048002856,0.3168886079924479,0.5158885216667951,0.3042205027265419,0.333480397291458,0.2915757470559328,0.0131274702009785,0.1236931226209618,0.2112219783614815,0.3230332564222529,0.7004900781177382,0.161395813626768,0.6929354562627299,0.2346667158129279,0.3230332564222529,0.2040755970437851,0.6703675555962115,0.481041341973479,1.106238931148923,1.1062389311489242,0.2807514954648457,0.3226328780160428
1.14,0.859236912921094,0.2863044889142454,1.0436435998994775,0.2048095909847556,0.370057662330204,1.0032831894151006,0.6613333612919602,0.3164952279403116,5.15410684253493e-05,0.3035849309736594,0.3198190218163038,0.0034452289989989,0.7602794204545784,0.2950256968162331,1.080995999653927,0.2503237799906765,0.3018001596167788,0.2596401396565291,1.1479826364890473,0.2234823945782454,0.8592369129210946,0.2964608386386697,0.2981842946496051,0.2527027891927642,0.3198190218163038,0.8592369129210959,1.115682472042112,0.1249381003032174,0.8195156062718034,0.3198529317172571,0.0727103128199261,0.859236912921094,0.232594434152884,0.3252846807783821,1.1479826364890473,0.2940093214323504,1.0809959996539285,0.2397325794210146,0.238454893755159,0.2965023896968868,0.0431715833037516,0.4413958781499593,0.252573765729051,0.325689956115861,0.3040470204018012,0.3079465566733082,0.4664159826228508,0.8592369129210945,0.2101990171452716,0.0984170810276226,0.3051267246689187,0.1448256951686445,0.0057022776489207,0.9117119429920978,0.1767824732858687,0.2944164600136094,0.3198190218163038,0.1183469744760963,0.3484627413806479,0.2002643870683129,0.3227361019227191,0.0302650126979147,1.685748870252185e-07,1.1479826364890475,0.3126031609296204,0.3124749548362048,0.6347204007080749,8.834672820868993e-07,0.3242406929476291,0.308408169442065,0.2959001525313835,1.0809959996539302,0.2646242231896996,1.0436435998994775,0.9594878682223484,0.5629100996826621,0.8592369129210959,0.2264396878942771,0.4621450961985792,0.3137963495901963,0.5115663314351515,0.3013520482240579,0.3408816261955907,0.2889482879233555,0.013494043108258,0.1239110934143602,0.210525796630384,0.3198190218163038,0.700924509358577,0.1626725413942622,0.6890255445868286,0.2329221609332809,0.3198190218163039,0.2051790250911307,0.6613333612919602,0.4772611786262783,1.08099599965393,1.080995999653929,0.2780897754199694,0.319426969590693
1.15,0.8442484004386124,0.2841439175282083,1.0202573010926177,0.2029061023187084,0.3689314327577124,0.9820440946195076,0.6522703226931026,0.313381187839171,5.1969443259368815e-05,0.3007308979792911,0.3166367693790531,0.003469456534632,0.7524045031145905,0.2919981128640174,1.055435330865649,0.247239015271916,0.298918375904513,0.2574394512279961,1.118002948879095,0.2257484589080997,0.8442484004386125,0.29374683917005,0.2953790689312698,0.2503545169277582,0.3166367693790531,0.8442484004386123,1.0879230935282305,0.1243656649699492,0.8142604987777144,0.316670987782405,0.0732427465358429,0.8442484004386124,0.2297420298448774,0.329939752998538,1.118002948879095,0.2913577356732358,1.0554353308656474,0.2379379810405586,0.2365648881387413,0.2937874659120237,0.0428118213781809,0.4405264385671725,0.2500703194392584,0.3223880931720291,0.3011652018443542,0.3047440152900172,0.4611906811248971,0.8442484004386126,0.2064190756830154,0.0990047865593901,0.3022359248868135,0.1448054335359911,0.0056239016111273,0.8946743953299913,0.1753688640895213,0.2915600646548833,0.3166367693790531,0.1178241164371468,0.3429602080129252,0.1998613574111097,0.3194937739746472,0.0307224960194437,1.700422558124374e-07,1.1180029488790946,0.3095717912357495,0.316887184443094,0.6222518717955487,9.509322439987044e-07,0.3209970905366475,0.3053981472580725,0.2931964941687023,1.0554353308656486,0.2622126077541088,1.0202573010926177,0.9403659530565088,0.5559465384994802,0.8442484004386123,0.2200845041804359,0.4600350197938656,0.3107342741555059,0.5072022890032499,0.2985110964800775,0.3481790912743451,0.2863451126100121,0.013865516473323,0.1241111866599665,0.2098352038124917,0.3166367693790531,0.7009328643503894,0.1639215232548407,0.6848770732750574,0.2311904580479176,0.3166367693790532,0.20627537957911,0.6522703226931026,0.4734420929355567,1.055435330865648,1.055435330865648,0.2754608501569851,0.3162529184962362
1.16,0.8291450760316948,0.282013579842744,0.9966411325480512,0.2010364063019361,0.3677530096099572,0.960600658659496,0.6431855614307497,0.3102977865292934,5.239741616099775e-05,0.2979035493571726,0.3134861808826053,0.0035013334364854,0.7443296796450504,0.2890065393484555,1.029622271089479,0.2442036700267413,0.296065305059714,0.2552585409917489,1.087736387338924,0.227972126252358,0.829145076031695,0.2910575769246992,0.2926016687171222,0.2480291463555118,0.3134861808826053,0.8291450760316947,1.0598922083924431,0.1237958523931498,0.8084852000360767,0.3135206982380803,0.0737679219939617,0.8291450760316948,0.2269801925822979,0.3344843465431387,1.087736387338924,0.2887291456825456,1.0296222710894776,0.236156816726323,0.2346916922602365,0.2910974013236249,0.0424550672035389,0.4395589855590488,0.2476035054308916,0.3191196595360012,0.2983108799179245,0.3015767419266463,0.4559894372042376,0.8291450760316951,0.2028704461123928,0.0995809406720877,0.2993725170087745,0.1447742268987129,0.0055591107096647,0.8774906387424322,0.1739687992908114,0.2887354648761127,0.3134861808826053,0.1173035683898984,0.3376273604579248,0.1994444697808536,0.3162840292212914,0.0311798206224642,1.7150942782938885e-07,1.0877363873389243,0.3065698486815333,0.3211933446732349,0.6099970755844274,1.0227754031905591e-06,0.3177852324175755,0.3024190254521024,0.2905175393030609,1.0296222710894802,0.2598296697980756,0.9966411325480512,0.9210677668674052,0.5489946573336282,0.8291450760316947,0.2139254273318063,0.4578570163853294,0.3077020862287486,0.5027994287628552,0.2956973492452379,0.3553639597379739,0.2837659649160288,0.0142418303579197,0.1242935873906576,0.2091497303529086,0.3134861808826053,0.700522054887382,0.1651426275290504,0.6804991160072702,0.229471514668386,0.3134861808826053,0.2073634312309085,0.6431855614307497,0.4695862430257671,1.02962227108948,1.0296222710894756,0.2728640100937928,0.313110408056207
1.17,0.8139489126959554,0.2799127476559664,0.9728483333809228,0.1991994483742016,0.3665238670635649,0.9389971725999914,0.6340859421313468,0.3072447226285046,5.2824987407969415e-05,0.2951026326150678,0.310366941265485,0.0035403347927407,0.7360679451938372,0.2860504474990913,1.0036197239228395,0.2412168398322184,0.2932406202041056,0.253097230985839,1.057267231883256,0.2301513487564006,0.8139489126959552,0.2883928323533941,0.289851731863214,0.24572644931166,0.310366941265485,0.8139489126959547,1.0316630760454135,0.1232286505560008,0.8022100630109678,0.3104017481890865,0.0742858206149874,0.8139489126959554,0.2243058791204636,0.3389151765137199,1.057267231883256,0.2861233875384511,1.0036197239228368,0.2343889859131134,0.2328351159321851,0.2884319683084869,0.0421012958625342,0.4384958805091249,0.2451724837360627,0.3158843204450826,0.2954837793394068,0.2984443273139868,0.4508133469187074,0.8139489126959553,0.1995342707023163,0.1001455613472908,0.2965362411592102,0.144732270221907,0.0055071030581724,0.860189310080106,0.1725821351466091,0.2859421705798637,0.310366941265485,0.1167853201287862,0.3324573162519565,0.1990140637879434,0.3131065395203943,0.0316368983443868,1.7297640309581208e-07,1.0572672318832546,0.3035970452672562,0.325390226432714,0.5979582598459812,1.09922909001581e-06,0.3146048331997383,0.299470427149029,0.287863062217048,1.0036197239228408,0.257474802094911,0.9728483333809228,0.9016293926522716,0.5420575763723732,0.8139489126959547,0.2079583798263304,0.4556123824994751,0.3046994933312082,0.4983607074428563,0.292910514031144,0.3624276390437661,0.2812105930090854,0.0146229226851449,0.1244584897319659,0.2084689132083747,0.310366941265485,0.699699602356105,0.1663357383250834,0.6759007483878449,0.2277652392913554,0.310366941265485,0.2084419833587626,0.6340859421313468,0.4656957643152867,1.0036197239228368,1.0036197239228393,0.2702985670880519,0.3099991247520239
1.18,0.7986810992288109,0.2778406968366901,0.9489300544966978,0.1973942136050155,0.3652454634857891,0.9172762446442988,0.6249780753407888,0.3042216977125289,5.325215727784724e-05,0.2923278982106108,0.3072787386011312,0.0035859793622385,0.7276320815848096,0.2831293181873641,0.9774880373871848,0.2382776376737692,0.2904439996093024,0.2509553440565433,1.0266760641811223,0.2322842159230964,0.798681099228811,0.2857523875300298,0.287128905464961,0.2434461999254315,0.3072787386011312,0.7986810992288118,1.0033058654288811,0.1226640474967417,0.7954559878590283,0.3073138258719626,0.0747964260618487,0.7986810992288109,0.2217161166316567,0.3432291358023693,1.0266760641811223,0.2835402970735534,0.9774880373871858,0.2326343887885495,0.2309949719561197,0.2857909413276382,0.0417504826473554,0.4373394879237182,0.242776438941556,0.3126817441871219,0.2926836285421521,0.2953463671419805,0.4456634534865471,0.7986810992288111,0.1963930273994988,0.1006986696150622,0.2937268399507412,0.1446797558801034,0.0054671317784736,0.8427980099563487,0.1712087295119644,0.2831797031375911,0.3072787386011312,0.1162693614933336,0.3274433696176622,0.1985704733881752,0.3099609800853359,0.0320936420754072,1.7444318163144468e-07,1.0266760641811226,0.3006530959685299,0.3294748013942913,0.5861368884508913,1.180535038094204e-06,0.3114556091196119,0.2965519822270887,0.2852328392556468,0.977488037387188,0.2551474183824019,0.9489300544966978,0.8820855793871754,0.5351382729439551,0.7986810992288118,0.2021792196644125,0.4533024663742181,0.3017262059257735,0.4938890047951382,0.2901503038387462,0.3693617930500253,0.2786787492717176,0.015008729291528,0.1246060956651034,0.2077922963211538,0.3072787386011312,0.698473595817181,0.1675007551884583,0.6710910326709368,0.2260715413247694,0.3072787386011312,0.2095098721827299,0.6249780753407888,0.4617727678627836,0.9774880373871864,0.9774880373871856,0.2677638537785248,0.3069187581905921
1.19,0.7833620309856434,0.2757967082940932,0.9249352896434356,0.1956197251478629,0.363919241011007,0.8954787513367417,0.6158683207116133,0.3012284162864932,5.367892604802494e-05,0.2895790994701883,0.3042212640667041,0.003637826203083,0.7190346436065412,0.280242641720098,0.9512849112741636,0.2353851936043959,0.2876751265636483,0.248832703880134,0.996039617178358,0.2343689491622765,0.7833620309856435,0.283136026157037,0.2844328454529691,0.2411881745965082,0.3042212640667041,0.7833620309856414,0.9748875351703712,0.1221020313084179,0.7882443335853783,0.3042566226239137,0.0752997241848567,0.7833620309856434,0.2192080025871677,0.3474232963204883,0.996039617178358,0.2809797099402155,0.9512849112741644,0.2308929262874301,0.2291710760609281,0.2831740969072541,0.0414026030579148,0.436092173073663,0.2404145794121562,0.3095116020976997,0.2899101595553778,0.2922824619976285,0.4405407489492341,0.7833620309856419,0.1934304694095096,0.1012402894583788,0.2909440584590217,0.1446168736878217,0.0054385010340344,0.825343283680566,0.1698484418219971,0.2804475950389974,0.3042212640667041,0.115755682367953,0.3225790001307137,0.1981140269646111,0.306847029447267,0.0325499657710497,1.7590976345602235e-07,0.996039617178358,0.2977377186969507,0.3334442223451537,0.5745337082881554,1.266944629815305e-06,0.308337278070137,0.2936633271372582,0.2826266488073906,0.9512849112741688,0.2528469525003688,0.9249352896434356,0.8624697098293277,0.5282395858402332,0.7833620309856414,0.1965837544757869,0.4509286640491082,0.2987819373790823,0.4893871243299459,0.2874164369050186,0.3761583570797241,0.2761701901561435,0.0153991839797336,0.1247366139421035,0.207119431070449,0.3042212640667041,0.6968526504601413,0.1686375927518901,0.6660790032538811,0.2243903310236053,0.3042212640667041,0.2105659671036536,0.6158683207116133,0.457819338829341,0.951284911274165,0.9512849112741674,0.265259222945328,0.3038690010723226
1.2,0.7680113034882011,0.2737800688727023,0.9009108207486222,0.1938750427551178,0.3625466251502355,0.8736437990304946,0.6067627904301485,0.2982645857566838,5.410529399572661e-05,0.2868559925127369,0.3011942119122021,0.0036954715207109,0.7102879465334115,0.2773899176378608,0.9250653237579128,0.2325386544106115,0.2849336892445732,0.24672913498601,0.9654306573114912,0.2364038965900339,0.7680113034882012,0.2805435335698706,0.2817632162092751,0.2389521519721179,0.3011942119122021,0.7680113034882007,0.9464717390661193,0.1215425901386296,0.780596832288074,0.3012298328520766,0.0757957029678571,0.7680113034882011,0.2167787045266659,0.3514949098378111,0.9654306573114912,0.2784414616734528,0.9250653237579156,0.2291645000861399,0.2273632468427155,0.2805812136197481,0.0410576328001083,0.4347562997395123,0.2380861365390832,0.3063735685550269,0.2871631078914222,0.2892522173036972,0.4354461757891801,0.7680113034882001,0.1906315626048228,0.1017704477198176,0.2881876441978713,0.1445438109297881,0.0054205623595625,0.8078506068492743,0.1685011330739924,0.2777453895534855,0.3011942119122021,0.1152442726817476,0.3178578795967162,0.1976450474083487,0.3037643694178901,0.0330057844638578,1.7737614858927896e-07,0.9654306573114912,0.2948506342615193,0.3372958232202358,0.5631488133706396,1.3587191433122882e-06,0.3052495596280138,0.2908041047280613,0.2800442712856906,0.925065323757913,0.2505728575651575,0.9009108207486222,0.8428137754126441,0.5213642195778011,0.7680113034882007,0.1911677546612012,0.4484924155629606,0.2958664039249921,0.4848577940968824,0.2847086364666489,0.3828095518774707,0.2736846760462402,0.0157942185718246,0.124850259133162,0.2064498767011215,0.3011942119122021,0.6948458665390993,0.1697461803856721,0.6608736529311385,0.2227215194340841,0.3011942119122021,0.2116091709315402,0.6067627904301485,0.4538375350522473,0.9250653237579164,0.9250653237579156,0.2627840468885801,0.3008495491595421
1.21,0.7526477087145654,0.2717900721765264,0.8769011767917185,0.1921592613512598,0.3611290244322995,0.8518086950738534,0.5976673528616504,0.2953299164025288,5.453126139800679e-05,0.2841583361780766,0.2981972794298874,0.0037585457258772,0.7014040548377064,0.2745706545180739,0.8988814762709588,0.2297371832849464,0.2822193805961475,0.2446444627808259,0.9349178976047656,0.238387528062174,0.752647708714566,0.2779746967406425,0.2791196902029628,0.2367379129243576,0.2981972794298874,0.7526477087145654,0.9181187555738896,0.1209857121892816,0.7725355062371212,0.298233154003054,0.076284352475364,0.7526477087145654,0.2144254597242932,0.3554414084444216,0.9349178976047656,0.275925387751388,0.8988814762709609,0.2274490125970976,0.2255713057061325,0.2780120720650349,0.0407155477840879,0.4333342280579558,0.2357903640126656,0.3032673209728034,0.2844422124402331,0.2862552432582081,0.4303806285034299,0.7526477087145665,0.1879824217100802,0.1022891740104213,0.2854573470947094,0.1444607523908201,0.0054127112635544,0.7903443753302849,0.1671666658097026,0.2750726404032617,0.2981972794298874,0.114735122408314,0.3132738772996266,0.1971638521982021,0.3007126850528795,0.0334610142742565,1.7884233705094685e-07,0.9349178976047668,0.2919915663308239,0.34102711882857,0.551981706028036,1.4561300007591394e-06,0.3021921750790747,0.287973964075684,0.2774854891103342,0.8988814762709627,0.2483246051794712,0.8769011767917185,0.8231483578486912,0.5145147485927005,0.7526477087145654,0.1859269656054638,0.4459952012598597,0.2929793246292598,0.4803036675078783,0.2820266305395348,0.3893078964483326,0.2712219711263201,0.0161937629630266,0.1249472507888836,0.2057832007295479,0.2981972794298874,0.6924627888899719,0.1708264618488672,0.6554839198994734,0.2210650183453102,0.2981972794298874,0.2126384200706019,0.5976673528616504,0.4498293857264342,0.8988814762709566,0.8988814762709573,0.2603377168249594,0.2978601012453002
1.22,0.7372892339020665,0.2698260193260054,0.8529486054396784,0.1904715096621042,0.3596678300753535,0.8300089281563027,0.5885876363924766,0.2924241213488581,5.495682853175058e-05,0.2814858919594595,0.2952301669240142,0.0038267106927703,0.6923947720505004,0.2717843697827474,0.8727827555993575,0.2269799595048993,0.2795318982115143,0.2425785135732915,0.9045659398421336,0.2403184304271579,0.7372892339020661,0.2754293042808432,0.2765019476441707,0.2345452405277484,0.2952301669240142,0.7372892339020664,0.8898854399307323,0.1204313857163348,0.7640825880029982,0.2952662865327617,0.0767656648006556,0.7372892339020665,0.2121455747602955,0.3592604046488919,0.9045659398421336,0.2734313236533017,0.8727827555993573,0.2257463669632464,0.2237950768071184,0.275466454851966,0.0403763241225502,0.4318283124671742,0.2335265371185116,0.3001925397912072,0.2817472153705488,0.2832911547747038,0.4253449551344688,0.737289233902066,0.185470246080373,0.1027965006206691,0.2827529194662855,0.1443678803853793,0.0054143840825001,0.7728478993758724,0.1658449040978491,0.2724289114476316,0.2952301669240142,0.1142282215655455,0.3088210637743745,0.1966707534793074,0.2976916646159056,0.0339155724206099,1.803083288607565e-07,0.9045659398421328,0.2891602413959969,0.3446358042809419,0.5410313551184701,1.5594590178445022e-06,0.2991648474418077,0.2851725603192784,0.2749500866891534,0.8727827555993568,0.2461016846760143,0.8529486054396784,0.8035026170412176,0.5076936213645197,0.7372892339020664,0.180857118998883,0.4434385382042494,0.2901204213553369,0.4757273241986408,0.279370151712971,0.3956462197718713,0.2687818432563553,0.0165977451759392,0.1250278127024255,0.2051189793265153,0.2952301669240142,0.6897133671228521,0.1718783949415983,0.649918675503559,0.2194207402474319,0.2952301669240142,0.2136526846622252,0.5885876363924766,0.445796890189579,0.872782755599358,0.8727827555993571,0.2579196423016837,0.2949003591225532
1.23,0.72195306269741,0.2678872196512811,0.8290930566563277,0.1888109488978392,0.3581644156874793,0.8082781572487951,0.5795290334494265,0.2895469165383557,5.538199567367376e-05,0.2788384239400157,0.2922925776808594,0.0038996572073616,0.6832716317284925,0.2690305895107351,0.8468157121227254,0.224266178118206,0.2768709442199261,0.2405311145993621,0.8744352439323616,0.2421953029847925,0.7219530626974101,0.2729071464431991,0.2739096761555485,0.2323739200370146,0.2922925776808594,0.7219530626974099,0.861825197461656,0.1198795990295581,0.7552604438194084,0.2923289338765478,0.0772396340148215,0.72195306269741,0.2099364250064546,0.3629496911260964,0.8744352439323616,0.2709591049153141,0.8468157121227292,0.2240564670525856,0.2220343869970285,0.2729441465799346,0.0400399381290371,0.4302408997488213,0.231293952056381,0.2971489084661913,0.2790778620372394,0.280359571423279,0.4203399587592205,0.7219530626974102,0.183083255765216,0.1032924624334921,0.2800741159947237,0.144265374786798,0.0054250550671912,0.7553834016024075,0.1645357135168252,0.2698137763780872,0.2922925776808594,0.1137235602154362,0.3044937132477337,0.1961660581406712,0.2947009995432526,0.0343693772284969,1.8177412403843653e-07,0.8744352439323623,0.286356388734447,0.3481197541278977,0.5302962512175451,1.6689986542736647e-06,0.2961673014891204,0.2823995545013264,0.2724378503998592,0.8468157121227305,0.2439036023934909,0.8290930566563277,0.7839042849210455,0.5009031644662225,0.7219530626974099,0.1759539433043778,0.4408239767055452,0.2872894187311809,0.4711312709252609,0.2767389369574742,0.4018176713892591,0.266364063853319,0.0170060914151364,0.1250921722585212,0.2044567976771086,0.2922925776808594,0.6866079165759909,0.1729019511587046,0.6441867127097815,0.2177885982955281,0.2922925776808594,0.21465096868714,0.5795290334494265,0.4417420168069678,0.8468157121227305,0.8468157121227292,0.2555292506274425,0.2919700275537177
1.24,0.7066555784914798,0.2659729913251409,0.8053721774871946,0.1871767714877598,0.3566201369951488,0.7866482085696608,0.5704967046773483,0.2866980207042919,5.580676310032282e-05,0.2762156987328177,0.2893842179390506,0.0039771025960853,0.6740458894834854,0.2663088482543874,0.8210240531057799,0.2215950496343018,0.2742362251781129,0.2385020940475632,0.8445821225349119,0.244016953137845,0.7066555784914798,0.2704080151227149,0.2713425704602724,0.2302237388650884,0.2893842179390506,0.7066555784914796,0.8339879766129332,0.1193303404922824,0.7460915003359806,0.289420802419616,0.0777062561167415,0.7066555784914798,0.20779545403306,0.3665072401285422,0.8445821225349119,0.2685085671837283,0.8210240531057835,0.2223792174527424,0.2202890657681005,0.2704449338206493,0.0397063663162523,0.4285743271643228,0.2290919252810467,0.2941361134572223,0.2764339008943454,0.2774601173723657,0.415366398937292,0.7066555784914799,0.1808106284389199,0.1037770968392681,0.277420693703838,0.1441534130561819,0.0054442336831726,0.7379720185767585,0.1632389611375964,0.2672268184237709,0.2893842179390506,0.1132211284638867,0.3002863048828836,0.1956500678916704,0.2917403844090051,0.0348223481392283,1.8323972260371385e-07,0.8445821225349124,0.2835797403743446,0.3514770212177773,0.5197744587683966,1.785052265141517e-06,0.293199263768417,0.2796546134129442,0.2699485685720427,0.8210240531057852,0.2417298809835615,0.8053721774871946,0.7643796648091082,0.4941455865366108,0.7066555784914796,0.1712131734075757,0.4381530969524821,0.2844860441170116,0.4665179424928387,0.2741327274453004,0.4078157308656716,0.2639684077783378,0.0174187261221033,0.1251405598580964,0.2037962503176012,0.2893842179390506,0.6831570801107899,0.173897115345022,0.6382967352947826,0.2161685062785023,0.2893842179390506,0.2156323100280832,0.5704967046773483,0.4376667019522885,0.8210240531057811,0.8210240531057817,0.2531659863198336,0.2890688142405836
1.25,0.6914123697800171,0.2640826619388442,0.7818213172183845,0.1855681998646643,0.3550363315983607,0.7651490800086531,0.5614955832571221,0.2838771553434643,5.6231131088075146e-05,0.2736174854242988,0.2865047968601901,0.0040587885250275,0.6647285160309623,0.2636186888605049,0.7954486499389949,0.2189657997218555,0.27162745196575,0.2364912810842522,0.8150587589857723,0.2457822922245968,0.6914123697800164,0.2679317038568796,0.2688003320857806,0.2280944865613376,0.2865047968601901,0.6914123697800173,0.8064202802260746,0.1187835985211549,0.7365981748887154,0.2865416014677256,0.078165528983985,0.6914123697800171,0.2057201729446749,0.3699312025753125,0.8150587589857723,0.2660795462660967,0.7954486499389963,0.2207145234655856,0.2185589452002318,0.2679686051000746,0.0393755853943901,0.4268309206831595,0.2269197928644082,0.2911538442137441,0.273815083413376,0.2745924213312641,0.4104249931194941,0.6914123697800165,0.1786424376769764,0.1042504436527468,0.2747924119357675,0.1440321702709924,0.0054714621088367,0.7206338057537273,0.1619545155067952,0.2646676300669386,0.2865047968601901,0.1127209164605098,0.296193522954595,0.1951230793375191,0.2888095168907852,0.0352744057176267,1.847051245763139e-07,0.8150587589857707,0.2808300310598761,0.3547058352850297,0.5094636651983704,1.907934353024618e-06,0.2902604626200671,0.2769374094440009,0.2674820314693414,0.7954486499389993,0.2395800587474209,0.7818213172183845,0.7449536359185129,0.4874229821728053,0.6914123697800173,0.1666305594870797,0.435427505757186,0.2817100275739242,0.4618897027131213,0.2715512683827307,0.4136342161343523,0.261594653229341,0.0178355720304569,0.1251732084086922,0.2031369414494141,0.2865047968601901,0.6793717908201039,0.1748638853525246,0.6322573477341608,0.2145603785923663,0.2865047968601901,0.2165957804942512,0.5614955832571221,0.4335728490805746,0.7954486499389981,0.7954486499389978,0.2508293105688457,0.2861964297945853
1.26,0.6762382373955026,0.2622155690238961,0.7584735421109797,0.1839844852969615,0.3534143187513132,0.7438089524460224,0.5525303793470504,0.2810840446893868,5.665509991313904e-05,0.2710435555207865,0.2836540264997704,0.0041444789599587,0.6553301912141283,0.2609596622954728,0.7701275582260931,0.2163776689122546,0.269044339684791,0.234498505878602,0.7859132465537702,0.2474903315211611,0.6762382373955025,0.2654780078251456,0.2662826690824152,0.2259859547900117,0.2836540264997704,0.6762382373955025,0.7791651935647563,0.1182393615858947,0.7268028093894298,0.2836910432181917,0.0786174523246146,0.6762382373955026,0.203708159651481,0.3732199068329467,0.7859132465537702,0.2636718781800466,0.7701275582260916,0.2190622911018782,0.216843859909022,0.2655149508805368,0.0390475722694793,0.4250129933007859,0.2247769098781999,0.2882017931602576,0.2712211640064715,0.2717561164934097,0.4055164180176436,0.6762382373955025,0.1765695929674529,0.1047125450318512,0.2721890323278736,0.1439018191533128,0.0055063129159963,0.703387745513615,0.1606822466300091,0.2621358127680523,0.2836540264997704,0.1122229143984373,0.2922102560736335,0.1945853840537184,0.2859080977360226,0.0357254716590912,1.8617032997595981e-07,0.7859132465537699,0.2781069982172323,0.3578046012795273,0.4993612270275156,2.037970820633236e-06,0.2873506281943327,0.2742476204379252,0.2650380312717669,0.7701275582260955,0.2374536890007184,0.7584735421109797,0.7256496626117105,0.4807373357406032,0.6762382373955025,0.1622018751417737,0.4326488334087293,0.2789611018333082,0.4572488453883273,0.2689943088533114,0.4192672907325535,0.2592425816389258,0.0182565502213995,0.1251903528722178,0.2024784852302558,0.2836540264997704,0.675263235715241,0.1758022716995571,0.6260770457757764,0.2129641302173509,0.2836540264997704,0.2175404858088453,0.5525303793470504,0.4294623278896139,0.7701275582260934,0.770127558226092,0.248518700715963,0.2833525877074074
1.27,0.6611472034600224,0.2603710605226991,0.7353596589205206,0.1824249067666148,0.3517553991675113,0.722654207411184,0.5436055846316158,0.2783184156856972,5.707866985155387e-05,0.2684936828979243,0.2808316217783798,0.0042339582777598,0.6458612989598247,0.2583313274744844,0.7450960496244441,0.213829912308925,0.2664866075624652,0.232523599627175,0.757189647067252,0.2491401784031571,0.6611472034600225,0.2630467238477025,0.2637892957562182,0.2238979373089069,0.2808316217783798,0.6611472034600232,0.7522624276157351,0.1176976182090498,0.7167276079102436,0.2808688427311497,0.0790620276298795,0.6611472034600224,0.2017570580825543,0.3763718572026971,0.757189647067252,0.2612853991999315,0.7450960496244451,0.2174224270759712,0.2151436469950547,0.2630837635429937,0.0387223040417394,0.4231228434438654,0.2226626497965817,0.2852796556804086,0.2686518999540442,0.2689508404803648,0.4006413109366288,0.661147203460022,0.1745837817657508,0.1051634453983108,0.2696103187899364,0.1437625300978002,0.005548386919,0.6862517580547741,0.1594220259552599,0.2596309767001441,0.2808316217783798,0.1117271125141279,0.2883315955708299,0.1940372686594966,0.2830358307287446,0.0361754687959686,1.8763533882237336e-07,0.7571896470672521,0.27541038192133,0.3607718974480201,0.4894642130111789,2.1754992238648905e-06,0.2844694924668212,0.2715849295510663,0.262616362058195,0.7450960496244453,0.2353503394655989,0.7353596589205206,0.706489808035474,0.4740905251009829,0.6611472034600232,0.1579229248115906,0.429818730635761,0.2762390022670045,0.4525975953184483,0.2664616016712536,0.4247094699432799,0.2569119775771609,0.0186815801793551,0.1251922298626866,0.201820506042605,0.2808316217783798,0.670842820450153,0.1767122972323683,0.6197642076812028,0.2113796766983612,0.2808316217783798,0.2184655655610144,0.5436055846316158,0.425336973566198,0.7450960496244426,0.7450960496244416,0.2462336497484624,0.2805370043219305
1.28,0.6461525219136289,0.2585484952108848,0.7125082464237907,0.180888769891121,0.3500608548482372,0.7017094505358135,0.5347254769624536,0.2755799979598199,5.7501841179190136e-05,0.265967643752782,0.2780373004531941,0.0043270295200523,0.6363319231229744,0.2557332510947455,0.7203866543600698,0.2113217993023695,0.2639539788577465,0.2305663945779308,0.728928066976268,0.2507310326570394,0.6461525219136289,0.2606376503834235,0.2613199324151505,0.2218302299482467,0.2780373004531941,0.6461525219136284,0.7257483762042668,0.1171583569657553,0.7063945780153567,0.2780747179011085,0.0794992581277855,0.6461525219136289,0.1998645773470077,0.3793857321287214,0.728928066976268,0.2589199459013571,0.7203866543600749,0.2157948388005365,0.2134581459943828,0.2606748373694665,0.0383997580039516,0.4211627534604695,0.2205764039180122,0.2823871301000115,0.2661070513365812,0.2661762352865275,0.3958002710696948,0.6461525219136283,0.1726774138298431,0.1056031913600813,0.2670560374816205,0.1436144711993282,0.0055973111795712,0.6692427149024662,0.1581737263566711,0.2571527404921179,0.2780373004531941,0.1112335010871756,0.2845528331433698,0.1934790148902589,0.2801924226568626,0.03662432110325,1.891001511352746e-07,0.7289280669762681,0.2727399248632478,0.3636064731791901,0.4797694443739135,2.320869025094332e-06,0.2816167892525384,0.2689490251164994,0.260216819789016,0.7203866543600745,0.2332695916886945,0.7125082464237907,0.6874947517648917,0.4674843252514189,0.6461525219136284,0.1537895505275908,0.4269388656776008,0.2735434668581499,0.4479381093294873,0.2639529032442859,0.4299556258601788,0.2546026286590667,0.0191105798477411,0.1251790772875734,0.2011626387397408,0.2780373004531941,0.6661221351346687,0.177593996789148,0.6133270861181357,0.2098069341283394,0.2780373004531941,0.2193701931235009,0.5347254769624536,0.4211985861136811,0.7203866543600713,0.7203866543600713,0.2439736658084929,0.2777493988035033
1.29,0.6312666904776816,0.256747243074,0.6899456941920639,0.1793754058877915,0.3483319489333638,0.6809975402691063,0.5258941250772197,0.27286852379684,5.792461417174955e-05,0.2634652165584557,0.2752707830897523,0.0044235127801466,0.6267518441765001,0.2531650074725639,0.696029213361171,0.2088526132908145,0.2614461807711086,0.2286267240535553,0.701164748954909,0.2522621829320777,0.6312666904776817,0.2582505875273087,0.2588743051280477,0.2197826305897749,0.2752707830897523,0.6312666904776821,0.699656185494091,0.1166215664834918,0.6958254758700311,0.2753083894287912,0.0799291487375266,0.6312666904776816,0.1980284908485495,0.3822603821418139,0.701164748954909,0.2565753552036466,0.696029213361171,0.2141794343813395,0.2117871988301831,0.2582879685256328,0.0380799116398425,0.4191349881929176,0.2185175808057479,0.279523917669201,0.2635863809702787,0.263431947224549,0.3909938607578827,0.631266690477682,0.1708435680106578,0.1060318316355113,0.264525956790217,0.1434578082803226,0.0056527371555862,0.6523764548023725,0.1569372221183213,0.2547007309806645,0.2752707830897523,0.1107420704401194,0.2808694578582286,0.1929108996690538,0.2773775832799424,0.0370719537036157,1.9056476693438148e-07,0.7011647489549091,0.2700953723183539,0.3663072466240369,0.4702735322046619,2.4744418465411638e-06,0.278792254218588,0.2663396005121319,0.2578392022889431,0.6960292133611733,0.2312110404839456,0.6899456941920639,0.6686838110970714,0.4609204118810214,0.6312666904776821,0.1497976380265215,0.4240109214630273,0.2708742361726567,0.4432724773202011,0.2614679734452743,0.4350009913960976,0.2523143254565246,0.0195434656848277,0.1251511340272831,0.20050452886957,0.2752707830897523,0.6611129212820944,0.1784474168667541,0.6067738006859178,0.2082458191341553,0.2752707830897523,0.2202535755372944,0.5258941250772197,0.4170489297573708,0.6960292133611712,0.6960292133611713,0.2417382717165414,0.2749894931115412
1.3,0.6165014639178404,0.2549666856411045,0.6676962478702501,0.1778841705786767,0.3465699255735125,0.6605396213377445,0.5171153933828875,0.2701837281136134,5.834698910476522e-05,0.260986182020987,0.2725317930340126,0.0045232437147494,0.6171305367041521,0.2506261783842274,0.6720509389818595,0.20642165140635,0.2589629443574073,0.2267044224740177,0.6739321772002576,0.2537330033246049,0.6165014639178401,0.2558853370071888,0.2564521454956603,0.2177549391460613,0.2725317930340126,0.6165014639178404,0.6740158344800048,0.1160872354418462,0.685041755135862,0.2725695807932438,0.0803517060247653,0.6165014639178404,0.19624663535864,0.384994827553278,0.6739321772002576,0.2542514644103026,0.6720509389818589,0.2125761226120504,0.2101306497655526,0.2559229550435793,0.0377627426224813,0.4170417936309362,0.2164856057463775,0.2766897225437707,0.261089654346226,0.2607176268714457,0.3862226067145363,0.6165014639178399,0.1690759416179834,0.1064494169792147,0.2620198473086542,0.1432927049177929,0.0057143389829439,0.6356678017748116,0.1557123889182824,0.2522745829704688,0.2725317930340126,0.1102528109382533,0.2772771526003449,0.1923331951770743,0.2745910252974451,0.037518292871846,1.9202918623941057e-07,0.6739321772002563,0.2674764721151133,0.3688733021035066,0.4609729120940171,2.636591723546186e-06,0.2759956248955986,0.2637563540330067,0.2554833092299775,0.6720509389818621,0.2291742933991817,0.6676962478702501,0.6500749656461476,0.4544003648388377,0.6165014639178404,0.1459431222642447,0.4210365928958235,0.2682310533312931,0.4386027233250593,0.2590065754920033,0.4398411632587939,0.2500468614143717,0.0199801527196407,0.1251086396479598,0.1998458328765367,0.2725317930340126,0.6558270399301377,0.1792726152903047,0.6001123310557707,0.206696248864689,0.2725317930340126,0.2211149533645901,0.5171153933828875,0.412889732424389,0.6720509389818593,0.6720509389818583,0.2395270045088774,0.2722570119714342
1.31,0.6018678684766557,0.2532062162777214,0.6457820602449307,0.176414443434534,0.3447760098225918,0.6403551624498847,0.5083929467907723,0.2675253484331177,5.8768966253601617e-05,0.258530323038444,0.2698200563846868,0.0046260721722244,0.6074771676542298,0.2481163529105784,0.6484764833205979,0.2040282242464604,0.2565040044417322,0.2247993253782658,0.6472591946466851,0.2551429500867597,0.6018678684766555,0.2535417021798512,0.2540531904331617,0.215746957540015,0.2698200563846868,0.6018678684766556,0.6488542251262195,0.1155553525722726,0.6740645196420354,0.2698580182242144,0.0807669381577469,0.6018678684766557,0.1945169100530824,0.3875882559135031,0.6472591946466851,0.251948111247529,0.6484764833205988,0.2109848129690952,0.2084883453574134,0.2535795968047112,0.03744822881269,0.4148853956428299,0.2144799202258036,0.2738842517658231,0.2586166395728742,0.2580329290154038,0.3814870012157625,0.6018678684766551,0.1673688024354759,0.1068560001096131,0.2595374818137704,0.143119322470065,0.0057818118805462,0.6191305851136961,0.1544991038128406,0.2498739390024249,0.2698200563846868,0.1097657129894377,0.2737717900461082,0.1917461689232016,0.2718324643174216,0.0379632660386177,1.934934090700764e-07,0.6472591946466846,0.2648829746045559,0.371303887315469,0.4518638761033829,2.807705357590615e-06,0.2732266406879112,0.2611989887676517,0.2531489421145301,0.6484764833206031,0.2271589702054364,0.6457820602449307,0.6316848849028374,0.4479256715149605,0.6018678684766556,0.1422219923615755,0.4180175842460214,0.2656136639823162,0.4339308065912515,0.2565684758345201,0.4444721039199723,0.2478000327704638,0.0204205546078627,0.1250518341435023,0.1991862182819399,0.2698200563846868,0.6502764409680796,0.1800696608858023,0.5933505107068762,0.2051581409808073,0.2698200563846868,0.221953600511346,0.5083929467907723,0.4087226852946848,0.6484764833205987,0.6484764833205984,0.2373394149886153,0.2695516828467677
1.32,0.5873762173511776,0.2514652404404711,0.6242232474103868,0.1749656266563043,0.3429514075498024,0.6204619977607585,0.4997302555913717,0.2648931248590215,5.919054589345478e-05,0.2560974246619988,0.2671353019658503,0.0047318609295602,0.5978005953128234,0.2456351272851914,0.6253280131745902,0.2016716556108341,0.2540690995380784,0.2229112694449952,0.6211711303856047,0.2564915584525088,0.5873762173511771,0.2512194880266521,0.2516771819635277,0.2137584896846059,0.2671353019658503,0.5873762173511775,0.624195280855423,0.115025906657855,0.6629144798044638,0.2671734306748117,0.081174854864236,0.5873762173511776,0.1928372755165551,0.3900400192497457,0.6211711303856047,0.2496651339008741,0.6253280131745894,0.209405415606544,0.2068601344115007,0.2512576955228195,0.0371363482574671,0.4126679987823737,0.2124999814221005,0.2711072152437648,0.2561671073215408,0.2553775126032617,0.3767875032577184,0.5873762173511771,0.1657169434184078,0.1072516356381127,0.2570786352448495,0.1429378201032151,0.0058548706691981,0.6027776611227638,0.1532972452208956,0.247498449129556,0.2671353019658503,0.1092807670439108,0.2703494282360447,0.1911500838126069,0.269101618825649,0.0384068017937061,1.9495743544609203e-07,0.621171130385603,0.2623146326303741,0.3735984103531628,0.4429426021631831,2.988182368889521e-06,0.2704850428826053,0.2586672124783898,0.2508359042586972,0.6253280131745917,0.225164702408017,0.6242232474103868,0.6135289584344297,0.4414977301343294,0.5873762173511775,0.1386302960151477,0.4149556066456196,0.2630218162746299,0.4292586226676814,0.2541534440495227,0.4488901426063287,0.2455736384794871,0.0208645836876913,0.1249809577032115,0.1985253638430159,0.2671353019658503,0.6444731336971745,0.1808386331559406,0.5864960212390942,0.2036314136469773,0.2671353019658503,0.2227688240207216,0.4997302555913717,0.4045494424199996,0.6253280131745895,0.6253280131745904,0.2351750672900086,0.2668732359118432
1.33,0.5730361270964656,0.2497431758956123,0.6030379493698859,0.1735371442926264,0.3410973053702062,0.600876371636931,0.4911306003578124,0.2622868000504832,5.961172829935237e-05,0.2536872740588769,0.2644772612998239,0.0048404845305783,0.588109368955965,0.2431821047460676,0.6026252907116454,0.1993512822433523,0.2516579717707128,0.221040092512444,0.5956899356592387,0.2577784395742671,0.5730361270964649,0.2489185011485089,0.2493238670212355,0.2117893414627903,0.2644772612998239,0.5730361270964652,0.6000600521498352,0.1144988865330703,0.6516119127482479,0.2645155497944353,0.081575467389261,0.5730361270964656,0.1912057527192918,0.3923496310974851,0.5956899356592387,0.247402371050054,0.6026252907116477,0.2078378413510388,0.2052458679384007,0.248957054727303,0.036827079188424,0.4103917851691572,0.2105452617147148,0.2683583257317776,0.2537408307747347,0.2527510406886638,0.3721245396815665,0.5730361270964649,0.1641156400740728,0.1076363799998807,0.2546430846824005,0.1427483548172111,0.0059332483959623,0.5866209363902312,0.1521066929085397,0.2451477707003759,0.2644772612998239,0.1087979635941021,0.2670063058142274,0.1905451982144218,0.2663982101551899,0.03884882988861,1.9642126538716835e-07,0.5956899356592374,0.2597712014996478,0.3757564365473432,0.4342051810031231,3.178435548391286e-06,0.267770574657399,0.256160737485458,0.2485440007756876,0.6026252907116478,0.2231911327783886,0.6030379493698859,0.5956213284142416,0.4351178529633891,0.5730361270964652,0.1351641434049524,0.411852375687466,0.2604552608314264,0.4245880045040176,0.2517612527412787,0.4530919753434548,0.2433674801403212,0.0213121510356118,0.1248962505019667,0.1978629596911759,0.2644772612998239,0.6384291586456459,0.1815796219592387,0.579556387242797,0.2021159855242818,0.2644772612998239,0.2235599638386728,0.4911306003578124,0.4003716204076363,0.6026252907116453,0.6026252907116461,0.2330335384556183,0.2642214040245028
1.34,0.5588565348414425,0.248039452903616,0.5822423944395866,0.1721284413919676,0.3392148705929996,0.5816129862768125,0.4825970768674371,0.2597061191971991,6.003251374615373e-05,0.2512996604770446,0.261845668580326,0.0049518282182857,0.5784117291408838,0.240756895390757,0.5803857589842137,0.1970664535791519,0.249270366798103,0.2191856335971516,0.5708343268814443,0.2590032775639178,0.5588565348414425,0.2466385497605334,0.24699299726575,0.2098393207076396,0.261845668580326,0.5588565348414428,0.5764668280864909,0.1139742810835531,0.6401766260741173,0.2618841099019616,0.0819687884536534,0.5588565348414425,0.1896204219698208,0.3945167633395731,0.5708343268814443,0.2451596619020247,0.5803857589842152,0.2062820016967588,0.203645399110617,0.2466774797465428,0.0365204000202344,0.4080589134401307,0.2086152482094624,0.2656372988087596,0.2513375855770816,0.2501531803808777,0.3674985062669297,0.5588565348414426,0.162560610496634,0.108010291386188,0.2522306093272033,0.1425510814717625,0.0060166950561676,0.5706713924120382,0.150927327973812,0.2428215681494173,0.261845668580326,0.1083172931744455,0.2637388369959185,0.1899317660284904,0.2637219624563824,0.0392892812386181,1.9788489891301486e-07,0.5708343268814446,0.2572524389541581,0.3777776851442947,0.4256476407219182,3.3788911090110303e-06,0.2650829810874843,0.2536792805548382,0.2462730385594036,0.5803857589842142,0.2212379149059779,0.5822423944395866,0.5779749241833362,0.4287872694299579,0.5588565348414428,0.1318197106291799,0.4087096091258451,0.2579137507242968,0.4199207235579617,0.2493916774486181,0.4570746640855331,0.2411813619267473,0.0217631665220457,0.1247979525102499,0.197198707449819,0.261845668580326,0.6321565606542834,0.1822927271926343,0.5725389717061062,0.2006117757646429,0.261845668580326,0.2243263925529639,0.4825970768674371,0.3961907981659898,0.5803857589842145,0.5803857589842146,0.2309144180260023,0.2615959226992382
1.35,0.5448457162091018,0.2463535143717941,0.561850966853754,0.1707389831880169,0.3373052511866592,0.5626850517663458,0.4741326010317074,0.2571508299946473,6.045290250855008e-05,0.2489343752115101,0.2592402606458915,0.0050657869546564,0.5687156085974295,0.2383591160348275,0.5586246314552963,0.1948165314966648,0.2469060337392859,0.2173477329116775,0.5466199342274738,0.2601658266325112,0.5448457162091019,0.2443794436860001,0.2446843289042889,0.2079082371826701,0.2592402606458915,0.544845716209102,0.5534312526928132,0.1134520792458612,0.6286279251959167,0.2592788479592005,0.0823548322133703,0.5448457162091018,0.1880794218474027,0.3965412428672298,0.5466199342274738,0.2429368462223552,0.5586246314552982,0.2047378088004228,0.2020585832206305,0.2444187776914307,0.0362162893490965,0.4056715177701231,0.2067094422788164,0.2629438528568866,0.2489571497886655,0.247583602794264,0.3629097687946487,0.5448457162091018,0.161047978005086,0.1083734296782896,0.2498409904795783,0.1423461528118828,0.0061049764058816,0.5549391113828106,0.1497590328316263,0.2405195127946786,0.2592402606458915,0.1078387463611938,0.2605436063192672,0.1893100367512138,0.2610726026672077,0.0397280879243346,1.9934833604333918e-07,0.5466199342274739,0.2547581051422899,0.379662025831862,0.4172659691070988,3.589988935925503e-06,0.2624220091513408,0.2512225627896767,0.24402282626817,0.5586246314553014,0.2193047127690341,0.561850966853754,0.5606014985614163,0.4225071291568748,0.544845716209102,0.1285932426959443,0.4055290246772506,0.2553970414477711,0.4152584909090018,0.2470444965575673,0.4608356349654431,0.2390150905213443,0.022217538866836,0.1246863033216891,0.196532320332165,0.2592402606458915,0.6256673632434745,0.1829780584776598,0.5654509719396903,0.1991187040060692,0.2592402606458915,0.2250675151068418,0.4741326010317074,0.3920085167088672,0.5586246314552968,0.558624631455297,0.2288173076415846,0.2589965300805965
1.36,0.5310113038385991,0.2446848159769182,0.5418762770022797,0.1693682543170267,0.3353695757601578,0.544104338170607,0.4657399138252706,0.2546206826195854,6.087289486106448e-05,0.2465912115721379,0.2566607769535559,0.0051822645214975,0.5590286336816919,0.2359883900735938,0.5373549847528977,0.1926008900745338,0.2445647251025807,0.2155262318812273,0.5230594544265821,0.2612659083233337,0.5310113038385991,0.2421409943500738,0.2423976225234023,0.205995902562371,0.2566607769535559,0.5310113038385994,0.5309664450748215,0.1129322700072426,0.61698458416426,0.2566995035446281,0.0827336142195863,0.5310113038385991,0.1865809481175543,0.3984230480767187,0.5230594544265821,0.2407337643649676,0.5373549847528998,0.2032051754763301,0.2004852776399387,0.2421807574390475,0.0359147259512076,0.4032317069591384,0.2048273591169977,0.2602777090397712,0.2465993038406125,0.2450419829983924,0.3583586640796321,0.5310113038385987,0.1595742363143375,0.108725856382806,0.2474740115189116,0.1421337194931672,0.0061978728582163,0.5394333029828752,0.1486016911988721,0.2382412826417421,0.2566607769535559,0.1073623137722341,0.2574173632315525,0.1886802555404998,0.2584498604840833,0.0401651831926811,2.008115767978472e-07,0.5230594544265822,0.2522879625914784,0.3814094751255388,0.4090561338175424,3.8121828357589023e-06,0.2597874077355739,0.2487903095251792,0.2417931743086122,0.5373549847528986,0.2173912003237298,0.5418762770022797,0.5435116656381446,0.4162785049101588,0.5310113038385994,0.1254810561003968,0.4023123379196904,0.2529048908942728,0.4106029583770303,0.2447194912192238,0.4643726757015031,0.2368684750523708,0.0226751756945325,0.1245615419961068,0.195863523219579,0.2566607769535559,0.6189735442677119,0.1836357348503138,0.5582994159991852,0.1976366903687769,0.2566607769535559,0.2257827684886146,0.4657399138252706,0.3878262790157138,0.5373549847528999,0.5373549847528993,0.2267418206563659,0.2564229669168565
1.37,0.5173603064122904,0.2430328262596684,0.5223292337646082,0.1680157580658522,0.3334089535594743,0.5258812292843376,0.4574215862056462,0.2521154297057652,6.129249107805208e-05,0.2442699648528617,0.2541069595528002,0.0053011726964221,0.5493581263548337,0.2336443473470329,0.5165878539174017,0.1904189153533091,0.2422461967165227,0.2137209731591894,0.5001628064854902,0.262303408833453,0.51736030641229,0.2399230147729556,0.240132642928889,0.2041021304129289,0.2541069595528002,0.5173603064122902,0.5090831223381195,0.1124148424054026,0.6052648198807011,0.2541458188273477,0.0831051513795428,0.5173603064122904,0.1851232526337961,0.4001623052152874,0.5001628064854902,0.2385502573003018,0.5165878539174042,0.2016840151914375,0.1989253417790366,0.2399632296164907,0.0356156887812519,0.4007415635842629,0.2029685273093722,0.2576385912803155,0.244263830492749,0.2425279999687936,0.3538455009745633,0.5173603064122893,0.1581362171546851,0.1090676345685822,0.2451294578834048,0.1419139301067889,0.0062951784573499,0.5241623319987907,0.1474551880796838,0.2359865621943279,0.2541069595528002,0.1068879860669038,0.2543570165554393,0.1880426632798295,0.255853468333006,0.040600501457391,2.0227462119624293e-07,0.5001628064854894,0.2498417761812069,0.3830201926265371,0.4010141005424165,4.045940784485174e-06,0.2571789276388271,0.2463822502268716,0.2395838948196826,0.5165878539174046,0.2154970611107127,0.5223292337646082,0.5267149397907553,0.4101023954625879,0.5173603064122902,0.1224795410146439,0.3990612602888273,0.2504370593294653,0.4059557196442718,0.2424164452725011,0.4676839321983826,0.2347413270334938,0.0231359835894407,0.1244239069163218,0.1951920527208794,0.2541069595528002,0.6120870128589831,0.184265884454735,0.5510911595853283,0.1961656554520486,0.2541069595528002,0.2264716213983361,0.4574215862056462,0.3836455499449459,0.516587853917403,0.5165878539174016,0.2246875817631499,0.2538749765340007
1.38,0.5038991280962137,0.2413970266926689,0.5032191184375605,0.1666810156494812,0.3314244744786547,0.5080247776868537,0.4491800240155923,0.2496348263198747,6.171169143370008e-05,0.2419704323022158,0.2515785530597564,0.0054224304983096,0.5397111066511482,0.2313266240078003,0.4963323294548152,0.1882700051018328,0.2399502076629382,0.2119318006415718,0.4779372891657401,0.2632782764192179,0.5038991280962133,0.2377253195628103,0.2378891589936481,0.2022267361731485,0.2515785530597564,0.5038991280962136,0.4877897243903873,0.1118997855282734,0.5934862695974377,0.2516175385413422,0.0834694619181431,0.5038991280962137,0.1837046422285435,0.4017592845897227,0.4779372891657401,0.236386166641961,0.4963323294548177,0.2001742420604741,0.1973786370483237,0.2377660065848503,0.0353191569709002,0.3982031432140311,0.201132488415701,0.2550262262383023,0.2419505147931872,0.2400413365383417,0.3493705613452168,0.5038991280962126,0.1567310602436566,0.1093988288049907,0.242807117050067,0.1416869312042167,0.0063966999246182,0.5091337466240264,0.1463194097508803,0.2337550422710562,0.2515785530597564,0.1064157539458072,0.2513596288760422,0.1873974966414507,0.2532831613410904,0.0410339782990148,2.0373746925822882e-07,0.4779372891657391,0.247419313116516,0.3844944771635928,0.3931358492503456,4.291745173871554e-06,0.2545963215748051,0.2439981183921226,0.2373948016568318,0.49633232945482,0.2136219878783552,0.5032191184375605,0.51021977568834,0.40397972837372,0.5038991280962136,0.1195851631167859,0.3957774971691504,0.2479933093679663,0.4013183113790921,0.2401351451714009,0.4707679043808154,0.2326334603061965,0.023599868150401,0.1242736356571899,0.1945176572131434,0.2515785530597564,0.6050195876562011,0.1848686442407717,0.5438328834019227,0.1947055203317086,0.2515785530597564,0.22713357389281,0.4491800240155923,0.379467756197665,0.496332329454817,0.4963323294548171,0.2226542266299708,0.2513523048099434
1.39,0.4906335883078887,0.2397769117237834,0.4845536597880598,0.165363565516894,0.3294172090846998,0.4905427607692116,0.4410174728607755,0.2471786299376969,6.213049620202787e-05,0.2396924130950808,0.2490753046316681,0.0055459634969798,0.5300942956004839,0.2290348623922775,0.4765956555573525,0.1861535685882171,0.2376765202120566,0.2101585594803262,0.4563877391330552,0.2641905188815345,0.4906335883078891,0.2355477249082154,0.2356669435130321,0.2003695371355643,0.2490753046316681,0.4906335883078886,0.4670925397828412,0.1113870885137833,0.5816659715894337,0.249114409959959,0.0838265653402801,0.4906335883078887,0.1823234775958383,0.4032143966505584,0.4563877391330552,0.2342413346718975,0.4765956555573518,0.1986757708410915,0.1958450268199101,0.2355889024233322,0.035025109827322,0.3956184736831473,0.1993187965668003,0.2524403432877367,0.2396591440396983,0.2375816793492544,0.3449341010181122,0.4906335883078885,0.1553561855059027,0.1097195051016517,0.2405067785149116,0.141452867321657,0.0065022557714637,0.4943543072954912,0.1451942437475681,0.2315464198282037,0.2490753046316681,0.1059456081506337,0.2484224108852172,0.1867449881487114,0.2507386773084646,0.0414655504644494,2.0520012100350545e-07,0.4563877391330561,0.2450203429020171,0.3858327628300757,0.3854173886419689,4.550093056291384e-06,0.2520393441744511,0.2416376514548098,0.2352257103763247,0.4765956555573538,0.2117656822219852,0.4845536597880598,0.4940336090578131,0.397911362687528,0.4906335883078886,0.116794465084289,0.3924627460783324,0.245573405949421,0.3966922143603136,0.2378753799164886,0.4736234412997124,0.2305446909847212,0.0240667340452632,0.1241109648655627,0.1938400968645402,0.2490753046316681,0.5977829763137367,0.185444159665538,0.5365310909518682,0.1932562065581148,0.2490753046316682,0.2277681570100831,0.4410174728607755,0.3752942863291274,0.4765956555573519,0.4765956555573515,0.220641401547409,0.2488547001490382
1.4,0.4775689417305768,0.2381719887962665,0.4663391097950859,0.1640629626841405,0.3273882086555896,0.4734417374238981,0.4329360229559108,0.2447466004205093,6.254890565688718e-05,0.2374357083055757,0.2465969639416064,0.0056717031821431,0.5205141185712181,0.2267687108945736,0.4573833289012154,0.1840690263553263,0.2354248997595796,0.2084010960955756,0.4355166887910471,0.2650402011270601,0.4775689417305762,0.2333900485703235,0.2334657730673315,0.1985303524277442,0.2465969639416064,0.4775689417305767,0.4469958318164955,0.1108767405496281,0.569820348878947,0.2466361828706593,0.084176482393886,0.4775689417305768,0.1809781721684226,0.4045281879646769,0.4355166887910471,0.2321156043641923,0.4573833289012164,0.1971885169290518,0.1943243763902993,0.2334317329135256,0.0347335268317105,0.3929895544254937,0.1975270180741613,0.2498806744940222,0.2373895077427525,0.2351487188057091,0.3405363507012206,0.4775689417305762,0.1540092674310955,0.1100297308495439,0.2382282337734069,0.141211881004223,0.0066116754744259,0.4798300159305752,0.1440795788489109,0.2293603977882411,0.2465969639416064,0.1054775394639759,0.2455427157154483,0.1860853662375431,0.2482197566805092,0.0418951558660103,2.066625764517716e-07,0.4355166887910461,0.2426446373163854,0.3870356149277668,0.3778547689176825,4.821496387730658e-06,0.2495077519873192,0.2393005906930442,0.2330764382197004,0.457383328901217,0.2099278542384082,0.4663391097950859,0.4781628980010135,0.3918980915489107,0.4775689417305767,0.1141040677758049,0.3891186949428575,0.2431771163149112,0.3920788546007613,0.2356369409902773,0.47624973555091,0.2284748374034156,0.0245364850650261,0.1239361301500216,0.1931591436397373,0.2465969639416064,0.5903887562784387,0.1859925843990343,0.5291921067516303,0.1918176361545744,0.2465969639416064,0.2283749323745924,0.4329360229559108,0.3711264908053963,0.4573833289012166,0.4573833289012149,0.218648763086495,0.2463819134568557
1.41,0.4647098984983114,0.2365817783472849,0.448580319678311,0.1627787780935674,0.3253385052307727,0.4567271051093774,0.4249376139330665,0.2423384999916882,6.296692007196212e-05,0.2352001208810094,0.2441432831534371,0.0057995863870119,0.5109767090011212,0.224527823843408,0.4386991974793363,0.1820158100006747,0.2331951147656251,0.2066592581867473,0.4153245229043157,0.265827442801774,0.4647098984983116,0.231252109874734,0.2312854278910061,0.1967090029937816,0.2441432831534371,0.4647098984983119,0.4275019642064149,0.1103687308730428,0.5579651958866939,0.2441826095500106,0.0845192350336908,0.4647098984983114,0.1796671909914648,0.4057013370887447,0.4153245229043157,0.2300088194074823,0.438699197479336,0.1957123963534502,0.1928165529439238,0.2312943155238155,0.0344443876378189,0.3903183558633709,0.1957567310521159,0.2473469545909783,0.2351413975900974,0.2327421490270597,0.336177516878418,0.4647098984983114,0.1526882114562856,0.1103295747634768,0.2359712763011054,0.1409641128298344,0.0067247987077238,0.4655661454382268,0.1429753050640602,0.2271966848739534,0.2441432831534371,0.1050115387091489,0.2427180332919284,0.1854188553171058,0.245726142520453,0.0423227335800593,2.081248356227243e-07,0.4153245229043162,0.2402919703873243,0.3881037258283885,0.3704440929704105,5.106482268812047e-06,0.2470013034821768,0.2369866811398337,0.2309468040983736,0.4386991974793368,0.2081082221950604,0.448580319678311,0.4626131646666633,0.3859406447404411,0.4647098984983119,0.111510671124457,0.3857470204629523,0.2408042099836923,0.387479604468842,0.2334196222962438,0.4786463170474058,0.2264237200663429,0.0250090241776114,0.1237493659793866,0.1924745812884427,0.2441432831534371,0.5828483568209861,0.1865140800339072,0.521822074944742,0.1903897316161066,0.2441432831534371,0.2289534917841049,0.4249376139330665,0.3669656821027196,0.438699197479336,0.4386991974793369,0.2166759777669091,0.2439336981152109
1.42,0.4520606444810657,0.2350058137862595,0.431280815843218,0.1615105979981645,0.3232691116734781,0.4404031570236155,0.4170240396063067,0.2399540932135477,6.338453972076929e-05,0.2329854556168341,0.2417140168970364,0.0059295547622662,0.5014879124845529,0.2223118613818074,0.4205455589736762,0.1799933619606516,0.2309869366954652,0.2049328947426226,0.3958096332065007,0.2665524159936348,0.452060644481065,0.2291337297030377,0.2291256917483335,0.1949053115759744,0.2417140168970364,0.452060644481066,0.4086115256631827,0.1098630487705747,0.5461156678792157,0.2417534447389274,0.0848548463856797,0.4520606444810657,0.1783890495950703,0.4067346503555432,0.3958096332065007,0.2279208242260907,0.4205455589736773,0.1942473257719743,0.191321425517514,0.229176469393937,0.0341576720705095,0.3876068188509706,0.194007525052151,0.2448389209577275,0.2329146074127807,0.2303616678016533,0.3318577826783647,0.452060644481065,0.1513911322575266,0.1106191068258994,0.2337357015345242,0.1407097014328501,0.0068414746293153,0.4515672693862011,0.1418813136182471,0.2250549954479446,0.2417140168970364,0.1045475967500105,0.2399459847279648,0.184745675829605,0.2432575804823017,0.042748223845205,2.0958689853605905e-07,0.3958096332064995,0.2379621183669676,0.3890379107637676,0.3631815261107821,5.4055931836651605e-06,0.2445197590468725,0.2346956714966015,0.2288366285783768,0.4205455589736779,0.2063065122131646,0.431280815843218,0.4473890370949104,0.3800396911407958,0.452060644481066,0.1090110547645358,0.3823493865648169,0.2384544587302347,0.3828957838070269,0.2312232201012256,0.4808130461862102,0.2243911615990406,0.0254842535812402,0.1235509055891358,0.1917862053176516,0.2417140168970364,0.5751730423042329,0.1870088157994122,0.5144269582951377,0.1889724159084841,0.2417140168970364,0.2295034567795659,0.4170240396063067,0.3628131348472271,0.4205455589736765,0.4205455589736762,0.2147227217351868,0.2415098099574626
1.43,0.439624861604304,0.2334436414544008,0.4144428754043543,0.1602580233700449,0.3211810217442262,0.4244731391419269,0.4091969526873341,0.237593146964387,6.380176487665783e-05,0.2307915191325195,0.2393089222437545,0.0060615542963605,0.4920532911856368,0.2201204893495427,0.4029232582175944,0.1780011352989903,0.2288001399619923,0.2032218560503269,0.3769685702765296,0.2672153430013089,0.4396248616043036,0.22703473048422,0.2269863518151235,0.1931191026966895,0.2393089222437545,0.4396248616043047,0.3903234528150454,0.1093596835778576,0.534286273078394,0.2393484456181692,0.0851833407122373,0.439624861604304,0.177142312867543,0.4076290575849319,0.3769685702765296,0.2258514639999065,0.4029232582175953,0.1927932224661984,0.189838864965279,0.2270780153196726,0.0338733601243142,0.3848568541701098,0.192279000708962,0.2423563135955149,0.230708933152501,0.2280069765412338,0.3275773087184733,0.4396248616043037,0.1501163338354981,0.1108983982320202,0.2315213068522023,0.1404487835274369,0.0069615612166305,0.4378372917151058,0.140797496939032,0.2229350493573454,0.2393089222437545,0.1040857044907822,0.2372243167856259,0.1840660443092918,0.2408138187840957,0.0431715680600883,2.1104876521146929e-07,0.3769685702765288,0.2356548597077258,0.3898391035551613,0.3560633044291762,5.71938723646227e-06,0.2420628809875107,0.2324273140494577,0.2267457338652418,0.4029232582175954,0.2045224579642854,0.4144428754043543,0.4324942910659882,0.374195841106376,0.4396248616043047,0.1066020784124769,0.3789274429381128,0.2361276365615738,0.378328661046187,0.2290475329809502,0.4827501064511675,0.2223769867023056,0.0259620747573878,0.1233409808949745,0.1910938229481834,0.2393089222437545,0.5673738966682794,0.1874769682796397,0.5070125375414412,0.1875656124674952,0.2393089222437545,0.2300244781989534,0.4091969526873341,0.3586700859926306,0.4029232582175944,0.4029232582175945,0.2127886804526567,0.2391100072440532
1.44,0.4274057481419535,0.231894820566746,0.3980676009791947,0.1590206693321109,0.3190752101849438,0.4089393068952977,0.401457869447233,0.235255430415771,6.421859581280964e-05,0.2286181198483033,0.2369277586821217,0.0061955348784396,0.4826781285481406,0.2179533791682462,0.3858317833432347,0.1760385934993945,0.2266345018698383,0.2015259937032647,0.3587961920508761,0.2678164941661944,0.4274057481419536,0.2249549361855535,0.2248671985661999,0.1913502026404108,0.2369277586821217,0.427405748141953,0.3726351509563307,0.1088586246793865,0.5224908672963613,0.2369673717840665,0.0855047433779668,0.4274057481419535,0.175925593931204,0.4083856077308269,0.3587961920508761,0.2238005846830667,0.3858317833432361,0.1913500043369131,0.1883687439248768,0.2249987757376876,0.0335914319620075,0.3820703420762907,0.1905707693978753,0.2398988751044489,0.2285241728302159,0.2256777802359278,0.3233362339246103,0.427405748141953,0.1488622912810796,0.1111675213362109,0.2293278915559923,0.1401814939306768,0.0070849246484551,0.4243794763980812,0.1397237486427121,0.2208365717835416,0.2369277586821217,0.1036258528758706,0.234550896420611,0.1833801734406567,0.2383946081814862,0.0435927087807701,2.125104356686469e-07,0.3587961920508761,0.233369975038537,0.3905083522920414,0.3490857418958217,6.048438385451304e-06,0.2396304335269547,0.2301813645881262,0.2246739437890199,0.3858317833432361,0.2027558003797056,0.3980676009791947,0.4179318917978157,0.368409648777688,0.427405748141953,0.1042806820219527,0.3754828236566242,0.2338235196949421,0.3737794543147927,0.2268923617684908,0.484457996493094,0.220381022107902,0.026442388523286,0.1231198224128932,0.1903972530560956,0.2369277586821217,0.5594618091092752,0.187918721136055,0.4995844110935555,0.1861692451983727,0.2369277586821218,0.2305162357162096,0.401457869447233,0.3545377350336935,0.3858317833432353,0.3858317833432354,0.2108735483928351,0.2367340506383175
1.45,0.4154060389264281,0.2303589231379462,0.3821549944750452,0.1577981646119932,0.3169526328131004,0.3938029812853875,0.3938081743198441,0.2329407150100052,6.463503280223934e-05,0.2264650679627463,0.2345702880937976,0.006331449900397,0.4733674342740209,0.2158102077291376,0.3692693602518201,0.1741052102622447,0.2244898025610881,0.1998451606080399,0.3412858084205584,0.2683561857651635,0.4154060389264281,0.2228941723036978,0.2227680256683372,0.1895984394359668,0.2345702880937976,0.4154060389264282,0.3555426121674801,0.1083598615082943,0.5107426509573101,0.2346099852244947,0.085819080816174,0.4154060389264281,0.1747375530224322,0.4090054644751475,0.3412858084205584,0.2217680330214895,0.3692693602518209,0.1899175898994903,0.1869109367841546,0.222938574710506,0.0333118679131909,0.3792491318931955,0.1888824529032693,0.2374663506602222,0.2263601265158948,0.2233737874098036,0.319134676327162,0.4154060389264279,0.1476276341090996,0.1114265495996713,0.2271552568525252,0.1399079655854163,0.0072114387297085,0.4111964769529357,0.138659963520883,0.2187592930967464,0.2345702880937976,0.1031680328896901,0.2319237054276186,0.1826882721158273,0.2359997019416315,0.0440115897177319,2.1397190992728198e-07,0.3412858084205584,0.2311072471415294,0.3910468149702591,0.3422452362965813,6.393336674308128e-06,0.2372221828027015,0.227957582327452,0.2226210837894384,0.3692693602518217,0.201006287372072,0.3821549944750452,0.4037040353503971,0.3626816143120988,0.4154060389264282,0.1020438857318857,0.3720171458800047,0.2315418865356835,0.3692493325420573,0.22475750950543,0.4859375217284487,0.2184030965360807,0.0269250950839494,0.1228876591851365,0.1896963260995739,0.2345702880937976,0.5514474609265627,0.1883342648343985,0.4921479950533429,0.1847832384753518,0.2345702880937976,0.230978437366296,0.3938081743198441,0.3504172442533012,0.3692693602518209,0.3692693602518197,0.2089770287480171,0.2343817031825212
1.46,0.4036280254238008,0.2288355338929834,0.3667040296201855,0.1565901510173905,0.3148142266253229,0.3790646042518895,0.3862491244427036,0.2306487744378618,6.505107611779444e-05,0.2243321754310547,0.2322362747297588,0.006469255894859,0.4641259495437011,0.2136906572832981,0.3532330450859619,0.1722004693052982,0.2223658249625166,0.1981792109903693,0.3244293214386323,0.2688347779616721,0.4036280254238011,0.2208522658551443,0.220688629878383,0.18786364283894,0.2322362747297588,0.4036280254238008,0.3390405304092303,0.1078633835461286,0.4990541683667456,0.2322760502950872,0.0861263804960056,0.4036280254238008,0.1735768963774447,0.4094899017793806,0.3244293214386323,0.2197536565693008,0.3532330450859627,0.1884958982792821,0.1854653196486425,0.2208972379116228,0.0330346484728888,0.3763950416537559,0.187213683097635,0.2350584879907824,0.2242165962993713,0.2210947100769969,0.3149727338340792,0.4036280254238007,0.1464111310515984,0.1116755575393305,0.2250032058349015,0.1396283295828595,0.007340984356095,0.3982903657212756,0.1376060375271544,0.2167029487152595,0.2322362747297588,0.102712235556486,0.2293408352000307,0.1819905454911803,0.2336288558173946,0.0444281557325062,2.1543318800706265e-07,0.3244293214386329,0.2288664609290612,0.3914557550992463,0.335538274098242,6.754688460638532e-06,0.2348378968641528,0.2257557298313797,0.2205869809011926,0.3532330450859639,0.1992736735687855,0.3667040296201855,0.3898121896074296,0.3570121860446177,0.4036280254238008,0.0998887896251894,0.3685320086344771,0.2292825176554352,0.3647394165541717,0.222642781395553,0.4871897854974826,0.2164430406548269,0.0274100940837005,0.1226447187115725,0.1889908840318983,0.2322362747297588,0.5433413135105997,0.188723796375987,0.4847085235414624,0.1834075171413135,0.2322362747297588,0.2314108190574011,0.3862491244427036,0.3463097390010468,0.353233045085962,0.3532330450859618,0.2070988331448037,0.2320527302741627
1.47,0.3920735756265022,0.2273242501639452,0.3517127230181467,0.155396282931966,0.3126609099099394,0.3647237931265961,0.3787818541318765,0.2283793846164744,6.546672603215543e-05,0.22221925594411,0.2299254851867238,0.0066089122061149,0.4549581524523189,0.2115944153344304,0.337718814422529,0.1703238641683101,0.2202623547343051,0.1965280004000263,0.3082173607368441,0.2692526728130484,0.3920735756265018,0.2188290453668478,0.2186288109462869,0.186145644314253,0.2299254851867238,0.3920735756265021,0.3231224132477952,0.1073691803226298,0.4874373090885776,0.2299653336956818,0.0864266708902298,0.3920735756265022,0.1724423751252152,0.4098402994039429,0.3082173607368441,0.2177573037042046,0.3377188144225293,0.1870848492070552,0.1840317703097784,0.2188745926107538,0.0327597543001565,0.3735098577859752,0.1855641016309342,0.2326750373530677,0.222093386262194,0.2188402636983951,0.3108504849815002,0.3920735756265018,0.1452116762057178,0.1119146206779589,0.2228715434645538,0.1393427151849088,0.0074734490158348,0.3856626628366368,0.1365618677640168,0.2146672789692419,0.2299254851867238,0.1022584519401584,0.2268004816154834,0.1812871950431791,0.231281828021852,0.0448423528339473,2.168942699276757e-07,0.3082173607368436,0.2266474034211412,0.3917365372875049,0.3289614343331516,7.133116641451492e-06,0.2324773456693101,0.2235755729393427,0.2185714637393727,0.3377188144225303,0.1975577200566233,0.3517127230181467,0.3762571347176524,0.3514017625783938,0.3920735756265021,0.0978125733150736,0.3650289916703664,0.227045195770573,0.3602507801628173,0.2205479847608874,0.4882161798223814,0.2145006870407197,0.0278972846571693,0.1223912268860187,0.1882807802010903,0.2299254851867238,0.5351535974420843,0.1890875190334487,0.4772710493128446,0.1820420065074866,0.2299254851867238,0.2318131440712969,0.3787818541318765,0.3422163080013243,0.3377188144225292,0.3377188144225293,0.2052386813683138,0.2297468996425002
1.48,0.3807441537200526,0.2258246817739235,0.3371782035304069,0.1542162268309955,0.3104935823679496,0.3507793940264411,0.3714073792873592,0.2261323236674866,6.588198281783581e-05,0.2201261249081657,0.2276376883838127,0.0067503806912381,0.4458682636373289,0.2095211745340465,0.3227216529420626,0.1684748980214928,0.2181791802201631,0.1948913857148318,0.2926394138186968,0.2696103123319621,0.3807441537200525,0.2168243408663931,0.2165883715227855,0.1844442770189303,0.2276376883838127,0.3807441537200526,0.3077806899194371,0.1068772414155105,0.4759033112909801,0.227677604447006,0.08671998144365,0.3807441537200526,0.1713327841887967,0.4100581384051756,0.2926394138186968,0.2157788236418351,0.322721652942063,0.185684363014458,0.1826101682138446,0.2168704676592191,0.0324871662166995,0.3705953348417355,0.1839333596299202,0.2303157515097065,0.2199903024504212,0.2166101671388738,0.306767989662537,0.3807441537200521,0.1440282764356019,0.1121438154954707,0.2207600765533188,0.1390512498462552,0.0076087263258819,0.3733143648107416,0.1355273524698578,0.212652028968857,0.2276376883838127,0.1018066731440875,0.2243009400568557,0.1805784186234446,0.2289583792030842,0.0452541281741566,2.1835515570880573e-07,0.2926394138186963,0.2244498637232025,0.3918906228153595,0.3225113915889262,7.529260875433443e-06,0.2301403010809271,0.2214168806949524,0.216574362485024,0.3227216529420637,0.1958581941371175,0.3371782035304069,0.3630390028900518,0.3458506948066218,0.3807441537200526,0.0958124953748031,0.3615096543943062,0.22482970572091,0.3557844512452386,0.2184729289999281,0.4890183758053988,0.2125758701413455,0.0283865654797463,0.1221274079371288,0.1875658792368483,0.2276376883838127,0.5268943026710818,0.1894256420909215,0.4698404446437206,0.1806866323531754,0.2276376883838127,0.2321852025528164,0.3714073792873592,0.3381380036889756,0.322721652942063,0.322721652942063,0.2033963010948423,0.2274639813253304
1.49,0.3696408394842937,0.2243364509090538,0.3230967798179007,0.1530496608159882,0.3083131252419235,0.3372295340548988,0.3641266017260945,0.2239073718953893,6.629684674718233e-05,0.2180525994251652,0.2253726555394387,0.0068936254488476,0.43686025207397,0.2074706325790163,0.3082356383662435,0.1666530834777424,0.2161160923988212,0.1932692251437372,0.2776839509603857,0.2699081766002174,0.3696408394842934,0.214837983872302,0.2145671170714999,0.1827593757850342,0.2253726555394387,0.3696408394842941,0.2930068154911972,0.1063875564502357,0.4644627669231653,0.2254126338675845,0.0870063425421402,0.3696408394842937,0.1702469611962092,0.4101449966193898,0.2776839509603857,0.2138180664491388,0.3082356383662442,0.1842943606295234,0.181200394431604,0.2148846934754619,0.0322168652055039,0.367653195266841,0.182321117407098,0.2279803857058133,0.2179071528483074,0.2144041426250771,0.3027252898347951,0.3696408394842933,0.1428600399323212,0.1123632193813909,0.2186686137456839,0.1387540592362206,0.0077467156002271,0.3612459726739107,0.1345023910061272,0.2106569484766296,0.2253726555394387,0.1013568903109585,0.2218406005763684,0.1798644105130722,0.2266582724192674,0.0456634300440761,2.19815845370136e-07,0.2776839509603853,0.2222736330042297,0.3919195652035308,0.3161849181847699,7.943777801859286e-06,0.2278265368621438,0.2192794252769334,0.2145955088708377,0.3082356383662456,0.1941748690922214,0.3230967798179007,0.3501573174482292,0.3403592878675893,0.3696408394842941,0.093885892625887,0.3579755348739876,0.2226358344486409,0.3513414128151577,0.216417425547899,0.4895983137063159,0.2106684262391614,0.0288778348174665,0.1218534843734948,0.1868460569253762,0.2253726555394387,0.518573169743382,0.1897383805887376,0.4624214024734877,0.1793413209254988,0.2253726555394387,0.2325268109894093,0.3641266017260945,0.3340758425706395,0.3082356383662443,0.3082356383662439,0.2015714276327207,0.2252037476459957
1.5,0.3587643473933483,0.2228591919796563,0.3094640058955167,0.1518962741675388,0.3061204014523508,0.3240716721973697,0.3569403134399553,0.2217043117660761,6.67113180923749e-05,0.2159984982736536,0.2231301601484298,0.007038612573161,0.4279378410162225,0.2054424921114332,0.2942540234883318,0.1648579424085558,0.2140728848368309,0.1916613782290055,0.263338544510747,0.2701467819331633,0.3587643473933483,0.2128698073839492,0.2125648557852219,0.1810907771027741,0.2231301601484298,0.3587643473933487,0.2787913709199756,0.105900115099804,0.4531256285869496,0.2231701955508888,0.0872857854822923,0.3587643473933483,0.1691837854019407,0.4101025441429736,0.263338544510747,0.2118748830568203,0.2942540234883327,0.1829147635722035,0.1798023316286132,0.2129171020306982,0.0319488324094787,0.3646851292105975,0.1807270441790096,0.2256686976457873,0.2158437473528033,0.2122219157037363,0.2987224102071837,0.358764347393348,0.1417061658407074,0.1125729105884665,0.2165969655012294,0.1384512672603562,0.0078873214480575,0.3494575196121972,0.133486883844648,0.2086817917838744,0.2231301601484298,0.1009090946225887,0.219417943208821,0.1791453614762022,0.2243812731140443,0.0460702078687599,2.2127633893134746e-07,0.2633385445107471,0.220118504475215,0.3918250057857813,0.3099788856116861,8.377341255959119e-06,0.2255358286716272,0.2171629819322126,0.2126347361669746,0.2942540234883338,0.192507523959825,0.3094640058955167,0.3376110310598076,0.3349278030345781,0.3587643473933487,0.0920301792987883,0.3544281489132898,0.220463370977529,0.3469226040839207,0.214381287838902,0.4899581927377808,0.2087781934167422,0.0293709905763048,0.1215696769326558,0.1861212000727123,0.2231301601484298,0.5101996820400738,0.1900259550726137,0.4550184377851811,0.1780059989391124,0.2231301601484298,0.2328378116816903,0.3569403134399553,0.3300308056099839,0.2942540234883319,0.2942540234883311,0.1997638036711511,0.2229659731906287
1.51,0.3481150453821683,0.2213925514713945,0.2962747445762513,0.1507557669156905,0.3039162557409841,0.3113026488116224,0.3498492007763678,0.2195229278855888,6.712539712542685e-05,0.2139636418902281,0.2209099779593782,0.0071853099311682,0.4191045140620121,0.2034364606207264,0.280769315152868,0.1630890057635649,0.2120493536426321,0.1900677058475452,0.2495899824366121,0.2703266790931429,0.3481150453821681,0.210919645871518,0.2105813985061616,0.179438319103785,0.2209099779593782,0.3481150453821692,0.2651241588544584,0.1054149070845294,0.4419012179693662,0.2209500653427059,0.0875583424416661,0.3481150453821683,0.1681421766200124,0.4099325388171778,0.2495899824366121,0.209949125270897,0.2807693151528685,0.1815454939499396,0.178415864036197,0.2109675268346999,0.0316830491301089,0.3616927943732826,0.1791508177935557,0.2233804474702419,0.2137998977488347,0.2100632152005181,0.2947593589065583,0.3481150453821682,0.1405659348669918,0.1127729681873985,0.2145449440772443,0.1381429960817978,0.0080304533997056,0.3379485980500728,0.1324807325550717,0.2067263175910632,0.2209099779593782,0.1004632772997538,0.2170315334385004,0.1784214588128554,0.2221271490921719,0.0464744122023387,2.2273663641212e-07,0.2495899824366118,0.2179842733679457,0.391608669293487,0.3038902653096267,8.830642480577229e-06,0.2232679540582427,0.2150673289110885,0.2106918791670163,0.280769315152869,0.1908559433186925,0.2962747445762513,0.3253985630669005,0.329556459542356,0.3481150453821692,0.0902428460793912,0.3508689891956494,0.2183121063923249,0.3425289215112672,0.2123643312698382,0.4901004606162844,0.2069050115233347,0.0298659303508632,0.1212762045337404,0.1853912063571621,0.2209099779593782,0.5017830589952359,0.1902885913473595,0.4476358892087633,0.1766805935759027,0.2209099779593782,0.2331180722058846,0.3498492007763678,0.3260038386351096,0.2807693151528688,0.280769315152868,0.1979731790367907,0.2207504347856262
1.52,0.3376929732509554,0.2199361877873159,0.2835232287027025,0.1496278494271234,0.3017015148207363,0.2989187336289098,0.3428538485395329,0.2173630069791044,6.753908411818493e-05,0.2119478523515089,0.2187118869522147,0.0073336869609285,0.4103635213224365,0.2014522503479755,0.2677733500702171,0.1613458133936189,0.2100452974218398,0.1884880702114147,0.2364243760107432,0.270448451550522,0.3376929732509551,0.2089873352658044,0.2086165586499619,0.1778018415445765,0.2187118869522147,0.3376929732509554,0.2519942950635466,0.1049319221718252,0.4307982357052979,0.2187520213187294,0.0878240464496297,0.3376929732509554,0.167121094169465,0.4096368217257694,0.2364243760107432,0.2080406457833969,0.2677733500702175,0.1801864744532634,0.1770408774230669,0.2090358029217061,0.0314194968261195,0.3586778158898641,0.1775921244660309,0.2211153977329731,0.2117754176853103,0.2079277731793974,0.2908361281247261,0.3376929732509551,0.1394387007862171,0.1129634720226735,0.2125123635115275,0.1378293661423817,0.0081760255584676,0.3267183861334323,0.1314838397924776,0.2047902888919867,0.2187118869522147,0.1000194296020165,0.2146800178229652,0.177692886411042,0.219895670495445,0.0468759947226867,2.241967378321311e-07,0.2364243760107429,0.2158707369140963,0.3912723594596379,0.2979161288503802,9.304390333959024e-06,0.221022692455284,0.2129922474044047,0.2087667741740456,0.2677733500702181,0.1892199170824195,0.2835232287027025,0.3135178358532028,0.324245436351986,0.3376929732509554,0.0885214590536413,0.3472995244935405,0.216181833818416,0.3381612198451967,0.2103663731659639,0.4900278029055147,0.2050487221426527,0.0303625514724322,0.120973284233499,0.1846559841714325,0.2187118869522147,0.4933322502557344,0.1905265202351143,0.4402779208318774,0.1753650324846412,0.2187118869522147,0.2333674848690397,0.3428538485395329,0.3219958527664449,0.2677733500702176,0.2677733500702177,0.1961993104578634,0.2185569114753461
1.53,0.3274978606820082,0.218489771081598,0.271203120083339,0.1485122420085064,0.299476987531711,0.2869156721950529,0.3359547440104952,0.2152243378700863,6.795237934232942e-05,0.2099509533565943,0.216535667316007,0.0074837144891527,0.4017178856759251,0.1994895781923712,0.2552573673787155,0.1596279138773434,0.2080605172337039,0.186922334867527,0.2238272615859131,0.2705127137909509,0.3274978606820082,0.2070727129479093,0.2066701521332695,0.1761811857901473,0.216535667316007,0.3274978606820083,0.2393902954111102,0.1044511501759879,0.4198247725423488,0.2165758437623781,0.0880829313587835,0.3274978606820082,0.1661195358330333,0.4092173127133774,0.2238272615859131,0.206149298182237,0.255257367378716,0.1788376283514325,0.1756772590675727,0.2071217668364648,0.0311581571121518,0.3556417862484123,0.1760506585236301,0.2188733133780385,0.2097701226517975,0.2058153249025464,0.2869526947463296,0.3274978606820077,0.1383238827734408,0.1131445026694738,0.2104990396053678,0.1375104961835234,0.0083239562765104,0.3157656735733592,0.130496109285113,0.2028734728615919,0.216535667316007,0.0995775428275547,0.2123621197757128,0.1769598247981537,0.2176866097788903,0.0472749082258037,2.256566432110571e-07,0.2238272615859131,0.2137776943246287,0.390817954649409,0.2920536475908211,9.799311493494991e-06,0.2187998251742821,0.2109375214826781,0.206859258986855,0.2552573673787168,0.1875992403020214,0.271203120083339,0.3019663101923528,0.318994873855662,0.3274978606820083,0.0868636585619843,0.343721198941921,0.2140723484016997,0.3338203131504236,0.2083872327479778,0.4897431321878631,0.2032091685618463,0.0308607510564086,0.120661131185508,0.1839154524550663,0.216535667316007,0.4848559307464508,0.1907399773381182,0.432948524203217,0.1740592437805824,0.216535667316007,0.2335859661578473,0.3359547440104952,0.3180077248635435,0.2552573673787158,0.2552573673787155,0.1944419613355877,0.2163851845000411
1.54,0.3175291448466484,0.2170529830857753,0.2593075660693614,0.1474086745253784,0.2972434650029524,0.2752887306936765,0.3291522808845486,0.2131067114596709,6.836528306937427e-05,0.207972770209968,0.2143811014269779,0.0076353645663798,0.3931704090892324,0.1975481656197664,0.2432120778923459,0.1579348643511074,0.2060948165487041,0.1853703646965979,0.211783696440806,0.2705201096676043,0.3175291448466484,0.2051756177388284,0.2047419973046965,0.1745761947977666,0.2143811014269779,0.317529144846649,0.2273001583300024,0.1039725809579821,0.4089883216837262,0.2144213151428478,0.088335031816956,0.3175291448466484,0.1651365368296987,0.408676005931916,0.211783696440806,0.204274936960316,0.2432120778923469,0.1774988794880982,0.1743248977305632,0.2052252566204019,0.0308990117574486,0.352586265241649,0.1745261221581179,0.216653961716946,0.2077838299558504,0.2037256087907335,0.2831090209581123,0.3175291448466482,0.1372209584877428,0.1133161413916439,0.2085047899066853,0.137186503266862,0.0084741678532116,0.3050888868163862,0.1295174458222726,0.2009756407473643,0.2143811014269779,0.0991376083129909,0.210076635508688,0.1762224511916489,0.2154997416872181,0.0476711066199237,2.27116352568572e-07,0.211783696440806,0.2117049467694849,0.3902474035240632,0.286300091857031,1.0316150655253685e-05,0.2165991353984131,0.2089029380370754,0.2049691728862791,0.2432120778923476,0.1859937129767809,0.2593075660693614,0.2907410195307272,0.3138048755232862,0.317529144846649,0.0852671579744713,0.3401354313735468,0.2119834472886732,0.3295069758249692,0.2064267311005394,0.4892495770987322,0.2013861957415853,0.0313604260490542,0.1203399586023497,0.1831695405177631,0.2143811014269779,0.4763624966036852,0.1909292028060152,0.4256515205141271,0.172763156045004,0.2143811014269779,0.2337734561819013,0.3291522808845486,0.3140402979892476,0.2432120778923469,0.2432120778923463,0.192700901522712,0.2142350372740027
1.55,0.3077859875828006,0.2156255169281861,0.2478292537249505,0.1463168860359469,0.2950017208195343,0.2640327391057042,0.3224467631247266,0.2110099207062292,6.877779557066709e-05,0.206013129804833,0.212247973826743,0.0077886103181954,0.3847236789882013,0.1956277385732764,0.2316277299949959,0.1562662303423333,0.2041480012072439,0.1838320259113528,0.2002783487213615,0.2704713107972406,0.3077859875828002,0.2032958898891078,0.2028319148789744,0.1729867131009189,0.212247973826743,0.3077859875828005,0.2157114427784555,0.1034962044252271,0.3982957921887907,0.2122882200933361,0.0885803832397627,0.3077859875828006,0.1641711688017275,0.4080149654220838,0.2002783487213615,0.2024174175238595,0.2316277299949964,0.1761701522770057,0.1729836836288483,0.2033461117979167,0.0306420426845525,0.3495127799501361,0.173018225186413,0.2144571124059596,0.2058163587009278,0.2016583663842275,0.2793050548400584,0.3077859875828005,0.1361294578429166,0.1134784701006948,0.2065294336933546,0.1368575027946724,0.0086265862543946,0.2946861135120476,0.1285477552423172,0.1990965677641396,0.212247973826743,0.0986996174332228,0.2078224301346569,0.1754809395490397,0.2133348432315388,0.0480645449193595,2.285758659243485e-07,0.200278348721361,0.2096522973575595,0.3895627207445902,0.2806528297157721,1.085567072915552e-05,0.2144204081755275,0.2068882867222106,0.203096356621654,0.2316277299949968,0.1844031398730007,0.2478292537249505,0.2798386031658429,0.3086755094924681,0.3077859875828005,0.0837297423966721,0.3365436147140506,0.2099149296067409,0.325221943604481,0.2044846911421084,0.4885504712571476,0.1995796502872008,0.0318614732735796,0.1200099777205934,0.1824181878541728,0.212247973826743,0.4678600619391516,0.1910944411076896,0.4183905629445168,0.1714766983246758,0.212247973826743,0.233929918112178,0.3224467631247266,0.3100943818897427,0.2316277299949964,0.2316277299949959,0.1909759071089555,0.2121062553639321
1.56,0.2982672921265686,0.2142070769473354,0.2367604615594839,0.1452366244392205,0.2927525111946024,0.2531421326704076,0.3158384087303501,0.2089337606051504,6.918991711738944e-05,0.2040718606068523,0.2101360712007647,0.0079434258110666,0.37638007466222,0.1937280273858674,0.2204941721635092,0.1546215856060802,0.2022198793793958,0.1823071860540416,0.1892955815351193,0.270367014998999,0.2982672921265683,0.2014333710682077,0.2009397278741564,0.1714125867934106,0.2101360712007647,0.298267292126569,0.2046113416892764,0.1030220105313839,0.3877535233150617,0.2101763453895617,0.0888190217837185,0.2982672921265686,0.1632225388167362,0.4072363207365641,0.1892955815351193,0.2005765962000424,0.2204941721635096,0.1748513716977262,0.171653508409242,0.2014841733628033,0.0303872319680131,0.3464228247556568,0.1715266848188319,0.2122825374235081,0.2038675297648813,0.1996133423041962,0.2755407309388835,0.2982672921265683,0.1350489574034501,0.1136315713158239,0.2045727919567014,0.1365236085300478,0.0087811408510302,0.2845551262532366,0.1275869444208284,0.1972360329922243,0.2101360712007647,0.0982635616012537,0.205598433928659,0.1747354606171899,0.211191693666336,0.0484551792380957,2.3003518329805717e-07,0.189295581535119,0.2076195511169551,0.3887659827211268,0.2751093253858912,1.141865302960616e-05,0.212263430410824,0.204893359900673,0.2012406523973988,0.2204941721635106,0.1828273303503222,0.2367604615594839,0.2692553382890214,0.3036068101036236,0.298267292126569,0.0822492673158466,0.3329471154347067,0.2078665964447296,0.32096591455389,0.2025609375960322,0.4876493421249768,0.1977893804208264,0.03236378947554,0.1196713977684159,0.1816613439507333,0.2101360712007647,0.4593564563967346,0.1912359408076262,0.4111691391596767,0.1701998001312566,0.2101360712007647,0.2340553376155124,0.3158384087303501,0.3061707534890961,0.2204941721635096,0.2204941721635093,0.1892667602131571,0.2099986264675249
1.57,0.2889717193837557,0.2127973784998322,0.2260931088046882,0.1441676461369104,0.2904965751460157,0.2426109916236345,0.309327353419827,0.2068780281688036,6.960164798055668e-05,0.2021487926382609,0.2080451823570204,0.008099785931487,0.3681417736872489,0.1918487666948954,0.2098009121210021,0.1530005119648393,0.2003102615256677,0.1807957139932805,0.1788195312862101,0.2702079447749306,0.2889717193837556,0.199587904354035,0.1990652615516878,0.1698536635136373,0.2080451823570204,0.2889717193837561,0.1939867509468588,0.1025499892761434,0.3773672996899198,0.2080854799283995,0.0890509843198955,0.2889717193837557,0.1622897883852551,0.4063422626111151,0.1788195312862101,0.1987523302439274,0.2098009121210026,0.1735424632914217,0.1703342651231769,0.1996392837647957,0.0301345618331062,0.3433178613833484,0.170051225434733,0.2101300110477623,0.2019371657789789,0.1975902842145975,0.2718159708243459,0.2889717193837554,0.1339790753489406,0.1137755281249318,0.2026346873851534,0.1361849326168554,0.0089377641760755,0.2746934055693383,0.1266349212588983,0.1953938192787186,0.2080451823570204,0.0978294322680243,0.2034036387470331,0.1739861819809327,0.2090700744666817,0.0488429667831399,2.3149430470936726e-07,0.1788195312862099,0.2056065149754923,0.3878593234138344,0.2696671373384194,1.2005897461446777e-05,0.2101279908591818,0.2029179525892411,0.1994019038597213,0.2098009121210033,0.1812660981952838,0.2260931088046882,0.2589871708680155,0.2985987793818145,0.2889717193837561,0.0808236571961588,0.3293472730608321,0.2058382508336117,0.3167395500460807,0.2006552969627874,0.4865498998257739,0.1960152359544945,0.032867271367528,0.1193244259357179,0.1808989680851239,0.2080451823570204,0.4508592234641269,0.1913539543467861,0.4039905739450679,0.1689323914406152,0.2080451823570204,0.2341497222858082,0.309327353419827,0.3022701573969241,0.2098009121210025,0.2098009121210026,0.1875732487819406,0.2079119403922754
1.58,0.2798977037297128,0.2113961477635251,0.2158188022329404,0.1431097157085602,0.288234634677241,0.2324330791983382,0.302913654227089,0.2048425224067055,7.001298843101823e-05,0.2002437574623407,0.2059750982048834,0.0082576662772341,0.3600107583532468,0.1899896953585438,0.1995371726393027,0.1514025991514779,0.198418960358761,0.1792974799202537,0.1688341803650462,0.269994845831317,0.2798977037297126,0.1977593342223187,0.1972083433592141,0.1683097924290112,0.2059750982048834,0.2798977037297128,0.1838243339489011,0.1020801307050152,0.3671423672047194,0.2060154147068226,0.0892763084081147,0.2798977037297128,0.1613720924942006,0.4053350386894117,0.1688341803650462,0.1969444778447467,0.1995371726393028,0.1722433531566402,0.1690258482018743,0.197811286896237,0.0298840146545627,0.3401993189712239,0.1685915783653397,0.2079993098343112,0.20002509110742,0.1955889427845544,0.268130683628832,0.2798977037297125,0.132919466954436,0.1139104241466165,0.2007149443480544,0.1358415855994671,0.0090963916982139,0.265098162156232,0.1256915946715526,0.1935697131419311,0.2059750982048834,0.0973972209222451,0.2012370946019048,0.1732332681110182,0.2069697693057086,0.0492278658476417,2.3295323017794587e-07,0.168834180365046,0.2036129977414892,0.3868449301905687,0.2643239161304901,1.2618222701055735e-05,0.2080138801171749,0.2009618624067106,0.1975799560834432,0.1995371726393038,0.1797192614618085,0.2158188022329404,0.2490297453517168,0.293651388466956,0.2798977037297128,0.0794509040310904,0.3257453997337852,0.2038296977274278,0.3125434757272518,0.198767597493298,0.4852560259530055,0.1942570682641358,0.0333718156731528,0.1189692673466043,0.1801310291188877,0.2059750982048834,0.4423756195014908,0.1914487378279825,0.3968580319666084,0.1676744026920683,0.2059750982048834,0.2342131010727,0.302913654227089,0.2983933064278986,0.1995371726393028,0.1995371726393029,0.1858951663947096,0.2058459890344921
1.59,0.2710434683281932,0.2100031215364256,0.2059288805249027,0.1420626055993844,0.2859673949621639,0.2226018778813191,0.296597293011254,0.2028270443058804,7.042393873945767e-05,0.1983565881682276,0.2039256117342134,0.0084170430596437,0.3519888220827255,0.1881505563741127,0.1896919440250048,0.1498274446552671,0.1965457908062761,0.1778123553443112,0.1593234243297134,0.2697284856399069,0.2710434683281933,0.1959475065359366,0.1953688028759689,0.1667808242205436,0.2039256117342134,0.2710434683281932,0.1741105818291296,0.1016124249091181,0.3570834495288072,0.2039659428009843,0.0894950322716659,0.2710434683281932,0.1604686586566094,0.4042169493070549,0.1593234243297134,0.1951528981315523,0.1896919440250056,0.1709539679451444,0.1677281534320515,0.1960000280788696,0.0296355729553088,0.3370685941657231,0.1671474816834833,0.2058902125940007,0.1981311318273408,0.193609071651208,0.2644847665706614,0.2710434683281933,0.1318698205383259,0.1140363434931249,0.198813388879656,0.1354936764422684,0.0092569616113475,0.2557663583311539,0.1247568745763062,0.1917635046787809,0.2039256117342134,0.0969669190902297,0.1990979063884915,0.1724768804113972,0.2048905640323207,0.0496098358037897,2.3441195972345842e-07,0.1593234243297135,0.2016388100847853,0.3857250397462964,0.2590774020146638,1.3256466372449245e-05,0.2059208906147819,0.1990248895232869,0.1957746555589478,0.189691944025006,0.1781866423183251,0.2059288805249027,0.239378433185171,0.2887645789939839,0.2710434683281932,0.0781290658606091,0.3221427798245678,0.2018407439844131,0.3083782824687023,0.1968976691632699,0.4837717623960588,0.1925147302644328,0.0338773191702925,0.1186061250341071,0.1793575052837746,0.2039256117342134,0.4339126134495156,0.1915205508057436,0.389774520644527,0.1664257647875399,0.2039256117342134,0.2342455237083568,0.296597293011254,0.2945408821318513,0.1896919440250054,0.1896919440250047,0.1842323120747909,0.203800566358518
1.6,0.2624070399620333,0.2086180470319728,0.1964144562055303,0.1410260958203187,0.2836955445335042,0.2131106239280707,0.2903781798792719,0.2008313968114171,7.08344991763927e-05,0.1964871193560367,0.2018965179946553,0.008577893015897,0.3440775758280408,0.1863310967981216,0.1802540333375617,0.1482746535709363,0.1946905699743401,0.176340213087988,0.1502711337357158,0.2694096520382303,0.2624070399620331,0.1941522685343056,0.1935464717606176,0.1652666110675853,0.2018965179946553,0.2624070399620335,0.1648318694342962,0.1011468620249708,0.3471947651457243,0.2019368593455483,0.0897071947725436,0.2624070399620333,0.1595787259779328,0.4029903433398764,0.1502711337357158,0.1933774511782693,0.1802540333375625,0.1696742348577691,0.1664410779321629,0.1942053540507474,0.029389219405216,0.3339270512420038,0.1657186800000765,0.2038025003709286,0.1962551157092527,0.1916504273830411,0.2608781054615438,0.2624070399620332,0.1308298538333139,0.114153370734244,0.1969298486632575,0.1351413125489467,0.0094194146387719,0.2466947287039965,0.1238306718818491,0.1899749874750908,0.2018965179946553,0.0965385183357285,0.1969852307621354,0.1717171772658528,0.2028322466491415,0.0499888370954967,2.358704933655689e-07,0.1502711337357156,0.1996837645180126,0.3845019340889165,0.2539254223618781,1.3921485218226356e-05,0.2038488166068103,0.1971068366114803,0.1939858501792451,0.1802540333375631,0.1766680669012347,0.1964144562055303,0.2300283601286049,0.2839382644245514,0.2624070399620335,0.0768562652600753,0.3185406695970454,0.1998711983483159,0.3042445273047994,0.1950453436484603,0.4821013002110881,0.1907880763844952,0.0343836787336114,0.1182351999170389,0.1785783839623395,0.2018965179946553,0.4254768871795059,0.1915696560806393,0.3827428931292562,0.1651864090906369,0.2018965179946554,0.234247060133093,0.2903781798792719,0.2907135353332936,0.1802540333375622,0.1802540333375622,0.1825844901065484,0.2017754683761703
1.61,0.2539862633704664,0.2072406816711641,0.1872664551772472,0.1399999736597978,0.2814197554745235,0.2039523401448828,0.2842561565214789,0.1988553848071959,7.124467001217543e-05,0.1946351871222872,0.1998876140751445,0.0087401933304054,0.3362784544358714,0.1845310676681733,0.1712121104001331,0.1467438384506911,0.1928531171121309,0.1748809272814779,0.1416612107873162,0.2690391518682215,0.2539862633704664,0.1923734688227016,0.191741183701427,0.1637670066327196,0.1998876140751445,0.2539862633704665,0.1559745071634257,0.1006834322342843,0.3374800448187829,0.1999279615132067,0.0899128353871937,0.2539862633704664,0.1587015642391391,0.4016576141212045,0.1416612107873162,0.1916179980081749,0.1712121104001339,0.1684040816403121,0.1651645201291535,0.192427112953267,0.0291449368198619,0.3307760222476907,0.1643049242670608,0.20173595642057,0.1943968721979179,0.1897127694436698,0.2573105751986111,0.2539862633704662,0.1297993107396896,0.1142615908621123,0.1950641530154941,0.1347845997815633,0.0095836938510371,0.2378798000599503,0.1229128984768605,0.1882039585186684,0.1998876140751445,0.0961120102597632,0.1948982731615992,0.1709543140839863,0.2007946072907012,0.0503648312308818,2.3732883112393923e-07,0.1416612107873162,0.1977476753781003,0.3831779365957506,0.2488658889330273,1.4614155265210842e-05,0.2017974541640534,0.1952075087984596,0.1922133892271565,0.1712121104001343,0.1751633651744544,0.1872664551772472,0.2209744323793351,0.2791723313317872,0.2539862633704665,0.0756306878073327,0.3149402969188419,0.1979208714299092,0.3001427343569141,0.1932104543008328,0.480248968562394,0.1890769625443069,0.0348907913763293,0.117856690778877,0.1777936614633229,0.1998876140751445,0.4170748364485277,0.191596319498053,0.3757658513683944,0.1639562674256429,0.1998876140751445,0.2342177999204214,0.2842561565214789,0.2869118866792267,0.1712121104001339,0.1712121104001335,0.1809515098582963,0.1997704931263742
1.62,0.2457788150897426,0.205870792872047,0.1784756538877477,0.1389840334068042,0.2791406836137381,0.1951198669539793,0.2782309994601377,0.1968988150968379,7.165445151699224e-05,0.1928006290456086,0.1978986990836146,0.0089039215644541,0.3285927229681811,0.1827502239265462,0.1625547506746981,0.1452346191591402,0.1910332535772519,0.1734343733565831,0.1334776409974334,0.2686178096524098,0.2457788150897424,0.1906109573615132,0.1899527743686322,0.1622818660468087,0.1978986990836146,0.2457788150897426,0.1475247887898634,0.1002221257637541,0.3279425493981128,0.1979390484943999,0.0901119941827589,0.2457788150897426,0.1578364729968278,0.4002211954324934,0.1334776409974334,0.1898744005978276,0.1625547506746987,0.167143436579454,0.1638983797357138,0.1906651543183182,0.0289027081593008,0.3276168071688708,0.162905971586655,0.1996903661880847,0.1925562323936189,0.1877958601560922,0.2537820402414362,0.2457788150897424,0.1287779584235711,0.1143610892569343,0.1932161328708028,0.1344236424794086,0.0097497444965683,0.2293179104514763,0.1220034672189516,0.1864502181150896,0.1978986990836146,0.0956873865004624,0.1928362849748515,0.1701884433465658,0.1987774382018612,0.0507377807745587,2.387869730182296e-07,0.1334776409974332,0.1958303588080132,0.3817554081446732,0.243896795031104,1.533537198463954e-05,0.1997666011641931,0.1933267136198028,0.1904571233626157,0.1625547506746997,0.1736723707947733,0.1784756538877477,0.2122113615000637,0.2744666406396217,0.2457788150897426,0.0744505805339123,0.3113428610180007,0.1959895756886946,0.2960733957431314,0.1913928361255361,0.4782192237586324,0.1873812461319095,0.0353985542912364,0.1174707942485792,0.1770033427923287,0.1978986990836146,0.4087125724231889,0.1916008097513715,0.3688459492541727,0.1627352720764305,0.1978986990836146,0.234157851702175,0.2782309994601377,0.2831365271941582,0.1625547506746986,0.1625547506746984,0.1793331856108438,0.1977854406550097
1.63,0.237782216795432,0.2045081578370337,0.1700327141775692,0.1379780760847438,0.2768589687223508,0.1866058917633304,0.2723024232111896,0.194961496384806,7.20638439608641e-05,0.1909832841727202,0.1959295741269093,0.0090690555933408,0.3210214829697236,0.1809883243454662,0.1542704750822599,0.1437466227310698,0.1892308028019531,0.1720004280401837,0.1257045400541071,0.2681464663069792,0.2377822167954321,0.1888645854555963,0.1881810813688978,0.1608110458941914,0.1959295741269093,0.2377822167954319,0.1394690353972497,0.099762932884855,0.3185850878862858,0.1959699214772546,0.0903047117938177,0.237782216795432,0.1569827807005134,0.3986835575713121,0.1257045400541071,0.1881465218804756,0.1542704750822602,0.1658922284987093,0.1626425577280308,0.1889193290555519,0.028662516526845,0.32445067411712,0.1615215850266805,0.1976655172867671,0.190733029033815,0.1858994646673931,0.2502923550744395,0.2377822167954319,0.1277655847260232,0.1144519516535785,0.1913856207660262,0.1340585434776465,0.0099175138441837,0.2210052275004305,0.1211022919237332,0.1847135698060864,0.1959295741269093,0.0952646387328974,0.1907985608433149,0.1694197146502478,0.1967805337164525,0.0511076493397395,2.402449190680984e-07,0.1257045400541073,0.1939316327387148,0.3802367433235198,0.2390162125629329,1.6086050446752032e-05,0.1977560572824629,0.1914642609745992,0.1887169046100859,0.1542704750822607,0.172194920982776,0.1700327141775692,0.2037336881613255,0.2698210288181479,0.2377822167954319,0.0733142503657966,0.3077495322835213,0.1940771254147895,0.2920369724735875,0.1895923257586535,0.4760166384067518,0.1857007859812904,0.0359068648909447,0.1170777047832463,0.1762074414182994,0.1959295741269093,0.4003959237361452,0.1915833981895664,0.361985595841358,0.1615233557852914,0.1959295741269093,0.2340673425942712,0.2723024232111896,0.2793880188413042,0.1542704750822601,0.1542704750822599,0.1777293363915077,0.1958201129949568
1.64,0.2299938481463894,0.2031525633384809,0.1619282158593221,0.1369819091957226,0.2745752347141384,0.1784029766681131,0.2664700833595718,0.1930432392577205,7.247284761364653e-05,0.1891829930046531,0.1939800422908918,0.0092355735503111,0.3135656786729294,0.1792451314540232,0.1463477868569383,0.1422794832320129,0.1874455902601498,0.1705789693472363,0.1183261961001549,0.2676259778910351,0.2299938481463892,0.1871342057436176,0.1864259442017553,0.159354404198029,0.1939800422908918,0.2299938481463894,0.1317936355692459,0.0993058439136351,0.3094100356845012,0.194020383627704,0.0904910293996063,0.2299938481463894,0.1561398438271972,0.3970472035003519,0.1183261961001549,0.1864342257489635,0.1463477868569389,0.1646503867544081,0.1613969563240092,0.1871894894397645,0.0284243451678558,0.3212788595364313,0.1601515334417565,0.1956611994766794,0.1889270964751605,0.184023350913895,0.2468413646550759,0.229993848146389,0.1267619958519643,0.1145342641090435,0.1895724508251672,0.133689404125746,0.0100869510367038,0.2129377659137422,0.1202092873540092,0.1829938202904577,0.1939800422908918,0.0948437586689193,0.1887844361003555,0.1686482747516785,0.1948036902361566,0.0514744015801621,2.417026692932027e-07,0.1183261961001548,0.1920513168713464,0.3786243667210785,0.2342222890367781,1.6867125469639445e-05,0.1957656239820881,0.1896199630818559,0.1869925863460922,0.1463477868569392,0.1707308563990898,0.1619282158593221,0.1955358047097051,0.2652353090364551,0.2299938481463894,0.0722200625587335,0.3041614521079327,0.1921833367110004,0.2880338953312858,0.1878087614456738,0.4736458907051892,0.1840354423509362,0.0364156208473681,0.1166776146525468,0.1754059790362809,0.1939800422908918,0.3921304390401552,0.1915443586291383,0.3551870586259932,0.1603204517516909,0.1939800422908918,0.233946417623698,0.2664700833595718,0.2756668950889914,0.1463477868569389,0.1463477868569386,0.1761397858134349,0.1938743141463353
1.65,0.2224109591318064,0.2018038055029416,0.1541526870862823,0.1359953464748158,0.2722900898475328,0.1705035845154361,0.2607335795485793,0.1911438561658296,7.288146274502974e-05,0.1873995974832236,0.192049908620754,0.0094034537766555,0.30622610313174,0.1775204114666891,0.1387752055294532,0.1408328416215567,0.1856774434352278,0.1691698765733445,0.1113271076389811,0.2670572143914402,0.2224109591318064,0.1854196721872469,0.1846872042179181,0.1579118004058011,0.192049908620754,0.2224109591318067,0.1244850819798195,0.0988508492105124,0.3004193529462409,0.1920902400698137,0.0906709887017167,0.2224109591318064,0.1553070460333104,0.3953146650808337,0.1113271076389811,0.1847373770581639,0.1387752055294538,0.1634178412317072,0.1601614789619681,0.1854754890983981,0.0281881774685449,0.3181025684289006,0.1587955913002089,0.1936772046434214,0.1871382706758665,0.1821672895867512,0.243428904848184,0.2224109591318063,0.1257670143105714,0.1146081129707736,0.1877764587443005,0.1333163243057064,0.0102580069549047,0.2051114042184325,0.1193243692090922,0.1812907793474173,0.192049908620754,0.0944247380569961,0.1867932843396401,0.1678742676109814,0.1928467062095988,0.0518380031818504,2.431602237131972e-07,0.1113271076389811,0.1901892326596211,0.3769207293026805,0.2295132445195135,1.767955176221333e-05,0.1937951045045156,0.1877936344381602,0.1852840232868677,0.1387752055294542,0.1692800210257342,0.1541526870862823,0.1876119765769276,0.2607092722743357,0.2224109591318067,0.0711664391326545,0.3005797327700878,0.19030802747508,0.2840645657382908,0.1860419830206422,0.4711117538964448,0.1823850769030211,0.0369247201304253,0.116270713924827,0.1745989853269498,0.192049908620754,0.383921390025166,0.1914839671703907,0.3484524668758073,0.15912649363094,0.1920499086207541,0.2337952391572566,0.2607335795485793,0.2719736614813349,0.1387752055294535,0.1387752055294532,0.1745643619200806,0.1919478500569522
1.66,0.2150306819241381,0.2004616895944774,0.1466966325730514,0.13501820765394,0.270004126929651,0.1629001033680964,0.2550924583838639,0.1892631614046963,7.32896896245387e-05,0.1856329409777257,0.1901389801015205,0.0095726747773882,0.299003404276655,0.1758139342134011,0.1315412981409934,0.1394063456193332,0.1839261917886001,0.1677730302869186,0.1046920172838158,0.2664410585426138,0.215030681924138,0.1837208400606244,0.1829647045793757,0.156483095374946,0.1901389801015205,0.2150306819241383,0.1175300045362919,0.0983979391800706,0.2916146029701899,0.1901792978663039,0.0908446319022616,0.2150306819241381,0.1544837973240762,0.3934884993932941,0.1046920172838158,0.1830558416269513,0.1315412981409939,0.1621945223406314,0.1589360302797872,0.183777182999155,0.0279539969547851,0.3149229745981021,0.1574535385164762,0.1917133267771201,0.1853663891783953,0.180331054097977,0.2400548028468682,0.2150306819241378,0.1247804770814791,0.114673584845807,0.1859974817766289,0.1329394024500754,0.010430634091117,0.1975219007238889,0.118447454114241,0.1796042597622964,0.1901389801015205,0.0940075686820512,0.1848245151088811,0.1670978344346436,0.1909093821116664,0.0521984208547145,2.446175823477352e-07,0.1046920172838158,0.1883452032924272,0.3751283048730927,0.2248873685746095,1.85243040611538e-05,0.1918443038594475,0.1859850917765549,0.1835910714761125,0.1315412981409945,0.1678422620523465,0.1466966325730514,0.1799563625480228,0.2562426883942274,0.2150306819241383,0.0701518573093484,0.2970054573564036,0.1884510173821575,0.2801293566072038,0.1842918318859434,0.4684190858977788,0.1807495526832039,0.0374340610459591,0.1158571904548333,0.1737864977133694,0.1901389801015205,0.3757737748648008,0.1914025020180002,0.3417838150035638,0.1579414155327973,0.1901389801015205,0.233613986332581,0.2550924583838639,0.2683087962123007,0.1315412981409937,0.1315412981409935,0.1730028970346903,0.1900405286029353
1.67,0.2078500422418931,0.1991260297973942,0.1395505597351962,0.134050318234946,0.2677179235220387,0.1555848694066677,0.2495462162527681,0.1874009710970267,7.36975285215333e-05,0.1838828682718471,0.1882470656387468,0.0097432151819792,0.2918980908839364,0.1741254730711743,0.1246347077928994,0.1379996495736436,0.1821916667290018,0.1663883123209575,0.098405941570071,0.2657784046807038,0.2078500422418928,0.1820375659396064,0.181258290221174,0.1550681513586481,0.1882470656387468,0.207850042241893,0.1109152002312583,0.0979471042708576,0.2829969705689311,0.1882873659992577,0.0910120016825005,0.2078500422418931,0.1536695332403044,0.3915712851485066,0.098405941570071,0.1813894862397468,0.1246347077929001,0.1609803610121449,0.157720516094501,0.1820944274377256,0.0277217872909317,0.3117412209090947,0.1561251602888491,0.1897693619515286,0.1836112910924642,0.178514420546909,0.236718877580279,0.2078500422418928,0.1238022339834624,0.1147307665707405,0.1842353587176804,0.1325587355597635,0.0106047864318188,0.1901649087212661,0.1175784596102195,0.1779340772545245,0.1882470656387468,0.0935922423653025,0.1828775717244157,0.1663191137178047,0.1889915204230427,0.0525556223240007,2.460747452164682e-07,0.0984059415700708,0.1865190536766338,0.373249586629142,0.2203430171999059,1.940237726170717e-05,0.1899130288146867,0.1841941540265804,0.1819135882728643,0.1246347077929002,0.1664174297670801,0.1395505597351962,0.172563033909511,0.2518353071747248,0.207850042241893,0.0691748479571556,0.2934396797188133,0.1866121278673499,0.2762286131778537,0.1825581509926815,0.4655728191274106,0.1791287341009991,0.0379435422728671,0.1154372298729793,0.1729685611154213,0.1882470656387468,0.3676923220593813,0.1913002433058488,0.3351829659750937,0.1567651520199952,0.1882470656387468,0.2334028544919274,0.2495462162527681,0.2646727507023145,0.1246347077928997,0.1246347077928995,0.1714552276146416,0.1881521595695645
1.68,0.200865970227415,0.1977966489987394,0.1327050028182448,0.1330915092715746,0.2654320421479003,0.1485501883123518,0.2440943020597883,0.1855571031747055,7.410497970520832e-05,0.182149225550781,0.1863739760394099,0.0099150537096609,0.2849105384525566,0.1724548048972048,0.1180441796409685,0.1366124143326604,0.1804737015824875,0.1650156057644617,0.0924541970512792,0.2650701576315745,0.2008659702274151,0.1803697076911724,0.1795678078147935,0.1536668319917668,0.1863739760394099,0.2008659702274152,0.104627659862098,0.0974983349751834,0.2745672803546232,0.1864142553510381,0.0911731411819161,0.200865970227415,0.1528637140626093,0.3895656191909053,0.0924541970512792,0.1797381786476426,0.1180441796409687,0.1597752886942508,0.1565148433823259,0.1804270800256285,0.0274915322786529,0.3085584195640487,0.1548102469423747,0.1878451083033473,0.1818728170783539,0.1767171676870914,0.2334209401086432,0.200865970227415,0.1228321462244877,0.1147797451824941,0.1824899298906651,0.1321744192216574,0.0107804193486182,0.1830359909316254,0.1167173041429726,0.1762800504078125,0.1863739760394099,0.0931787509641016,0.1809519292020333,0.1655382412859574,0.1870929256099503,0.0529095763215964,2.47531712339046e-07,0.0924541970512793,0.1847106104200927,0.3712870838041888,0.2158786097820084,2.0314786542197955e-05,0.1880010878858166,0.182420642275446,0.1802514323394803,0.1180441796409693,0.1650053774519745,0.1327050028182448,0.1654259925010469,0.2474868593069477,0.2008659702274152,0.0682339940460927,0.2898834244677252,0.1847911821085502,0.2723626538391546,0.1808407848216194,0.4625779505422477,0.1775224869106998,0.0384530628994395,0.1150110155760907,0.1721452277023488,0.1863739760394099,0.359681494643584,0.1911774729260778,0.3286516547441331,0.1555976381066967,0.18637397603941,0.2331620546192077,0.2440943020597883,0.2610659501766172,0.1180441796409688,0.1180441796409685,0.1699211941105017,0.1862825546322936
1.69,0.1940753108457859,0.1964733785708808,0.1261505450892034,0.1321416171599257,0.2631470305006002,0.1417883551755661,0.2387361198790505,0.1837313773610009,7.451204344459367e-05,0.1804318603885433,0.1845195239929892,0.0100881691388702,0.2780409949830889,0.1708017099634292,0.1117585844456679,0.1352443071181598,0.1787721315631238,0.1636547949535273,0.0868224228983332,0.2643172316320538,0.1940753108457859,0.1787171244628022,0.1778931057330448,0.1522790022769093,0.1845195239929892,0.1940753108457864,0.0986545917781537,0.09705162182892,0.26632601488748,0.1845597786853731,0.0913280939777361,0.1940753108457859,0.1520658240330073,0.387474113096679,0.0868224228983332,0.1781017875691376,0.1117585844456682,0.1585792373481213,0.1553189202591099,0.1787749996781623,0.0272632158557705,0.3053756523925102,0.1535085937767406,0.1859403660117034,0.1801508093304975,0.1749390768935817,0.2301607940058917,0.1940753108457859,0.1218700851140459,0.1148206078898595,0.1807610371319492,0.1317865476260329,0.0109574894970576,0.1761306332159788,0.1158639070534222,0.1746420006024638,0.1845195239929892,0.0927670863717744,0.1790470922994517,0.1647553503360681,0.1852134041041137,0.0532602525772011,2.4898848373511656e-07,0.0868224228983333,0.1829197018148398,0.3692433184063211,0.2114926260821504,2.1262567482131077e-05,0.1861082913257156,0.1806643797302903,0.1786044636297287,0.1117585844456687,0.1636059612826042,0.1261505450892034,0.1585391876960271,0.2431970573550296,0.1940753108457864,0.0673279291164761,0.2863376869983342,0.1829880050093802,0.2685317709361005,0.1791395793646443,0.459439531901847,0.175930678192827,0.0389625224588992,0.1145787287195697,0.1713165566438332,0.1845195239929892,0.3517454947277481,0.1910344743623268,0.3221914917065413,0.1544388092568842,0.1845195239929893,0.2328918127807144,0.2387361198790505,0.2574887942446128,0.1117585844456679,0.1117585844456679,0.1684006408296636,0.1844315273379614
1.7,0.1874748338118848,0.1951560581544617,0.1198778391659242,0.1312004834371062,0.2608634216532306,0.1352916729774493,0.2334710315247581,0.1819236151529294,7.49187200085544e-05,0.1787306217354697,0.1826835240527346,0.0102625402804308,0.2712895866533318,0.1691659718925044,0.1057669397911475,0.133895001401732,0.1770867937443421,0.1623057654621258,0.0814966002196623,0.2635205492839077,0.1874748338118848,0.1770796766719167,0.1762340340163993,0.1509045285706431,0.1826835240527346,0.1874748338118848,0.092983442815958,0.0966069554113018,0.2582733326372357,0.1827237506286462,0.0914769040648911,0.1874748338118848,0.1512753705938321,0.3852993898683401,0.0814966002196623,0.1764801826904919,0.1057669397911478,0.1573921394442561,0.1541326559611983,0.1771380466024676,0.0270368220951096,0.3021939711553499,0.1522200009190023,0.1840549372777982,0.1784451115613489,0.1731799321306698,0.2269382357302174,0.1874748338118845,0.1209159309205298,0.1148534420458167,0.1790485237766915,0.1313952135837713,0.0111359547227148,0.1694442575617807,0.1150181885673771,0.1730197519497431,0.1826835240527346,0.0923572405174623,0.1771625936658647,0.1639705714771254,0.1833527642829222,0.0536076218093672,2.50445059424326e-07,0.0814966002196623,0.1811461578204798,0.3671208220518748,0.2071836032665249,2.224677617375396e-05,0.1842344511139223,0.1789251916814867,0.1769725433769891,0.1057669397911482,0.1622190402318234,0.1198778391659242,0.1518965323385571,0.2389655966819385,0.1874748338118848,0.0664553357637995,0.2828034335486549,0.1812024231823215,0.2647362315618815,0.1774543821067289,0.4561626602719816,0.1743531763360746,0.0394718209641429,0.1141405482109163,0.1704826138600093,0.1826835240527346,0.3438882683428288,0.1908715325271163,0.3158039661668564,0.1532886013826855,0.1826835240527346,0.2325923695699633,0.2334710315247581,0.2539416574794885,0.1057669397911478,0.1057669397911477,0.1668934158044247,0.1825988930861865
1.71,0.1810612430534727,0.1938445354420128,0.1138776255612218,0.1302679545877354,0.2585817342690457,0.1290524696931796,0.2282983590406548,0.1801336398038182,7.532500966579073e-05,0.1770453599058898,0.1808657926171221,0.0104381459541138,0.2646563233860151,0.1675473775951791,0.1000584290867861,0.1325641767834229,0.1754175270309383,0.1609684040925921,0.0764630683167576,0.2626810405400281,0.1810612430534725,0.1754572259953025,0.1745904443406826,0.149543278569848,0.1808657926171221,0.1810612430534727,0.0876019165821825,0.0961643263447266,0.2504090857121809,0.1809059876513633,0.0916196158364019,0.1810612430534727,0.1504918836438788,0.3830440807273564,0.0764630683167576,0.1748732346657283,0.1000584290867864,0.1562139279586694,0.1529559608266993,0.175516082285698,0.0268123352033589,0.2990143978614896,0.1509442731809777,0.1821886263047436,0.1767555689855142,0.1714395199200063,0.2237530549828956,0.1810612430534723,0.1199695718581161,0.1148783351206027,0.177352234644615,0.1310005085433803,0.0113157739741075,0.1629722343616389,0.1141800697855596,0.1714131312282374,0.1808657926171221,0.0919492053659638,0.1752979920940181,0.1631840327701217,0.1815108164498063,0.0539516557164209,2.5190143942631894e-07,0.0764630683167574,0.1793898100477644,0.3649221328956223,0.202950132992364,2.326848932696022e-05,0.1823793809458662,0.1772029054669604,0.1753555340825602,0.1000584290867867,0.1608444759774344,0.1138776255612218,0.1454919176657139,0.2347921563418243,0.1810612430534727,0.0656149441423262,0.2792816012877013,0.1794342649320096,0.260976278335128,0.175785042008355,0.4527524687799498,0.1727898510197407,0.0399808589416786,0.113696650704555,0.1696434717708128,0.1808657926171221,0.3361135105600124,0.19068893360333,0.3094904498105535,0.1521469508426343,0.1808657926171221,0.2322639795570633,0.2282983590406548,0.2504248899974329,0.1000584290867863,0.1000584290867861,0.1653993706643787,0.180784469110961
1.72,0.1748311857188857,0.1925386659624783,0.1081407495196892,0.1293438818580011,0.2563024728125802,0.1230631140674134,0.2232173871096005,0.1783612763060153,7.573091268483836e-05,0.1753759265659742,0.1790661479114932,0.0106149649682483,0.2581411043044662,0.1659457172090149,0.0946224184651416,0.1312515188727571,0.1737641721317023,0.1596425988658549,0.0717085380851864,0.2617996417223169,0.1748311857188857,0.1738496353586358,0.1729621899860607,0.148195121298206,0.1790661479114932,0.1748311857188857,0.0824979892424285,0.095723725294558,0.2427328373144631,0.1791063080498095,0.0917562740641894,0.1748311857188857,0.1497149148116696,0.3807108220061646,0.0717085380851864,0.1732808151162889,0.094622418465142,0.1550445363691059,0.1517887462771465,0.1739089694833001,0.0265897395199388,0.2958379250965107,0.1496812199211684,0.180341239277562,0.1750820283041272,0.1697176293091353,0.2206050350556822,0.1748311857188856,0.1190309031891609,0.1148953746755187,0.1756720160259069,0.130602522607822,0.0114969072219435,0.1567098940010497,0.1133494726737449,0.1698219678221383,0.1790661479114932,0.0915429729175768,0.1734528708703357,0.1623958597674785,0.1796873728148109,0.054292326967268,2.533576237607381e-07,0.0717085380851864,0.1776504917423443,0.3626497926587174,0.1987908585594729,2.432880436741815e-05,0.1805428962219654,0.1754973504374878,0.1737532995040753,0.0946224184651425,0.1594821328136078,0.1081407495196892,0.1393192272453663,0.2306763999400317,0.1748311857188857,0.0648055304895788,0.2757730984322665,0.1776833602386956,0.2572521301623033,0.174131409488381,0.4492141176324739,0.1712405731966081,0.0404895374647593,0.1132472105979106,0.1687992090450377,0.1790661479114932,0.3284246708570346,0.1904869648897562,0.3032522001757571,0.1510137944398758,0.1790661479114932,0.231906910742992,0.2232173871096005,0.2469388180358104,0.0946224184651418,0.0946224184651416,0.1639183605129911,0.1789880744624014
1.73,0.1687812607385708,0.191238312866897,0.1026581762257197,0.1284281210769672,0.254026127761261,0.1173160301131207,0.2182273653844282,0.1766063513737928,7.613642933406831e-05,0.1737221747217416,0.1772844099698778,0.0107929761020853,0.251743723072628,0.1643607840384363,0.0894484716896852,0.1299567191720973,0.17212657153265,0.1583282390114137,0.067220102766103,0.2608772945707699,0.1687812607385706,0.1722567689259741,0.1713491258072492,0.1468599270928276,0.1772844099698778,0.1687812607385706,0.0776599229716434,0.0952851429689289,0.2352438788844145,0.177324531927882,0.0918869238802978,0.1687812607385708,0.1489440367457144,0.3783022521406085,0.067220102766103,0.1717027966303666,0.0894484716896855,0.1538838986512849,0.1506309247995435,0.1723165722073998,0.0263690195158805,0.2926655163622986,0.1484306549110561,0.1785125843433815,0.1734243376894809,0.1680140518404244,0.2174939531671046,0.1687812607385703,0.1180998264295254,0.1149046483374583,0.1740077156672583,0.1302013445511494,0.0116793153842877,0.1506525377728872,0.1125263200530127,0.1682460936613873,0.1772844099698778,0.0911385352079422,0.1716268362186858,0.1616061755519207,0.1778822474753724,0.054629609192093,2.548136124472243e-07,0.0672201027661028,0.1759280377687073,0.3603063437553039,0.1947044721354607,2.5428839527804423e-05,0.1787248140366086,0.1738083579229285,0.1721657046440226,0.089448471689686,0.1581318775658975,0.1026581762257197,0.1333723499608997,0.2266179764619004,0.1687812607385706,0.0640259156736545,0.2722788043908013,0.1759495407418715,0.2535639829852725,0.1724933364073175,0.4455527854058471,0.1697052150762696,0.0409977581857098,0.1127924000286833,0.1679499103494658,0.1772844099698778,0.3208249587042976,0.1902659146506407,0.2970903641185202,0.1498890694203128,0.1772844099698778,0.2315214440191459,0.2182273653844282,0.243483744529688,0.0894484716896855,0.0894484716896854,0.1624502438082368,0.1772095299887187
1.74,0.1629080269502544,0.1899433467154643,0.0974210044613634,0.1275205324848501,0.2517531758173607,0.1118037103858399,0.2133275107412951,0.1748686934263918,7.654155988168719e-05,0.172083958707217,0.1755204006169968,0.0109721580906437,0.2454638731162899,0.1627923744960678,0.0845263631846432,0.1286794749622923,0.1705045694708459,0.1570252149571054,0.062985246247378,0.2599149453232685,0.1629080269502542,0.1706784920893816,0.1697511082048844,0.1455375675910135,0.1755204006169968,0.1629080269502545,0.0730762772189468,0.094848570118545,0.2279412469004859,0.175560481179114,0.0920116107585268,0.1629080269502544,0.1481788424216205,0.3758210087636531,0.062985246247378,0.1701390527619317,0.0845263631846436,0.1527319492751725,0.1494824099287846,0.1707387557152959,0.0261501597927137,0.289498106426903,0.147192396205636,0.1767024715917954,0.1717823467698798,0.166328581520388,0.2144195807879476,0.162908026950254,0.1171762486455331,0.1149062437741444,0.1723591827580562,0.1297970618349548,0.0118629602572474,0.144795448137133,0.1117105355901107,0.1666853431636179,0.1755204006169968,0.0907358843078874,0.169819515833471,0.160815100774807,0.1760952563972942,0.0549634769729573,2.5626940550541695e-07,0.0629852462473779,0.1742222845942856,0.3578943265183918,0.1906897120615721,2.656973393203323e-05,0.1769249531670285,0.1721357611993717,0.170592615738371,0.0845263631846439,0.1567935795096955,0.0974210044613634,0.1276451920750312,0.2226165210714265,0.1629080269502545,0.0632749637650532,0.2687995699329255,0.174232639724061,0.2499120105141019,0.1708706760510016,0.4417736606167965,0.1681836501088611,0.041505423367448,0.1123323888732754,0.1670956660984184,0.1755204006169968,0.3133173493449436,0.190026071969207,0.2910059812661639,0.1487727134707002,0.1755204006169969,0.2311078726325038,0.2133275107412951,0.2400599496861454,0.0845263631846436,0.0845263631846433,0.160994882247177,0.1754486583183237
1.75,0.1572080107980361,0.188653645266179,0.0924204787923664,0.1266209805679909,0.249484080120106,0.1065187280857422,0.2085170094567993,0.1731481325712617,7.694630459573724e-05,0.1704611341727441,0.1737739434504451,0.011152489611795,0.2393011527228524,0.1612402880453365,0.079846089297719,0.12741948919057,0.1688980119087992,0.1557334183186554,0.0589918491069772,0.2589135438255903,0.157208010798036,0.1691146714584994,0.1681679950979971,0.144227915717149,0.1737739434504451,0.1572080107980362,0.0687359179360665,0.0944139975364899,0.2208237393051234,0.1738139794688665,0.0921303804964634,0.1572080107980361,0.1474189444658948,0.3732697259009423,0.0589918491069772,0.1685894580294593,0.0798460892977194,0.1515886232012818,0.1483431162304439,0.1691753864980587,0.0259331450813633,0.2863366016838092,0.145966266018048,0.1749107130354012,0.170155906614724,0.1646610147893998,0.2113816839562296,0.157208010798036,0.1162600818324231,0.1149002486700595,0.1707262679166696,0.1293897606246306,0.0120478044508037,0.1391338983449822,0.1109020437879268,0.1651395531778406,0.1737739434504451,0.0903350123232711,0.1680305574978228,0.160022753693926,0.1743262173959172,0.0552939058343032,2.577250029549535e-07,0.0589918491069772,0.1725330702737405,0.3554162765254578,0.1867453602448044,2.7752647672374595e-05,0.1751431340620719,0.1704793954571571,0.1690339002453001,0.0798460892977198,0.1554671102919792,0.0924204787923664,0.1221316884055802,0.2186716558808279,0.1572080107980362,0.0625515806344849,0.2653362173831531,0.1725324920947641,0.2462963649451463,0.1692632831146316,0.437881933581374,0.1666757529692052,0.0420124359141988,0.1118673447463208,0.1662365722040629,0.1737739434504451,0.3059045897441212,0.1897677266050957,0.2849999874535083,0.1476646647166893,0.1737739434504451,0.2306665016567302,0.2085170094567993,0.2366676915558353,0.0798460892977192,0.0798460892977192,0.159552140654359,0.173705283842157
1.76,0.1516777136161011,0.187369093265274,0.0876480003601136,0.1257293339002569,0.2472192904578057,0.1014537480400467,0.2037950193101648,0.1714445005874407,7.735066374409637e-05,0.1688535580734359,0.1720448638230505,0.0113339492753621,0.2332550700173752,0.1597043271443027,0.075397877904479,0.1261764703606301,0.1673067465094101,0.1544527418890483,0.0552281925841942,0.2578740426711634,0.151677713616101,0.1675651748502627,0.1665996458975287,0.1429308456697324,0.1720448638230505,0.1516777136161012,0.0646280249145101,0.0939814160580313,0.2138899315304122,0.1720848522167016,0.0922432791979084,0.1516777136161011,0.1466639744962617,0.3706510312686157,0.0552281925841942,0.1670538879143809,0.0753978779044794,0.1504538558770008,0.1472129592839167,0.1676263322692325,0.0257179602410558,0.2831818805198705,0.1447520905981771,0.1731371225905308,0.1685448697198083,0.1630111504917876,0.2083800235819598,0.151677713616101,0.1153512423652189,0.1148867507030539,0.1691088231769116,0.1289795258054452,0.0122338113294391,0.133663161446966,0.1101007699760707,0.1636085629298066,0.1720448638230505,0.0899359113948281,0.1662596277827929,0.1592292502107606,0.1725749501174851,0.05562087223337,2.5918040481546965e-07,0.0552281925841942,0.1708602344334078,0.3528747220240005,0.1828702396408663,2.8978761879355187e-05,0.1733791788308822,0.1688390977697413,0.1674894268340322,0.0753978779044797,0.1541523438562131,0.0876480003601136,0.1168258126465048,0.2147829906920283,0.1516777136161012,0.0618547125779156,0.261889540837448,0.1708489343745652,0.2427171776644957,0.1676710136871578,0.4338827885681273,0.1651813995413309,0.0425186994014012,0.1113974330012734,0.1653727298277948,0.1720448638230505,0.2985892046837564,0.1894911688556762,0.2790732181371683,0.1465648617208236,0.1720448638230505,0.2301976474695203,0.2037950193101648,0.2333072066012855,0.0753978779044792,0.0753978779044792,0.1581218868739258,0.1719792326961533
1.77,0.1463136185081086,0.1860895822396014,0.0830951363562305,0.1248454649906254,0.2449592434798417,0.0966015366182101,0.1991606716118454,0.1697576309091181,7.775463759447841e-05,0.167261088657762,0.1703329888254094,0.0115165156140335,0.2273250478130637,0.158184297190696,0.0711721964608107,0.1249501324248939,0.1657306226114577,0.1531830796277311,0.0516829606569402,0.2567973963700784,0.1463136185081086,0.1660298712785562,0.1650459214808398,0.1416462329085329,0.1703329888254094,0.1463136185081084,0.0607420973721003,0.093550816560427,0.2071381921006934,0.170372926578939,0.0923503532556888,0.1463136185081086,0.145913582478311,0.3679675436735214,0.0516829606569402,0.1655322188592692,0.071172196460811,0.1493275832329475,0.1460918556659163,0.166091461953643,0.0255045902582346,0.2800347936911573,0.1435497001150942,0.1713815160581296,0.1669490899928304,0.1613787898463058,0.2054143557419552,0.1463136185081084,0.1144496505138869,0.1148658375216209,0.167506701974602,0.1285664409984368,0.0124209449572398,0.128378518705152,0.1093066403015622,0.1620922139690008,0.1703329888254094,0.0895385736980158,0.1645064108235491,0.1584347039072339,0.1708412760207,0.0559443535505286,2.6063561110659925e-07,0.0516829606569402,0.1692036182559201,0.3502721814570737,0.1790632118315309,3.0249278784340463e-05,0.1716329112314978,0.1672147070633794,0.1659590653737674,0.0711721964608115,0.1528491563702667,0.0830951363562305,0.1117215868678259,0.2109501237110318,0.1463136185081084,0.0611833449699217,0.2584603064012635,0.1691818046794004,0.2391745599368643,0.1660937252360015,0.4297813962506627,0.1637004669033591,0.043024118104811,0.110922816732012,0.1645042451329993,0.1703329888254094,0.2913735029802282,0.1891966894211795,0.2732264117834282,0.1454732434804905,0.1703329888254094,0.2297016372364706,0.1991606716118454,0.2299787102614788,0.0711721964608109,0.0711721964608109,0.1567039916653211,0.1702703327439085
1.78,0.1411121968335992,0.1848150102911416,0.0787536282553827,0.1239692501367016,0.2427043629083795,0.09195497063198,0.1946130731599234,0.1680873586093393,7.815822641443293e-05,0.1656835854562683,0.1686381472685955,0.0117001670759086,0.2215104283347274,0.1566800064681262,0.0671597586071682,0.1237401946788678,0.164169491205609,0.1519243266496648,0.0483452403955658,0.2556845605468958,0.1411121968335993,0.1645086309440241,0.1635066841671578,0.1403739541418792,0.1686381472685955,0.1411121968335993,0.0570679579246682,0.0931221899627333,0.2005666977925927,0.1686780314313634,0.0924516493348513,0.1411121968335992,0.1451674360982779,0.3652218705158292,0.0483452403955658,0.16402432826577,0.0671597586071685,0.1482097416793527,0.1449797229343058,0.164570645676305,0.0252930202454837,0.2768961647060203,0.142358928543199,0.1696437111048473,0.1653684227391007,0.1597637364169828,0.2024844319649938,0.1411121968335993,0.1135552300155213,0.114837596722822,0.165919759134266,0.1281505885761253,0.012609170047167,0.1232752674297682,0.1085195817196258,0.1605903501172087,0.1686381472685955,0.0891429914428603,0.1627706071687075,0.1576392260819368,0.1691250183584627,0.0562643280795398,2.620906218479747e-07,0.0483452403955658,0.1675630644649788,0.3476111610886445,0.1753231746990062,3.156542177470408e-05,0.1699041566593734,0.1656060640875968,0.164442686922719,0.0671597586071686,0.1515574261572244,0.0787536282553827,0.1068130902281726,0.2071726422361337,0.1411121968335993,0.0605365009462428,0.2550492524477692,0.167530942704971,0.2356686035800171,0.164531276592088,0.4255829064637804,0.1622328333127416,0.0435285970287976,0.1104436567754178,0.1636312290394838,0.1686381472685955,0.2842595838034003,0.1888845792736065,0.2674602132255108,0.1443897494258307,0.1686381472685955,0.2291788084017475,0.1946130731599234,0.2266823975122624,0.0671597586071684,0.0671597586071682,0.155298328602487,0.1685784135595056
1.79,0.1360699143129984,0.183545281893784,0.0746153988803135,0.1231005692839423,0.2404550597496729,0.0875070452718769,0.1901513081257119,0.1664335203838921,7.85614304713457e-05,0.1641209092704212,0.1669601696670407,0.0118848820185102,0.2158104778141041,0.1551912660934382,0.0633515294253369,0.1225463816575804,0.1626232049109332,0.1506763792142453,0.0452045207557492,0.2545364911667697,0.1360699143129984,0.1630013252239208,0.1619817976939156,0.1391138873140757,0.1669601696670407,0.1360699143129984,0.0535957550735833,0.092695527225613,0.1941734483358564,0.1669999973521378,0.0925472143562288,0.1360699143129984,0.1444252201517472,0.3624166053938137,0.0452045207557492,0.1625300944922952,0.0633515294253372,0.1471002681024699,0.1438764796122685,0.1630637547514337,0.0250832354404617,0.2737667902146852,0.1411796135519744,0.1679235272442792,0.163802724647447,0.1581657960843356,0.1995899995075687,0.1360699143129982,0.1126679076970693,0.1148021158308508,0.1643478508559656,0.1277320496780462,0.0127984519142163,0.1183487282608197,0.1077395219845905,0.1591028174186024,0.1669601696670407,0.088749156873804,0.1610519326990617,0.1568429257858484,0.1674260021598149,0.0565807750177431,2.635454370592264e-07,0.0452045207557492,0.1659384173102979,0.3448941527284755,0.1716490601991203,3.2928435441486776e-05,0.1681927421358363,0.164013011386417,0.1629401637172494,0.0633515294253375,0.1502770336289605,0.0746153988803135,0.1020944669337043,0.20345012332088,0.1360699143129984,0.0599132401162663,0.2516570898949959,0.1658961897113216,0.2321993816248388,0.1629835279351782,0.4212924412662901,0.1607783781918408,0.0440320419338403,0.1099601117148869,0.1627537969798574,0.1669601696670407,0.2772493430765665,0.1885551295293564,0.2617751769863755,0.1433143194176086,0.1669601696670407,0.2286295081857921,0.1901513081257119,0.2234184434221772,0.063351529425337,0.063351529425337,0.1539047739764444,0.1669033064105227
1.8,0.1311832367629671,0.1822803076925196,0.0706725583714809,0.1222393058903588,0.2382117325048312,0.0832508811309583,0.1857744398699861,0.1647959545353323,7.896425003243842e-05,0.162572922161575,0.1652988882215865,0.0120706387041134,0.2102243909562832,0.1537178899651912,0.0597387294452452,0.1213684230340509,0.1610916179519124,0.1494391347141032,0.0422506899648941,0.2533541437894204,0.1311832367629667,0.1615078266619186,0.1604711271939363,0.1378659115929466,0.1652988882215865,0.1311832367629671,0.0503159643344734,0.0922708193511448,0.1879562806413174,0.1653386566048517,0.0926370954803748,0.1311832367629671,0.1436866359480621,0.3595543258104433,0.0422506899648941,0.1610493968514884,0.0597387294452455,0.1459990998610115,0.1427820451727978,0.1615706616715555,0.0248752212048432,0.2706474404047277,0.1400115963992125,0.1662207858183993,0.1622518537763137,0.1565847770169482,0.1967308016205065,0.1311832367629668,0.1117876131428119,0.1147594822762222,0.1627908347022548,0.1273109042261061,0.0129887564321996,0.1135942519153604,0.1069663896408922,0.1576294640913011,0.1652988882215865,0.0883570622695534,0.1593501176120984,0.1560459098575557,0.165744054212047,0.0568936744561809,2.650000567599832e-07,0.0422506899648939,0.1643295225526984,0.3421236315560133,0.1680398322343753,3.433958561945839e-05,0.1664984962964811,0.162435393270327,0.1614513691611059,0.0597387294452457,0.1490078612223627,0.0706725583714809,0.0975599334769896,0.1997821344126557,0.1311832367629671,0.0593126573060201,0.2482845025006801,0.1642773885075598,0.2287669489611516,0.1614503407794803,0.416915088312744,0.1593369821138221,0.0445343593632229,0.1094723378847369,0.1618720686581194,0.1652988882215865,0.2703444799378949,0.1882086313255278,0.2561717705634628,0.1422468937450449,0.1652988882215865,0.2280540930903033,0.1857744398699861,0.2201870037033234,0.0597387294452454,0.0597387294452452,0.1525232067011569,0.165244844241191
1.81,0.126448635473989,0.1810200043051701,0.0669174091317643,0.1213853467964843,0.2359747673799248,0.0791797303658555,0.1814815126913007,0.1631745009571844,7.93666853647691e-05,0.1610394874400546,0.163654136802704,0.0122574152962569,0.2047512952767746,0.1522596947132282,0.0563128374959456,0.1202060535197492,0.1595745861359243,0.1482124916638039,0.0394740316483302,0.2521384728504954,0.1264486354739889,0.1600280089581156,0.1589745391734219,0.1366299073575051,0.163654136802704,0.1264486354739891,0.0472193881269998,0.0918480573826339,0.1819128825449443,0.1636938431217659,0.0927213400918578,0.126448635473989,0.1429514007302143,0.3566375909811891,0.0394740316483302,0.1595821156074754,0.0563128374959457,0.1449061747826121,0.1416963400235089,0.1600912400967189,0.0246689630232699,0.2675388594018015,0.1388547218275992,0.1645353099791614,0.1607156695400376,0.1550204896434098,0.1939065778067005,0.1264486354739888,0.1109142784014453,0.1147097833755725,0.161248569585257,0.1268872309397652,0.013180049993904,0.109007225421144,0.1062001140141798,0.1561701404803544,0.163654136802704,0.0879666999429277,0.1576649054688239,0.1552482829579776,0.1640790030429994,0.0572030073696639,2.664544809698718e-07,0.0394740316483302,0.1627362274493576,0.3393020540426512,0.1644944846272542,3.580015941949582e-05,0.164821249379511,0.1608730557889492,0.1599761778147531,0.056312837495946,0.1477497933380939,0.0669174091317643,0.0932037851891884,0.1961682339677491,0.1264486354739891,0.058733881332118,0.2449321471736166,0.1626743834367334,0.2253713429694113,0.1599315779595356,0.4124558945354029,0.157908526788864,0.0450354566689323,0.1089804893754715,0.1609861678107059,0.163654136802704,0.2635465032450119,0.1878453756998392,0.2506503776721076,0.1411874131236169,0.163654136802704,0.227452928410705,0.1814815126913007,0.2169882152569006,0.0563128374959457,0.0563128374959456,0.1511535082225779,0.163602861655742
1.82,0.1218625922421559,0.1797642941267695,0.0633424498146834,0.1205385821003998,0.233744538495325,0.0752869820440809,0.1772715535078543,0.1615690011182801,7.976873673523194e-05,0.1595204696543549,0.1620257509338807,0.0124451898573136,0.1993902553090604,0.1508164996493169,0.053065592491343,0.119059012767009,0.1580719668311963,0.1469963496884596,0.0368652198334289,0.25089043096984,0.1218625922421557,0.1585617469589761,0.1574919014907005,0.1354057561857478,0.1620257509338807,0.1218625922421559,0.0442971545399656,0.0914272324044225,0.1760408060594938,0.1620653924872033,0.0927999957839107,0.1218625922421559,0.1422192471099808,0.3536689397423762,0.0368652198334289,0.1581281319729084,0.0530655924913433,0.1438214311603184,0.1406192854917576,0.1586253648438039,0.0244644465023101,0.2644417656750125,0.137708837964572,0.1628669246702813,0.1591940326953058,0.1534727466246071,0.1911170640702084,0.1218625922421557,0.110047837728174,0.1146531063120601,0.1597209157538636,0.1264611073510447,0.0133722994743977,0.104583077857317,0.1054406252025217,0.1547246990121003,0.1620257509338807,0.0875780622407081,0.1559960522995582,0.1544501476045993,0.1624306789035439,0.0575087556067824,2.679087097085177e-07,0.0368652198334288,0.1611583807392148,0.3364318559715799,0.1610120391935754,3.731146525319632e-05,0.163160833214033,0.1593258467043953,0.1585144653848051,0.0530655924913433,0.1465027162817798,0.0633424498146834,0.089020402138502,0.1926079720437191,0.1218625922421559,0.0581760738069728,0.2416006543003798,0.1610870203608542,0.2220125841383977,0.158427103616355,0.4079198601368971,0.1564928950506648,0.0455352420367627,0.1084847180398664,0.1600962219702281,0.1620257509338807,0.2568567381054192,0.1874656534741176,0.245211301444582,0.1401358186928244,0.1620257509338807,0.2268263877562985,0.1772715535078543,0.2138221967130938,0.0530655924913431,0.053065592491343,0.149795562430785,0.1619771949019103
1.83,0.1174216040671611,0.1785131051367036,0.059940378422403,0.1196989050376199,0.2315214080941592,0.0715661667254692,0.1731435734743761,0.1599792980472583,8.017040441055759e-05,0.1580157345804452,0.1604135677751727,0.0126339403470092,0.1941402766827529,0.1493881267188325,0.0499889942375822,0.1179270452733546,0.1565836189452053,0.1457906095122616,0.0344153129616347,0.2496109682862191,0.117421604067161,0.1571089166474224,0.1560230833356989,0.1341933408425717,0.1604135677751727,0.1174216040671611,0.041540715080376,0.0910083355417025,0.1703374801275966,0.1604531419211192,0.0928731103434287,0.1174216040671611,0.1414899225180697,0.3506508885591974,0.0344153129616347,0.1566873281058191,0.0499889942375826,0.1427448077491053,0.1395508038100633,0.1571729118759297,0.024261657369427,0.2613568524463709,0.136573796225318,0.1612154566091747,0.1576868053277898,0.151941362826366,0.1883619931569549,0.1174216040671607,0.1091882273577351,0.1145895381163515,0.1582077347810686,0.1260326098193633,0.0135654721972659,0.1003172856227151,0.1046878540677127,0.1532929941498579,0.1604135677751727,0.0871911415434881,0.1543433257654912,0.1536516042052274,0.1607989137502417,0.0578109018798703,2.693627429955442e-07,0.0344153129616347,0.1595958326285245,0.3335154505542787,0.1575915439151665,3.887483284964537e-05,0.1615170812083117,0.1577936154652862,0.1570661087135522,0.0499889942375828,0.1452665182075232,0.059940378422403,0.0850042544073973,0.1891008908698472,0.1174216040671611,0.0576384279754776,0.2382906280863002,0.1595151466460654,0.2186906766690517,0.1569367831838046,0.4033119328932388,0.1550899708432324,0.0460336245106291,0.1079851734998418,0.1592023622321244,0.1604135677751727,0.2502763324164027,0.1870697551413014,0.2398547675820274,0.1390920520139279,0.1604135677751727,0.2261748525782819,0.1731435734743761,0.2106890489649952,0.0499889942375825,0.0499889942375824,0.1484492555751076,0.1603676818545912
1.84,0.1131221875285089,0.1772663707086983,0.0567040945775324,0.1188662118656472,0.2293057267497867,0.068010960324413,0.1690965695355288,0.1584052363172266,8.057168865731315e-05,0.1565251492111828,0.1588174261069206,0.0128236446217901,0.1890003100727252,0.14797440045346,0.0470753033452571,0.1168099002877048,0.1551094029035201,0.1445951729469602,0.0321157470303787,0.2483010318180301,0.1131221875285088,0.1556693951329453,0.1545679552101015,0.1329925452678138,0.1588174261069206,0.1131221875285089,0.0389418415094015,0.0905913579603277,0.1648002228723445,0.158856930262835,0.0929407317363092,0.1131221875285089,0.1407631886690301,0.3475859296323975,0.0321157470303787,0.1552595871062871,0.0470753033452573,0.1416762437624176,0.1384908181018263,0.1557337582919589,0.0240605814719554,0.2582847881037584,0.1354494512188259,0.1595807342691061,0.1561938508389405,0.1504261552924394,0.1856410947872724,0.1131221875285087,0.1083353853047276,0.1145191656481828,0.156708889551401,0.1256018135462054,0.0137595359035792,0.0962053772521663,0.1039417322266803,0.1518748823509065,0.1588174261069206,0.0868059302655233,0.1527065043729235,0.1528527510912665,0.1591835412281778,0.0581094297549241,2.708165808505732e-07,0.0321157470303786,0.1580484347765585,0.3305552266426083,0.1542320712106683,4.049161326426861e-05,0.1598898283379912,0.156276213181402,0.1556309857685847,0.0470753033452575,0.1440410890636442,0.0567040945775324,0.0811499067805663,0.1856465253964479,0.1131221875285089,0.057120167583252,0.2350026469096284,0.1579586111479597,0.215405609064584,0.1554604833752203,0.3986370027661036,0.1536996392079513,0.0465305140160949,0.1074820031540871,0.1583047230244332,0.1588174261069206,0.2438062633991538,0.1866579707559052,0.2345809274567608,0.1380560550676602,0.1588174261069206,0.2254987117058012,0.1690965695355288,0.2075888556962774,0.0470753033452572,0.0470753033452571,0.1471144761821552,0.1587741619996865
1.85,0.1089608828519142,0.1760240294237453,0.0536267010303638,0.1180404017530137,0.2270978335721948,0.0646151872982259,0.1651295259173134,0.1568466620305603,8.097258974190227e-05,0.1550485817458305,0.1572371663136276,0.0130142804349489,0.1839692550198292,0.1465751479248922,0.0443170403258079,0.1157073317184151,0.1536491806290649,0.1434099428802881,0.0299583279789488,0.2469615648495253,0.1089608828519142,0.1542430606417794,0.1531263889081573,0.131803254564411,0.1572371663136276,0.1089608828519145,0.0364926218625437,0.0901762908666278,0.1594262533434449,0.1572765979549123,0.0930029080931274,0.1089608828519142,0.1400388210406775,0.3444765291025108,0.0299583279789488,0.1538447930129357,0.0443170403258079,0.1406156788687382,0.1374392523673353,0.1543077823160985,0.023861204776087,0.2552262166168849,0.1343356606568976,0.1579625878614646,0.1547150339329545,0.1489269432178354,0.1829540958805116,0.108960882851914,0.1074892511880289,0.1144420755784835,0.1552242442485052,0.1251687925896198,0.0139544587234037,0.0922429378009633,0.1032021920429878,0.150470222024711,0.1572371663136276,0.0864224208545836,0.1510853767372548,0.1520536845505289,0.1575843966539711,0.0584043236414851,2.722702232932245e-07,0.0299583279789488,0.1565160402814498,0.3275535470353097,0.1509327163028796,4.2163178879696574e-05,0.1582789111342846,0.1547734925989536,0.1542089756325104,0.0443170403258083,0.1428263205405521,0.0536267010303638,0.0774520228749539,0.182244403823763,0.1089608828519145,0.0566205457764513,0.2317372636878511,0.156417264197038,0.2121573547070155,0.1539980721702484,0.3938998968225344,0.1523217862709119,0.0470258213831176,0.1069753521864063,0.1574034418808814,0.1572371663136276,0.2374473441127207,0.1862305898278945,0.2293898611626843,0.1370277702519096,0.1572371663136276,0.2247983608901834,0.1651295259173134,0.2045216839023591,0.044317040325808,0.044317040325808,0.1457911149766606,0.1571964764180769
1.86,0.1049342576777976,0.1747860248860383,0.0507015044607937,0.1172213766726292,0.2248980564132222,0.061372823205596,0.1612414155579735,0.1553034228038516,8.137310793056528e-05,0.1535859015796709,0.1556726303679973,0.0132058254374264,0.1790459636240288,0.1451901986995011,0.041706983947652,0.1146190980431252,0.152202815521804,0.142234823264351,0.0279352234246785,0.245593506342091,0.1049342576777975,0.1528297925071375,0.1516982574981104,0.1306253549866801,0.1556726303679973,0.1049342576777977,0.0341854557456909,0.089763125507223,0.1542127027589264,0.1557119870272202,0.0930596876951437,0.1049342576777976,0.1393166083677828,0.3413251253503885,0.0279352234246785,0.1524428307992622,0.0417069839476522,0.139563053188182,0.1363960314700552,0.1528948632875951,0.0236635133658641,0.2521817579557314,0.1332322852660054,0.1563608493182457,0.1532502206038978,0.1474435479224818,0.180300720771942,0.1049342576777975,0.1066497660764439,0.1143583543720498,0.1537536643428148,0.1247336198785542,0.0141502091496801,0.0884256128174057,0.1024691666184353,0.1490788734923526,0.1556726303679973,0.0860406057918046,0.1494797408939045,0.1512544988595797,0.1560013169989578,0.0586955687824864,2.737236703431164e-07,0.0279352234246784,0.15499850366619,0.3245127468776304,0.1476925956807097,4.389092339857485e-05,0.1566841676721447,0.1532853080764494,0.1527999584927672,0.0417069839476524,0.1416221060206589,0.0507015044607937,0.0739053687425048,0.1788940481111558,0.1049342576777977,0.0561388440330528,0.2284950062551664,0.1548909575843122,0.2089458724202987,0.1525494188018993,0.3891053744595976,0.150956299230496,0.0475194583680171,0.1064653635747511,0.15649865921747,0.1556726303679973,0.2312002299344236,0.1857879012199133,0.2242815805117699,0.1360071403793851,0.1556726303679973,0.2240742023574902,0.1612414155579735,0.2014875844048203,0.0417069839476522,0.0417069839476521,0.1444790648050477,0.1556344677697897
1.87,0.1010389105436866,0.1735523055419873,0.0479220156316962,0.1164090412992748,0.222706712070529,0.058277996677649,0.1574312014798964,0.1537753677530227,8.177324348937923e-05,0.1521369792937189,0.1541236618151314,0.0133982571792155,0.1742292441109844,0.1438193847939565,0.0392381689237621,0.1135449622203718,0.1507701724388221,0.1410697191039928,0.0260389538482974,0.2441977903701162,0.1010389105436865,0.1514294711595401,0.1502834353042134,0.1294587339287158,0.1541236618151314,0.1010389105436866,0.0320130489932329,0.0893518531688393,0.1491566252440835,0.1541629410811381,0.093111118960634,0.1010389105436866,0.1385963521497676,0.3381341273926755,0.0260389538482974,0.151053586369816,0.0392381689237623,0.1385183072891143,0.1353610811231922,0.1514948816505255,0.023467493442182,0.2491520085109834,0.1321391887019266,0.1547753522746807,0.1517992781229797,0.1459757928252241,0.1776806914221615,0.1010389105436864,0.105816872353057,0.1142680882707585,0.1522970165793556,0.124296367227025,0.0143467560143065,0.0847491119229897,0.1017425897847558,0.1477006989471256,0.1541236618151314,0.0856604775915402,0.1478894036534867,0.150455286315626,0.1544341408725438,0.058983151244071,2.751769220198654e-07,0.0260389538482973,0.1534956808647568,0.3214351321526762,0.1445108456535057,4.567626182825775e-05,0.1551054375584149,0.1518115155611289,0.1514038156315279,0.0392381689237624,0.1404283405302482,0.0479220156316962,0.0705048159755365,0.1755949744672862,0.1010389105436866,0.0556743711254541,0.2252763777501516,0.1533795445470487,0.2057711070201758,0.1511143937438035,0.3842581229308411,0.1496030663452065,0.0480113376746723,0.1059521781009121,0.1555905181127265,0.1541236618151314,0.2250654249942447,0.1853301930478152,0.2192560319747887,0.1349941086752561,0.1541236618151314,0.2233266443695123,0.1574312014798964,0.198486592358849,0.0392381689237622,0.0392381689237622,0.143178220561645,0.1540879802782938
1.88,0.0972714740922079,0.1723228245023686,0.0452819489480374,0.1156033029110706,0.2205241064902263,0.0553249908426473,0.1536978381039987,0.152262347478561,8.217299668425809e-05,0.1507016866445312,0.1525901057568838,0.0135915531113012,0.1695178642733064,0.142462540631776,0.0369038829986059,0.1124846916029362,0.1493511176748014,0.1399145364451389,0.0242623833200099,0.2427753455809778,0.0972714740922078,0.1500419781171848,0.1488817978893017,0.1283032799129058,0.1525901057568838,0.097271474092208,0.0299684077689826,0.0889424651781247,0.1442550080709609,0.1526293052739168,0.09315725043154,0.0972714740922079,0.1378778661721494,0.3349059133707655,0.0242623833200099,0.1496769465562284,0.0369038829986061,0.1374813821847964,0.1343343278765276,0.1501077189436801,0.0232731313217991,0.2461375415160041,0.1310562374670418,0.1532059320520582,0.1503620750259912,0.1445235034181492,0.1750937276192255,0.0972714740922078,0.1049905135960492,0.1141713632773071,0.1508541689656697,0.1238571053481242,0.0145440684662743,0.0812092120194649,0.1010223960954054,0.1463355624162621,0.1525901057568838,0.0852820288012161,0.1463141799986797,0.1496561372679536,0.1528827085057252,0.0592670579053859,2.766299783430863e-07,0.0242623833200099,0.1520074292083884,0.3183229782630046,0.1413866209952733,4.75206304573357e-05,0.1535425619199665,0.150351972565964,0.1500204294156975,0.0369038829986063,0.1392449206932161,0.0452819489480374,0.0672453443438467,0.1723466938219247,0.097271474092208,0.0552264621141461,0.2220818570127058,0.15188287975465,0.202632989850944,0.1496928686976649,0.3793627531708716,0.1482619769217312,0.048501372974951,0.1054359343608377,0.154679164091781,0.1525901057568838,0.2190432885516302,0.1848577525844401,0.2143130995646835,0.1339886187747758,0.1525901057568838,0.2225561007933131,0.1536978381039987,0.1955187277535227,0.0369038829986061,0.036903882998606,0.1418884791174584,0.1525568597149664
1.89,0.0936286180162064,0.1710975393676643,0.0427752214735233,0.1148040712947676,0.2183505349680905,0.0525082442438363,0.1500402725080884,0.1507642140509209,8.257236778095267e-05,0.149279896554104,0.1510718088363708,0.0137856905880757,0.1649105547878747,0.1411195030007783,0.0346976634985948,0.1114380578528901,0.1479455189428766,0.1387691823631474,0.0225987098508344,0.2413270946786836,0.0936286180162064,0.1486671959763438,0.1474932220378968,0.1271588825785622,0.1510718088363708,0.0936286180162065,0.0280448321853508,0.0885349529014663,0.1395047814031254,0.1511109263032125,0.0931981307604317,0.0936286180162064,0.137160976041477,0.331642829131678,0.0225987098508344,0.148312799113107,0.0346976634985949,0.136452219330054,0.1333156991035124,0.1487332577905394,0.0230804134363558,0.2431389074698925,0.1299833008302377,0.1516524256406871,0.1489384811008778,0.1430865072412348,0.1725395471737029,0.0936286180162062,0.104170634473998,0.1140682651394709,0.1494249907598426,0.1234159038678675,0.0147421159517112,0.0778017601415858,0.1003085208174479,0.1449833297237481,0.1510718088363708,0.0849052520011835,0.1447538925203587,0.1488571401489214,0.1513468617347814,0.0595472764483545,2.780828393323919e-07,0.0225987098508344,0.1505336074119965,0.3151785287008801,0.1383190936761061,4.942548682392512e-05,0.1519953833918327,0.1489065381471878,0.1486496832870021,0.0346976634985951,0.1380717446866039,0.0427752214735233,0.0641220439918399,0.1691487122800384,0.0936286180162065,0.0547944773721641,0.2189118989893719,0.1504008192946793,0.1995314393092906,0.1482847165809032,0.3744237959137457,0.1469329213032355,0.0489894789283794,0.1049167687755524,0.1537647449144099,0.1510718088363708,0.213134041303994,0.1843708661665846,0.209452607661164,0.1329906147208872,0.1510718088363708,0.2217629906794194,0.1500402725080884,0.1925839959047384,0.0346976634985949,0.0346976634985949,0.1406097392514276,0.1510409533837135
1.9,0.0901070517523566,0.1698764120566322,0.0403959514540689,0.114011258654712,0.2161862823492948,0.0498223512883952,0.1464574456306837,0.1492808209960553,8.29713570450509e-05,0.1478714830998641,0.149568619222635,0.0139806468701746,0.1604060124107667,0.1397901110114243,0.0326132934064774,0.1104048368583065,0.1465532453558616,0.1376335649511501,0.0210414554469749,0.2398539539307022,0.0901070517523565,0.1473050084019485,0.1461175857398137,0.126025432670668,0.149568619222635,0.0901070517523567,0.0262359095110761,0.0881293077448084,0.1349028275517786,0.1496076523917496,0.0932338086977787,0.0901070517523566,0.1364455187334926,0.3283471868992144,0.0210414554469749,0.146961032713796,0.0326132934064776,0.1354307606179726,0.1323051229886199,0.1473713818893417,0.022889326331401,0.2401566345612147,0.128920250749303,0.150114671683039,0.1475283673754667,0.1416646338573175,0.1700178661068586,0.0901070517523565,0.103357180653911,0.1139588793348647,0.1480093524586477,0.122972831338882,0.0149408681957022,0.0745226759739664,0.0996008999235308,0.1436438684541952,0.149568619222635,0.0845301398045737,0.1432083708906761,0.1480583815045145,0.1498264439851298,0.0598237953474336,2.795355050073936e-07,0.0210414554469749,0.1490740755607088,0.3120039938055314,0.1353074516779599,5.139230967569221e-05,0.1504637461053332,0.1474750728823435,0.147291461752168,0.0326132934064778,0.1369087121978495,0.0403959514540689,0.061130117223085,0.1660005315587648,0.0901070517523567,0.0543778016399586,0.2157669351461843,0.1489332206590148,0.1964663613553649,0.1468898115144754,0.3694456981004528,0.1456157908578735,0.0494755712010569,0.1043948156026466,0.1528474103671819,0.149568619222635,0.2073377716170735,0.183869819105112,0.2046743237753102,0.1320000409618126,0.149568619222635,0.2209477378487381,0.1464574456306837,0.1896823879406375,0.0326132934064775,0.0326132934064775,0.1393419015840874,0.1495401101057396
1.91,0.0867035269344431,0.1686594086381445,0.0381384563949002,0.1132247795253371,0.21403162322658,0.047262062263885,0.1429482934217591,0.1478120232811038,8.336996474197781e-05,0.1464763215047439,0.1480803865954624,0.0141763991276847,0.1560029030514939,0.1384742060560214,0.0306447970164811,0.1093848086516037,0.1451741674078372,0.1365075933084195,0.0195844559385198,0.2383568326975153,0.086703526934443,0.1459553001180758,0.1447547681742468,0.1249028220287359,0.1480803865954624,0.0867035269344431,0.0245355070328108,0.0877255211534711,0.1304459897504801,0.1481193332721619,0.0932643330795224,0.0867035269344431,0.1357313421542615,0.3250212640336781,0.0195844559385198,0.1456215369460212,0.0306447970164812,0.1344169483766163,0.1313025285149524,0.1460219760032423,0.0226998566654273,0.2371912290919989,0.1278669617957586,0.1485925104570712,0.1461316061053325,0.1402577148273757,0.1675283988321588,0.0867035269344429,0.102550098720445,0.1138432910562004,0.1466071257858175,0.1225279552539376,0.01514029518576,0.0713679540499918,0.0988994700839535,0.1423170479177335,0.1480803865954624,0.0841566848571532,0.1416774513708915,0.1472599460244655,0.1483213002553376,0.060096603859358,2.809879753877008e-07,0.0195844559385198,0.1476286950965542,0.3088015496056914,0.1323508978917828,5.34225989215482e-05,0.1489474956762055,0.1460574388488408,0.1459456503731909,0.0306447970164814,0.1357557243836833,0.0381384563949002,0.0582648798988254,0.162901649407853,0.0867035269344431,0.0539758431102817,0.2126473738882211,0.1474799427301454,0.1934376500112745,0.1455080288108726,0.3644328195702208,0.1443104779675111,0.0499595664838228,0.1038702069483109,0.1519273120598264,0.1480803865954624,0.2016544416680915,0.1833548955981461,0.1999779612531328,0.1310168423486311,0.1480803865954624,0.2201107704882722,0.1429482934217591,0.1868138812793717,0.0306447970164811,0.0306447970164811,0.1380848685135596,0.1480541802044658
1.92,0.0834148396172772,0.1674464991663257,0.0359972507356455,0.1124445506870459,0.2118868221368144,0.044822282957022,0.1395117479418822,0.1463576773001975,8.37681911369956e-05,0.1450942881273475,0.1466069621303501,0.0143729244436793,0.1516998647283602,0.1371716317687746,0.0287864352234403,0.1083777573294895,0.1438081569560869,0.1353911775287517,0.0182218506475722,0.2368366329844255,0.0834148396172772,0.1446179568986787,0.1434046496943127,0.1237909435757811,0.1466069621303501,0.0834148396172772,0.0229377646310446,0.0873235846119698,0.126131080456794,0.1466458201719586,0.0932897528149459,0.0834148396172772,0.1350183047140049,0.3216673018783471,0.0182218506475722,0.1442942023074136,0.0287864352234404,0.1334107253657719,0.1303078454520869,0.1446849259505624,0.0225119912089141,0.2342431759016132,0.1268233110820313,0.1470857838596813,0.1447480707618019,0.138865583686125,0.1650708583302907,0.0834148396172771,0.1017493361049485,0.1137215851970267,0.1452181836804028,0.1220813420593233,0.0153403671568317,0.0683336656502758,0.0982041686588251,0.1410027391158932,0.1466069621303501,0.0837848798371795,0.1401609763518648,0.1464619165719471,0.1468312771013103,0.0603656920128764,2.824402504929213e-07,0.0182218506475722,0.1461973288052755,0.3055733367456029,0.1294486490929021,5.551787557498826e-05,0.1474464791927393,0.1446534996029869,0.1446121357576938,0.0287864352234406,0.1346126838305972,0.0359972507356455,0.0555217624760535,0.1598515600141486,0.0834148396172772,0.0535880325426405,0.2095536009850703,0.1460408457675978,0.1904451878471669,0.1441392449622866,0.3593894300300118,0.1430168760166522,0.0504413825096816,0.1033430727798889,0.1510046032259361,0.1466069621303501,0.1960838934934618,0.1828263786472969,0.1953631819172199,0.1300409641328423,0.1466069621303501,0.2192525207556925,0.1395117479418822,0.1839784400990896,0.0287864352234404,0.0287864352234403,0.1368385441538027,0.1465830154906118
1.93,0.0802378322819961,0.1662376575190133,0.0339670431653431,0.1116704910853498,0.2097521337558747,0.0424980739080272,0.1361467384111864,0.1449176408604402,8.416603649520388e-05,0.143725260452194,0.1451481984836237,0.0145701998180414,0.1474955104068871,0.1358822339866619,0.0270327004956985,0.107383470974474,0.1424550872033783,0.1342842286888775,0.0169480719550281,0.2352942490151545,0.0802378322819959,0.1432928655582118,0.1420671118120233,0.1226896913074052,0.1451481984836237,0.0802378322819961,0.0214370871262064,0.0869234896438359,0.1219548891901422,0.1451869657986663,0.0933101168748351,0.0802378322819961,0.1343062749133753,0.3182875046908507,0.0169480719550281,0.1429789202009298,0.0270327004956986,0.1324120347737168,0.1293210043441645,0.1433601185951279,0.0223257168433782,0.2313129387901607,0.1257891781909025,0.145594335390355,0.1433776360200939,0.1374880759179202,0.1626449563178799,0.0802378322819959,0.1009548410231217,0.1135938463379439,0.1438424002852583,0.1216330571680696,0.0155410545777314,0.0654159604176599,0.0975149336903117,0.1397008147084425,0.1451481984836237,0.0834147174552579,0.1386587939252359,0.1456643742128449,0.1453562226206279,0.0606310505984833,2.838923303426609e-07,0.016948071955028,0.1447798408032725,0.3023214594926631,0.1265999349914973,5.767968168902367e-05,0.1459605452039217,0.143263120159498,0.1432908055493729,0.0270327004956988,0.1334794945168256,0.0339670431653431,0.0528963107098266,0.1568497543906593,0.0802378322819961,0.0532138224068255,0.2064859800014544,0.1446157913944972,0.1874888464550889,0.1427833376289335,0.354319706296146,0.1417348793815614,0.0509209380704937,0.1028135409389228,0.150079438528103,0.1451481984836237,0.1906258549335496,0.1822845499768622,0.1908295986457611,0.1290723519639204,0.1451481984836237,0.2183734243928156,0.1361467384111864,0.1811760158000259,0.0270327004956986,0.0270327004956986,0.135602834275049,0.1451264692474059
1.94,0.0771693956332522,0.1650328612395613,0.0320427336169265,0.1109025217531372,0.2076278030917938,0.0402846493322475,0.1328521922096189,0.1434917731679786,8.456350108153958e-05,0.1423691170800495,0.1437039497777029,0.0147682021715373,0.1433884307233401,0.1346058607111175,0.0253783115782047,0.1064017415779212,0.1411148326805694,0.1331866588369179,0.0157578348196307,0.2337305668267641,0.0771693956332522,0.1419799139424121,0.1407420371836733,0.1215989602809894,0.1437039497777029,0.0771693956332523,0.0200281364463292,0.0865252278114377,0.1179141899159808,0.1437426243250907,0.0933254742799256,0.0771693956332522,0.1335951309419111,0.3148840386575329,0.0157578348196307,0.1416755829301693,0.0253783115782047,0.1314208202140116,0.1283419364982142,0.1420474418366957,0.022141020560433,0.2284009609410463,0.1247644451071552,0.1441180101349549,0.1420201777475952,0.1361250289329608,0.1602504034100896,0.077169395633252,0.1001665624202366,0.1134601587332809,0.1424796509356351,0.1211831649730188,0.0157423281388977,0.0626110677052507,0.0968317038949723,0.1384111489811503,0.1437039497777029,0.083046190454198,0.1371707574834154,0.1448673982446127,0.1438959864370437,0.0608926711581499,2.8534421495652416e-07,0.0157578348196306,0.1433760965246808,0.2990479848247734,0.123803997354942,5.990958028268437e-05,0.1444895437075924,0.1418861669714538,0.1419815484185311,0.0253783115782049,0.1323560617757685,0.0320427336169265,0.0503841860435701,0.1538957207507327,0.0771693956332523,0.0528526860549958,0.2034448527322875,0.1432046425842578,0.1845684869108015,0.1414401856275388,0.349227729801669,0.1404643834195797,0.0513981530329392,0.1022817371546677,0.149151973867577,0.1437039497777029,0.1852799454676973,0.1817296899559523,0.1863767778883821,0.1281109518868599,0.1437039497777029,0.2174739203480186,0.1328521922096189,0.1784065474585998,0.0253783115782047,0.0253783115782047,0.1343776462463595,0.1436843962159577
1.95,0.0742064701985575,0.1638320913819993,0.0302194099784118,0.1101405657359487,0.205514065676127,0.0381773757391904,0.1296270358298771,0.1420799348142665,8.496058516077719e-05,0.1410257377183348,0.1422740715865136,0.0149669083501096,0.1393771965954987,0.1333423620705026,0.0238182079689815,0.1054323649646079,0.1397872692295494,0.1320983809808787,0.0146461262976449,0.2321464638854361,0.0742064701985575,0.1406789909192155,0.139429309595618,0.1205186466049976,0.1422740715865136,0.0742064701985577,0.0187058236634046,0.0861287907158028,0.114005747987156,0.1423126513747535,0.0933358740896318,0.0742064701985575,0.1328847602884112,0.311459030988818,0.0146461262976449,0.1403840836945981,0.0238182079689816,0.1304370257223164,0.1273705739727016,0.1407467846014685,0.0219578894608548,0.2255076653423847,0.123748996151347,0.1426566547496879,0.1406755729922597,0.1347762820437958,0.1578869092772743,0.0742064701985574,0.0993844499229807,0.1133206062982255,0.1411298121478867,0.1207317288597451,0.0159441587413818,0.0599152976734692,0.0961544186561809,0.1371336178144446,0.1422740715865136,0.082679291608872,0.1356967253466157,0.1440710662247173,0.1424504196851408,0.0611505459750578,2.867959043541133e-07,0.0146461262976449,0.141985962708571,0.2957549415954564,0.1210600891987618,6.220915525906521e-05,0.1430333261386227,0.1405225079106997,0.1406842540526978,0.0238182079689818,0.1312422922608008,0.0302194099784118,0.0479811657101661,0.1509889448678468,0.0742064701985577,0.0525041169217668,0.2004305396414711,0.1418072636474074,0.181683960223732,0.1401096689199722,0.3441174843627492,0.1392052844586188,0.0518729483537618,0.1017477850580512,0.1482223661985269,0.1422740715865136,0.180045681933453,0.1811620775234835,0.1820042421183791,0.1271567103397129,0.1422740715865136,0.2165544504076238,0.1296270358298771,0.1756699622734353,0.0238182079689815,0.0238182079689815,0.1331628889802323,0.1422566525807724
1.96,0.0713460477397855,0.1626353323595532,0.0284923445557496,0.1093845480201401,0.2034111477534893,0.0361717702775924,0.1264701957844426,0.1406819877624111,8.535728899752874e-05,0.1396950031716147,0.140858420921045,0.0151662951293597,0.1354603617228819,0.1320915902833465,0.0223475442090094,0.1044751407187603,0.1384722739864819,0.1310193090771987,0.0136081951065111,0.2305428087226482,0.0713460477397855,0.139389986369631,0.1381288139504257,0.119448647428388,0.140858420921045,0.0713460477397855,0.0174653009414931,0.0857341699964407,0.110226326653934,0.1408969040074558,0.093341365391051,0.0713460477397855,0.1321750593629692,0.308014569093586,0.0136081951065111,0.1391043165846831,0.0223475442090095,0.1294605957532313,0.1264068495663055,0.1394580368326961,0.0217763107536577,0.2226334552069372,0.1227427179156459,0.1412101174452057,0.1393436999711476,0.1334416764421249,0.1555541827958631,0.0713460477397853,0.0986084537971055,0.1131752725963988,0.139792761608264,0.1202788112193266,0.0161465174869768,0.0573250421515708,0.095483018016636,0.1358680986529368,0.140858420921045,0.0823140137260725,0.1342365604152438,0.143275453998679,0.1410193749951402,0.061404668063339,2.882473985550293e-07,0.0136081951065111,0.1406093073862795,0.2924443197747413,0.1183674740429601,6.458001131487538e-05,0.1415917453571064,0.139172012248666,0.1393988131473343,0.0223475442090095,0.1301380939114068,0.0284923445557496,0.0456831425656859,0.1481289104215044,0.0713460477397855,0.0521676277517266,0.1974433403037663,0.1404235202185344,0.1788351077752518,0.1387916686020278,0.3389928541971197,0.1379574797868405,0.0523452460943004,0.101211806196054,0.1472907733469724,0.140858420921045,0.1749224841245791,0.1805819901159868,0.1777114722210691,0.1262095741511194,0.140858420921045,0.2156154588362616,0.1264701957844426,0.1729661760032379,0.0223475442090094,0.0223475442090094,0.1319584728791953,0.1408430959554049
1.97,0.0685851724865704,0.1614425717965351,0.0268569903200975,0.1086343954638228,0.2013192664692142,0.0342634988336328,0.1233805994680896,0.1392977953336862,8.575361285624403e-05,0.1383767953321658,0.1394568562150509,0.0153663392191927,0.1316364649787194,0.130853399622341,0.0209616840225588,0.1035298721115402,0.1371697253653646,0.1299493580193543,0.0126395412711531,0.2289204605912794,0.0685851724865702,0.1381127911786695,0.1368404362533837,0.1183888609301301,0.1394568562150509,0.0685851724865705,0.0163019534357953,0.0853413573311666,0.1065726931547394,0.1394952407049885,0.0933419972882397,0.0685851724865704,0.1314659331304097,0.3045526998304803,0.0126395412711531,0.1378361765769459,0.0209616840225589,0.1284914751771597,0.1254506968069091,0.1381810894813629,0.0215962717551754,0.2197787143902808,0.1217454992016603,0.1397782479708998,0.1380244380590781,0.1321210551758902,0.1532519321936369,0.0685851724865701,0.0978385249101554,0.1130242408278627,0.1384683781618339,0.1198244734609691,0.0163493756694063,0.0548367752785502,0.0948174426709546,0.1346144704757854,0.1394568562150509,0.081950349644372,0.1327901298460749,0.1424806357277114,0.1396027064778715,0.0616550311578252,2.896986975788709e-07,0.0126395412711531,0.1392459998688609,0.2891180697637927,0.1157254252304711,6.702377384149506e-05,0.1401646556365829,0.1378345506376034,0.1381251173966244,0.0209616840225591,0.1290433759205854,0.0268569903200975,0.043486124676679,0.1453150993296968,0.0685851724865705,0.0518427498537838,0.1944835338491046,0.1390532792433695,0.1760217617454704,0.1374860668923485,0.333857622187332,0.1367208676425008,0.0528149694343165,0.1006739200464907,0.1463573538344465,0.1394568562150509,0.1699096802630726,0.1799897035981793,0.1734979098181059,0.1252694905378341,0.1394568562150509,0.2146573920262228,0.1233805994680896,0.1702950933964685,0.0209616840225589,0.0209616840225588,0.1307643097843254,0.1394435853682613
1.98,0.0659209422010741,0.1602538003835975,0.0253089769701293,0.1078900367304684,0.1992386300550971,0.0324483739079344,0.1203571759772393,0.1379272221941741,8.614955700121053e-05,0.1370709971706169,0.1380692373108928,0.0155670172686013,0.1279040326960183,0.1296276463790689,0.0196561943421179,0.1025963660299516,0.1358795030418811,0.1288884436265307,0.0117359058872271,0.2272802691411843,0.0659209422010741,0.1368472972265,0.1355640635993434,0.1173391863088292,0.1380692373108928,0.0659209422010743,0.0152113911782237,0.084950344435926,0.1030416244001017,0.1381075213569826,0.0933378188917545,0.0659209422010741,0.1307572947548693,0.3010754288340785,0.0117359058872271,0.1365795595289374,0.0196561943421179,0.1275296092771963,0.1245020499408081,0.1369158344969603,0.0214177598881514,0.2169438078069318,0.1207572309601933,0.1383608975993182,0.1367176677774124,0.1308142631266574,0.1509798651895642,0.0659209422010741,0.0970746146986437,0.1128675938175511,0.137156541801507,0.1193687760244857,0.0165527047664949,0.0524470539378248,0.0941576339583509,0.1333726137678705,0.1380692373108928,0.0815882922339822,0.1313573047507073,0.1416866839159682,0.138200269709877,0.0619016297038107,2.911498014452356e-07,0.0117359058872271,0.1378959107346681,0.2857781017812183,0.1131332253045234,6.954208881749628e-05,0.1387519126522802,0.1365099950922129,0.1368630594843491,0.019656194342118,0.1279580487034728,0.0253089769701293,0.0413862346810037,0.1425469920683904,0.0659209422010743,0.0515290323817333,0.1915513794087348,0.1376964089659886,0.1732437455287235,0.136192747121486,0.3287154683813748,0.1354953472039661,0.0532820426851264,0.1001342440331687,0.1454222667064404,0.1380692373108928,0.1650065123410288,0.179385492196242,0.1693629595277255,0.1243364071022484,0.1380692373108928,0.2136806981557954,0.1203571759772393,0.1676566086127703,0.0196561943421179,0.0196561943421179,0.129580312925629,0.1380579812485375
1.99,0.0633505090833098,0.1590690117363497,0.0238441068379316,0.1071514022250784,0.1971694380131892,0.0307223522955497,0.1173988568875003,0.1365701343415258,8.654512169655365e-05,0.1357774927266681,0.1366954254455238,0.0157683058705667,0.1242615808501295,0.1284141888294526,0.0184268392493013,0.1016744329071397,0.1346014879375482,0.1278364826323571,0.01089326103149,0.225623074113779,0.0633505090833098,0.1355933973794568,0.1342995841598882,0.1162995237724545,0.1366954254455238,0.0633505090833099,0.0141894409815599,0.0845611230646196,0.0996299122626732,0.1367336072469135,0.0933288793084569,0.0633505090833098,0.1300490652552705,0.2975847199138004,0.01089326103149,0.1353343621741426,0.0184268392493013,0.1265749437460375,0.123560843922124,0.1356621648183443,0.0212407626808363,0.214129081844156,0.1197778062328714,0.1369579191107497,0.135423270782955,0.1295211469872802,0.1487376891283529,0.0633505090833096,0.0963166751391181,0.1127054140041174,0.1358571336571447,0.1189117783926318,0.0167564764332478,0.0501525179995404,0.0935035338553976,0.132142410491753,0.1366954254455238,0.0812278343966142,0.1299379599148926,0.1408936694373997,0.1368119217186922,0.0621444588468303,2.926007101737187e-07,0.01089326103149,0.1365589118170496,0.2824262853189892,0.1105901654417483,7.213662269264194e-05,0.1373533734693925,0.1351982189716621,0.1356125330748443,0.0184268392493014,0.1268820238671298,0.0238441068379316,0.0393797089412545,0.1398240679784694,0.0633505090833099,0.0512260416404141,0.1886471165626284,0.1363527789161417,0.1705008741379562,0.1349115937210964,0.3235699687230387,0.1342808185798886,0.0537463913020445,0.0995928935414037,0.1444856713656713,0.1366954254455238,0.1602121413287574,0.1787696284337568,0.1653059911610013,0.1234102718299093,0.1366954254455238,0.2126858268565732,0.1173988568875003,0.1650506056361166,0.0184268392493013,0.0184268392493013,0.1284063968742271,0.1366861454123018
2.0,0.0608710805259297,0.1578882022573235,0.0224583506650444,0.1064184240328117,0.195111881297598,0.0290815325917257,0.1145045769907241,0.1352263990918625,8.694030720623679e-05,0.1344961670998837,0.1353352832366127,0.0159701815670586,0.1207076171402598,0.1272128871999038,0.0172695738604962,0.1007638866540544,0.1333355622041432,0.1267933926737203,0.0101077998456468,0.2239497050551712,0.0608710805259296,0.1343509854813424,0.133046887170807,0.1152697745281719,0.1353352832366127,0.0608710805259297,0.0132321383910126,0.08417368500893,0.0963343684864867,0.1353733610382222,0.0933152276315718,0.0608710805259297,0.1293411731714336,0.2940824945234239,0.0101077998456468,0.1341004821168196,0.0172695738604963,0.1256274246829149,0.1226270144024233,0.1344199743646758,0.0210652677660927,0.2113348647732164,0.1188071200955772,0.1355691667779811,0.134141129856976,0.1282415552398462,0.1465251111098735,0.0608710805259295,0.0955646587226256,0.1125377834291863,0.134570035984799,0.1184535391032978,0.0169606624957735,0.0479498903838159,0.0928550849688703,0.1309237440603949,0.1353352832366127,0.0808689690653394,0.1285319735374065,0.1401016615622251,0.1354375209682463,0.062383514422457,2.9405142378391405e-07,0.0101077998456468,0.1352348761921718,0.2790644486658572,0.1080955449379122,7.480906226333482e-05,0.1359688965313894,0.1338990969619732,0.1343734328040416,0.0172695738604964,0.1258152141814474,0.0224583506650444,0.0374628965089311,0.1371458055605527,0.0608710805259297,0.0509333604168208,0.1857709657875906,0.1350222598967073,0.167792954598183,0.1336424922132655,0.3184245940042473,0.1330771827995369,0.0542079418961479,0.0990499819338723,0.1435477274102062,0.1353352832366127,0.1555256522461097,0.1781423830702433,0.1613263418542946,0.1224910330870385,0.1353352832366127,0.2116732288897166,0.1145045769907241,0.162476958679658,0.0172695738604962,0.0172695738604962,0.1272424774962848,0.1353279410487136
2.01,0.0584799197271095,0.1567113710012807,0.0211478432732885,0.1056910358599827,0.1930661424942707,0.0275221525448753,0.1116732749928727,0.1338958850668037,8.733511379406134e-05,0.1332269064405559,0.1339886746688049,0.0161726208541137,0.1172406429724101,0.1260236036341602,0.0161805381834947,0.0998645445924528,0.1320816092084094,0.1257590922796531,0.0093759268164846,0.2222609810473882,0.0584799197271094,0.1331199563445769,0.131805862919864,0.1142498407722782,0.1339886746688049,0.0584799197271095,0.012335719708923,0.0837880220981481,0.0931518292288424,0.1340266467606024,0.0932969129310011,0.0584799197271095,0.1286335542405803,0.2905706312990517,0.0093759268164846,0.1328778178267756,0.0161805381834948,0.1246869985905527,0.1217004977205364,0.1331891580264451,0.0208912628805075,0.2085614671578233,0.1178450696036287,0.1341944963511696,0.1328711288943488,0.1269753381338992,0.144341838113603,0.0584799197271094,0.0948185184321501,0.1123647837270027,0.1332951321560345,0.1179941157615617,0.0171652349459855,0.0458359769577031,0.0922122305286732,0.1297164993106152,0.1339886746688049,0.0805116892044511,0.1271392269872113,0.139310727983029,0.1340769273444357,0.0626187929461209,2.955019422954138e-07,0.0093759268164846,0.1339236781669579,0.2756943784961699,0.1056486707432212,7.756111453952395e-05,0.1345983416483589,0.132612505058775,0.1331456542705908,0.0161805381834949,0.1247575335511235,0.0211478432732885,0.0356322579165992,0.1345116827580912,0.0584799197271095,0.0506505873355235,0.1829231289055571,0.133704723971268,0.1651197863292154,0.13238532919996,0.3132827090314504,0.1318843418032826,0.0546666222453706,0.0985056205667817,0.142608594476468,0.1339886746688049,0.150946059094498,0.1775040250422479,0.15742331813818,0.1215786396180482,0.1339886746688049,0.210643355831137,0.1116732749928727,0.1599355325822554,0.0161805381834948,0.0161805381834947,0.1260884719086311,0.1339832327063748
2.02,0.056174346169864,0.1555385195438401,0.0199088791531782,0.1049691729773262,0.1910323959987301,0.0260405862768567,0.1089038941739847,0.1325784621806192,8.772954172366686e-05,0.1319695979406409,0.1326554650801217,0.01637560018698,0.1138591553462584,0.1248462021607931,0.0151560509689883,0.0989762273892138,0.13083951351703,0.1247335008603086,0.0086942482718101,0.2205577104572396,0.056174346169864,0.1319002057416065,0.1305764027348425,0.1132396256802385,0.1326554650801217,0.0561743461698641,0.0114966141154883,0.0834041261990009,0.090079159248376,0.1326933297963946,0.0932739842438817,0.056174346169864,0.1279261510839804,0.2870509656633569,0.0086942482718101,0.1316662686340871,0.0151560509689885,0.1237536123721466,0.1207812308925702,0.1319696116565776,0.0207187358635124,0.2058091822595661,0.1168915537386602,0.1328337650428976,0.1316131528928036,0.125722347664936,0.1421875771182371,0.056174346169864,0.0940782077226447,0.1121864961144688,0.132032306647357,0.1175335650516012,0.0173701659370242,0.0438076662781112,0.0915749143808444,0.1285205624772567,0.1326554650801217,0.0801559878093262,0.1257596045777269,0.138520934840479,0.1327300021408244,0.0628502916029539,2.9695226572780785e-07,0.0086942482718101,0.1326251932671465,0.2723178195219646,0.1032488570442196,8.039450660306863e-05,0.1332415699853923,0.1313383205504,0.1319290940270636,0.0151560509689885,0.1237088969886632,0.0199088791531782,0.033884363814409,0.1319211772291286,0.0561743461698641,0.0503773362377478,0.1801037895315766,0.1324000444518074,0.1624811615178516,0.1311399923526035,0.3081475719980958,0.1307021984332273,0.0551223613049358,0.0979599188063384,0.1416684320871399,0.1326554650801217,0.1464723096475726,0.1768548214069323,0.1535961979432216,0.120673040543059,0.1326554650801217,0.2095966597655668,0.1089038941739847,0.1574261831967008,0.0151560509689884,0.0151560509689884,0.1249442984360141,0.1326518862798307
2.03,0.0539517359758523,0.15436965185341,0.0187379079909619,0.1042527721654507,0.1890108081917312,0.0246333413893791,0.1061953830114915,0.1312740016275157,8.812359125853121e-05,0.1307241298247692,0.131335521148493,0.0165790959853111,0.1105616486485085,0.1236805486613699,0.0141926035785509,0.0980987589919369,0.1296091608818634,0.1237165386960196,0.0080595631086751,0.2188406907023647,0.0539517359758521,0.1306916303962545,0.1293583989718617,0.1122390333968227,0.131335521148493,0.0539517359758524,0.010711435905676,0.0830219892154803,0.0871132557529509,0.1313732768671386,0.0932464905653891,0.0539517359758523,0.1272189129034988,0.2835252894939485,0.0080595631086751,0.1304657347237699,0.014192603578551,0.1228272133283662,0.1198691516021105,0.130761232061621,0.0205476746565101,0.2030782864401135,0.1159464733571339,0.1314868315133606,0.1303670879422945,0.1244824375531723,0.1400620352166118,0.053951735975852,0.0933436805033304,0.1120030013815606,0.1307814450297536,0.1170719427484701,0.0175754277793457,0.0418619291924178,0.0909430809806424,0.1273358211680434,0.131335521148493,0.0798018579062883,0.1243929933571028,0.1377323467486803,0.1313966080445007,0.063078008237661,2.984023941006851e-07,0.008059563108675,0.1313392982254667,0.2689364742061956,0.1008954248893806,8.331098545755834e-05,0.1318984440510036,0.1300764220013228,0.1307236495712369,0.0141926035785511,0.1226692205883639,0.0187379079909619,0.0322158934664798,0.1293737666071037,0.0539517359758524,0.0501132355834598,0.1773131135210068,0.1311080958865273,0.1598768654797117,0.1299063704017709,0.3030223340551046,0.129530656423978,0.0555750892171348,0.0974129840454955,0.140727399503977,0.131335521148493,0.1421032900989936,0.1761950372881079,0.1498442325430573,0.1197741853554196,0.1313355211484931,0.2085335929894744,0.1061953830114915,0.15494875776963,0.014192603578551,0.0141926035785509,0.1238098765699381,0.1313337689961852
2.04,0.0518095221414392,0.1532047741664016,0.0176315301536513,0.1035417716623876,0.1870015376128279,0.023297055974117,0.1035466957681215,0.1299823758690402,8.851726266197055e-05,0.1294903913413211,0.1300287108784259,0.0167830846383967,0.1073466163552615,0.1225265108392586,0.0132868538886131,0.0972319665658047,0.1283904382254387,0.1227081269264488,0.0074688537675762,0.2171107080340184,0.0518095221414391,0.1294941279752113,0.128151745003943,0.1112479690263427,0.1300287108784259,0.0518095221414392,0.0099769768599951,0.0826416030886718,0.0842510519210685,0.1300663560202449,0.0932144808397775,0.0518095221414392,0.1265117951878022,0.2799953508536657,0.0074688537675762,0.1292761171303981,0.0132868538886132,0.1219077491543796,0.1189641981906121,0.1295639169930138,0.0203780673020097,0.2003690395599934,0.1150097311404414,0.1301535558557127,0.1291328212144767,0.1232554632225757,0.1379649197260752,0.0518095221414391,0.0926148911219734,0.1118143798821142,0.1295424339583096,0.1166093037297364,0.017780992937424,0.039995818307971,0.0903166753857094,0.1261621643391045,0.1300287108784259,0.0794492925524707,0.1230392829134457,0.1369450268201621,0.1300766091220672,0.0633019413444216,2.998523274336321e-07,0.0074688537675761,0.1300658709699279,0.2655520025349986,0.0985877018555801,8.631231786960296e-05,0.1305688276855986,0.1288266892359277,0.1295292193374573,0.0132868538886133,0.121638421501242,0.0176315301536513,0.0306236331218181,0.1268689287510544,0.0518095221414392,0.0498579278758045,0.1745512494154788,0.1298287540477843,0.1573066770109148,0.1286843531270023,0.2979100390712494,0.1283696203935585,0.0560247373204634,0.0968649217209633,0.1397856555855303,0.1300287108784259,0.1378378295661669,0.1755249358246673,0.1461666484353304,0.1188820239192262,0.1300287108784259,0.2074546077227727,0.1035466957681215,0.1525030953131466,0.0132868538886132,0.0132868538886132,0.1226851269290314,0.130028749401866
2.05,0.0497451946635002,0.1520438948656963,0.0165864921497946,0.1028361111131557,0.1850047351318113,0.0220284955429184,0.1009567930456001,0.1287034586216084,8.891055619713941e-05,0.1282682727535757,0.1287349035878042,0.0169875425104206,0.1042125526459553,0.1213839581890564,0.0124356202479302,0.0963756804316786,0.1271832336266921,0.121708187539834,0.006919277463758,0.2153685373361441,0.0497451946635001,0.1283075970795708,0.126956335209822,0.110266338622988,0.1287349035878042,0.0497451946635002,0.0092901987644473,0.082262959796585,0.0814895201104674,0.1287724366158111,0.0931780039516547,0.0497451946635002,0.1258047594279863,0.2764628537806317,0.006919277463758,0.1280973177326834,0.0124356202479303,0.1209951679369003,0.1180663096479709,0.1283775651384336,0.0202099019427679,0.1976816853737635,0.1140812315465385,0.1288337995815514,0.1279102409522953,0.1220412817801614,0.1358959382944423,0.0497451946635,0.0918917943508883,0.1116207115249755,0.1283151611619465,0.1161457019869873,0.0179868340270208,0.0382064673411783,0.0896956432493135,0.1249994822711441,0.1287349035878042,0.0790982848356802,0.121698365194022,0.1361590366905074,0.1287698708057785,0.063522090056825,3.013020657462339e-07,0.0069192774637579,0.1288047906122268,0.2621660218468398,0.0963250217527275,8.940029020160486e-05,0.1292525860499843,0.1275890033225936,0.128345702688083,0.0124356202479304,0.120616417910861,0.0165864921497946,0.0291044742736152,0.1244061419855657,0.0497451946635002,0.0496110691072447,0.1718183288872014,0.128561895920145,0.1547703687297815,0.1274738313467298,0.2928136235753044,0.127218995834456,0.0564712381581226,0.0963158353304647,0.138843358649775,0.1287349035878042,0.1336747044492237,0.1748447781213601,0.1425626491610755,0.1179965064668474,0.1287349035878042,0.206360155829259,0.1009567930456001,0.1500890269681807,0.0124356202479303,0.0124356202479303,0.1215699712208961,0.1287366973495109
2.06,0.0477563005621679,0.1508870243623435,0.0155996820822299,0.1021357315212642,0.1830205441180199,0.0208245498933481,0.098424642305333,0.1274371248441634,8.930347212703097e-05,0.1270576653309236,0.1274539698948207,0.0171924459457323,0.1011579539314365,0.1202527619666339,0.011635875504166,0.095529734005407,0.1259874363069565,0.1207166433623305,0.0064081576844011,0.2136149419402911,0.0477563005621677,0.1271319372363971,0.1257720649629924,0.1092940491812577,0.1274539698948207,0.0477563005621679,0.0086482260928185,0.0818860513539842,0.078825674767531,0.1274913893135628,0.0931371087174871,0.0477563005621679,0.1250977728423929,0.2729294581358938,0.0064081576844011,0.1269292392480107,0.0116358755041661,0.1200894181512559,0.1171754256032725,0.1272020761132238,0.0200431668209378,0.1950164519214045,0.1131608807630762,0.127527425606558,0.1266992364596793,0.1208397519955482,0.133854799001667,0.0477563005621677,0.0911743453744466,0.1114220757655036,0.1270995154332365,0.1156811906371999,0.0181929238129771,0.036491090356373,0.0890799308136676,0.1238476665462377,0.1274539698948207,0.078748827874262,0.1203701343375134,0.1353744365426285,0.1274762598798171,0.0637384541378388,3.027516090580739e-07,0.0064081576844011,0.1275559374362619,0.2587801067164605,0.0941067243639341,9.257670823603394e-05,0.1279495856139273,0.1263632465580873,0.1271729999050048,0.0116358755041661,0.1196031290100271,0.0155996820822299,0.0276554118199804,0.1219848853308044,0.0477563005621679,0.0493723282267518,0.1691144671812093,0.1273073996885545,0.1522677074087526,0.1262746969083168,0.2877359168718315,0.126078689104799,0.0569145254858951,0.0957658264502177,0.137900666341634,0.1274539698948207,0.129612642644913,0.1741548232018652,0.13903141706324,0.1171175835964509,0.1274539698948207,0.2052506885457331,0.098424642305333,0.1477063763596153,0.011635875504166,0.011635875504166,0.1204643322053894,0.1274574839849925
2.07,0.0458404438074447,0.1497341749804561,0.0146681251076076,0.1014405752020763,0.1810491006074882,0.0196822299237081,0.095949218357233,0.1261832507259429,8.96960107144769e-05,0.1258584613401543,0.1261857817050387,0.017397771274125,0.0981813202987132,0.1191327951597736,0.0108847411134527,0.0946939637383228,0.1248029366161813,0.1197334180474495,0.0059329759583487,0.2118506734559388,0.0458404438074447,0.1259670488904558,0.1245988306209721,0.1083310086264914,0.1261857817050387,0.0458404438074447,0.008048338862461,0.0815108698122201,0.0762565750510199,0.1262230860599108,0.0930918438773297,0.0458404438074447,0.1243908081103832,0.2693967795064934,0.0059329759583487,0.1257717852269423,0.0108847411134528,0.1191904486584793,0.1162914863157153,0.1260373504519001,0.0198778502772253,0.1923735519157754,0.1122485866619507,0.1262342982362672,0.1254996980913475,0.1196507342807709,0.1318412104573569,0.0458404438074445,0.0904624997778991,0.1112185515974206,0.1258953866183412,0.1152158219339811,0.0183992352074848,0.0348469809041617,0.0884694849033241,0.1227066100252305,0.1261857817050387,0.0784009148169643,0.1190544865184614,0.1345912851306921,0.1261956444667053,0.0639510339698168,3.042009573887335e-07,0.0059329759583487,0.1263191928867683,0.2553957888914896,0.0919321552186863,9.584339699121072e-05,0.1266596941447603,0.1251493024522562,0.1260110121812439,0.0108847411134529,0.1185984749783116,0.0146681251076076,0.0262735421383882,0.1196046387229553,0.0458404438074447,0.0491413866274043,0.1664397635551701,0.126065144726624,0.1497984542967153,0.1250868426782082,0.2826796413225065,0.1249486074196587,0.0573545342794052,0.0952149947526319,0.1369577355053795,0.1261857817050387,0.1256503276154258,0.173455327964106,0.1355721149850786,0.1162452062695361,0.1261857817050388,0.2041266562197134,0.095949218357233,0.1453549599432206,0.0108847411134527,0.0108847411134527,0.1193681336592915,0.1261909817345627
2.08,0.0439952851563232,0.1485853608452715,0.0137889789161022,0.1007505857379604,0.1790905334679331,0.0185986644106166,0.0935295038178257,0.1249417136743816,9.008817222214766e-05,0.1246705540368028,0.1249302121985824,0.0176034948161112,0.0952811568749322,0.1180239324593972,0.0101794813451381,0.0938682090589022,0.1236296260193851,0.1187584360656065,0.0054913639030853,0.2100764716157895,0.0439952851563231,0.124812833395899,0.1234365295147817,0.1073771258054931,0.1249302121985824,0.0439952851563232,0.0074879656728676,0.0811374072590622,0.0737793271834974,0.1249674000751754,0.0930422580867773,0.0439952851563232,0.1236838431148394,0.2658663891618022,0.0054913639030853,0.1246248600476864,0.0101794813451382,0.118298208702421,0.1154144326657046,0.1248832895997336,0.0197139407500517,0.1897531831259845,0.111344258755267,0.1249542831519905,0.1243115172427135,0.1184740906703449,0.1298548818942572,0.0439952851563231,0.0897562135373424,0.1110102175449995,0.1247026656070072,0.1147496472786761,0.0186057412688009,0.0332715110684709,0.0878642529186446,0.1215762068257273,0.1249302121985824,0.0780545388428043,0.1177513198030865,0.1338096398037012,0.1249278940138578,0.0641598305445457,3.056501107577926e-07,0.0054913639030853,0.1250944395580542,0.2520145572796528,0.0898006653966006,9.920220052864933e-05,0.1253827806960398,0.123947055713012,0.1248596416126275,0.0101794813451382,0.1176023769603698,0.0137889789161022,0.0249560610853784,0.1172648832253744,0.0439952851563232,0.0489179376537558,0.1637943017164017,0.1248350115850314,0.1473623654319183,0.1239101625321857,0.2776474127848983,0.1238286588424807,0.0577912007407739,0.0946634380242002,0.1360147220618872,0.1249302121985824,0.1217864023125148,0.1727465471377631,0.1321838879092133,0.1153793258084705,0.1249302121985824,0.202988508055684,0.0935295038178257,0.1430345873444414,0.0101794813451381,0.0101794813451381,0.1182813003423127,0.1249370642921335
2.09,0.0422185419067881,0.1474405977743461,0.0129595292434417,0.1000657079351601,0.1771449645615583,0.0175710967612305,0.0911644895387499,0.1237123923031228,9.047995691255246e-05,0.123493837656569,0.1236871358174548,0.0178095928881868,0.0924559751131217,0.1169260502313617,0.009517497592393,0.0930523123155683,0.1224673970833368,0.1177916226937646,0.0050810955519391,0.2082930641355947,0.0422185419067882,0.1236691930081012,0.1222850599386262,0.1064323104772521,0.1236871358174548,0.0422185419067881,0.006964676934638,0.0807656558185317,0.0713910865436484,0.1237242058408911,0.0929883999091337,0.0422185419067881,0.1229768606931742,0.2623398140610022,0.0050810955519391,0.123488368910539,0.0095174975923931,0.117412647906884,0.1145442061461137,0.1237397959044117,0.0195514267747243,0.1871555287565341,0.1104478081526354,0.123687247396883,0.1231345863398969,0.1173096848015824,0.1278955232578254,0.0422185419067881,0.0890554430106838,0.1107971516555829,0.1235212443227022,0.1142827172313493,0.0188124152003657,0.0317621304310476,0.0872641828293442,0.1204563523006464,0.1236871358174548,0.0777096931609343,0.1164605340157231,0.1330295565287355,0.1236728792802651,0.0643648454533339,3.070990691848292e-07,0.0050810955519391,0.1238815611828542,0.2486378579844851,0.0877116113594329,0.0001026549817519,0.1241187155962585,0.1227563922315938,0.1237187911895391,0.0095174975923931,0.1166147570450226,0.0129595292434417,0.0237002619323195,0.1149651012307581,0.0422185419067881,0.0487016861283411,0.1611781502557543,0.1236168819800348,0.1449591919456646,0.1227445513457291,0.2726417412007142,0.1227187522766316,0.0582244623046763,0.0941112521835723,0.1350717808907166,0.1236871358174548,0.1180194729575818,0.1720287332439322,0.1288658645382112,0.1145198938940326,0.1236871358174548,0.2018366918697881,0.0911644895387499,0.1407450616890952,0.0095174975923931,0.0095174975923931,0.1172037579643971,0.1236956066066796
2.1,0.0405079875747989,0.146299903171845,0.0121771854261629,0.0993858877823153,0.1752125089056698,0.0165968817512266,0.0888531750067334,0.1224951664201428,9.087136504803944e-05,0.1223282074067976,0.1224564282529819,0.0180160418080791,0.0897042940022016,0.1158390264888167,0.0088963227979206,0.0922461187206106,0.1213161434634544,0.1168329040051976,0.0047000799628998,0.2065011665880914,0.0405079875747988,0.1225360308755308,0.1211443211397709,0.1054964733037558,0.1224564282529819,0.040507987574799,0.0064761782948769,0.0803956076507358,0.0690890595124742,0.1224933790872695,0.0929303178077934,0.0405079875747989,0.1222698483966257,0.2588185369095865,0.0047000799628998,0.1223622178322993,0.0088963227979207,0.1165337162727789,0.113680748853702,0.122606772607775,0.0193902969826127,0.1845807578221158,0.1095591475197804,0.1224330593621465,0.1219687988298354,0.1161573818951534,0.1259628452920128,0.0405079875747988,0.0883601449294762,0.1105794314924247,0.1223510157127988,0.1138150815216362,0.0190192303502929,0.0303163649617044,0.0866692231681085,0.1193469430173225,0.1224564282529819,0.0773663710105087,0.1151820306151543,0.1322510899138572,0.1224304723233135,0.0645660808771447,3.0854783268941946e-07,0.0047000799628998,0.1226804426212879,0.2452670943875115,0.0856643548091213,0.0001062036221973,0.1228673704376074,0.1215771990681092,0.1225883647887452,0.0088963227979207,0.1156355382450659,0.0121771854261629,0.0225035332473583,0.1127047766546167,0.040507987574799,0.0484923478966988,0.1585913630780516,0.1224106387820985,0.1425886803569668,0.1215899049844817,0.2676650313255558,0.1216187974570639,0.0586542576438128,0.0935585312997959,0.1341290657169812,0.1224564282529819,0.114348112678689,0.1713021365568815,0.1256171588175676,0.1136668625629605,0.1224564282529819,0.2006716538528838,0.0888531750067334,0.138486179926033,0.0088963227979206,0.0088963227979206,0.1161354331542785,0.1224664848697655
2.11,0.0388614515000939,0.1451632959258907,0.0114394760098567,0.0987110724105698,0.1732932748310939,0.0156734822587485,0.0865945687161108,0.1212899170160162,9.126239689079572e-05,0.121173559458028,0.1212379664333816,0.0182228178999699,0.0870246412037672,0.1147627408651073,0.0083136160026802,0.091449476295204,0.1201757598909191,0.1158822068593456,0.0043463541090422,0.2047014822906196,0.0388614515000938,0.1214132510317131,0.120014213308607,0.1045695258408965,0.1212379664333816,0.0388614515000939,0.006020304263637,0.080027254951702,0.0668705050861145,0.1212747967807812,0.0928680601388324,0.0388614515000939,0.1215627982576219,0.2553039962627844,0.0043463541090422,0.1212463136406645,0.0083136160026802,0.1156613641753013,0.1128240034807035,0.1214841238376304,0.0192305401003329,0.1820290255179384,0.108678191038409,0.1211915887733681,0.1208140491705011,0.1150170487358916,0.1240565596213711,0.0388614515000938,0.0876702763915113,0.1103571341278468,0.1211918737388881,0.1133467890594705,0.0192261602111995,0.0289318158421626,0.0860793230242846,0.1182478767371456,0.1212379664333816,0.0770245656605514,0.1139157125801784,0.131474293230687,0.1212005464857415,0.0647635395767753,3.099964012911381e-07,0.0043463541090422,0.1214909698499252,0.241903627274847,0.0836582625697422,0.0001098500218158,0.1216286180648,0.1204093644373352,0.1214682671652965,0.0083136160026803,0.1146646444777833,0.0114394760098567,0.0213633567330033,0.1104833951203325,0.0388614515000939,0.0482896493902969,0.1560339798287858,0.1212161660046304,0.140250572858349,0.1204461202948149,0.2627195835923562,0.1205287049420962,0.0590805266738033,0.0930053676107098,0.133186729002969,0.1212379664333816,0.1107708650057247,0.1705670050678579,0.1224368714020359,0.1128201842055088,0.1212379664333817,0.1994938383418741,0.0865945687161108,0.1362577331418362,0.0083136160026802,0.0083136160026802,0.1150762534292469,0.1212495765032015
2.12,0.0372768183863922,0.1440307963089316,0.0107440444190859,0.0980412100552022,0.1713873641383921,0.0147984660036535,0.0843876885149167,0.1200965262522615,9.165305270284744e-05,0.1200297909356057,0.1200316285114567,0.0184298974996902,0.084415554118107,0.1136970745872113,0.0077671570243068,0.0906622358155017,0.1190461421600017,0.1149394588917963,0.0040180760492874,0.2028947022060021,0.0372768183863922,0.1203007583871848,0.1188946375688908,0.1036513805294692,0.1200316285114567,0.0372768183863923,0.0055950120447241,0.0796605899532136,0.0647327362677813,0.1200683371118508,0.0928016751438053,0.0372768183863922,0.1208557065650017,0.2517975866738391,0.0040180760492874,0.1201405639686023,0.0077671570243068,0.1147955423611297,0.1119739133065566,0.120371754599638,0.0190721449489384,0.1795004735854784,0.1078048543673067,0.119962706677,0.1196702328212096,0.1138885536538402,0.1221763788295928,0.0372768183863922,0.0869857948540733,0.1101303361367051,0.1200437133671646,0.1128778879456858,0.0194331784203456,0.0276061582309084,0.0854944320376417,0.1171590523957114,0.1200316285114567,0.0766842704098236,0.11266148430378,0.13069921843665,0.119982976382719,0.0649572248830843,3.114447750095579e-07,0.0040180760492874,0.1203130299509615,0.2385487750062191,0.0816927064913583,0.0001135960987471,0.1204023325639466,0.1192527776947805,0.1203584039445028,0.0077671570243069,0.1137020005461283,0.0107440444190859,0.0202773050281488,0.1083004441360716,0.0372768183863923,0.0480933272067578,0.1535060263167963,0.120033348792828,0.1379446075929746,0.1193130950944938,0.2578075951007531,0.1194483861053041,0.0595032105575146,0.0924518515414768,0.1322449218444708,0.1200316285114567,0.1072862472251937,0.1698235844508969,0.1193240910662699,0.1119798115630107,0.1200316285114567,0.1983036875992125,0.0843876885149167,0.1340595068676116,0.0077671570243068,0.0077671570243068,0.1140261471660868,0.1200447601468159
2.13,0.0357520277813197,0.1429024258810889,0.0100886446966547,0.0973762500187227,0.1694948722518666,0.0139695023005735,0.0822315619255662,0.1189148774498333,9.204333274605998e-05,0.118896799911356,0.1188372938524096,0.0186372569598802,0.0818755808819008,0.1126419104496982,0.0072548412707723,0.0898842507597831,0.1179271871155899,0.1140045885043709,0.0037135183771263,0.2010815048562745,0.0357520277813197,0.1191984587216369,0.1177854959681601,0.102741950686261,0.1188372938524096,0.0357520277813199,0.005198375573002,0.0792956049226461,0.0626731212510112,0.1188738794826781,0.0927312109427427,0.0357520277813197,0.1201485736468857,0.2483006588850916,0.0037135183771263,0.119044877248712,0.0072548412707723,0.1139362019456451,0.1111304221897998,0.1192695707692738,0.0189151004431168,0.1769952306735572,0.1069390546046078,0.118746285426977,0.1185372462330339,0.1127717665055352,0.120322016534597,0.0357520277813197,0.0863066581277695,0.1098991135901552,0.1189064305589116,0.1124084254824941,0.0196402587600569,0.0263371399760637,0.0849145003922048,0.116080370083474,0.1188372938524096,0.0763454785866929,0.1114192514953201,0.1299259161969037,0.1187776378890638,0.0651471406872687,3.1289295386424975e-07,0.0037135183771263,0.1191465111014933,0.2352038137244267,0.0797670633738471,0.0001174437890849,0.1191883892514953,0.1181073293229961,0.1192586816139812,0.0072548412707724,0.1127475321205521,0.0100886446966547,0.0192430394827338,0.1061554132638096,0.0357520277813199,0.0479031277067922,0.1510075149326701,0.1188620734126357,0.1356705189232849,0.1181907281634368,0.2529311607247841,0.1183777531275183,0.0599222517088301,0.0918980717232428,0.1313037938717652,0.1188372938524096,0.103892753596331,0.1690721180305885,0.1162778960607936,0.1111456977254505,0.1188372938524097,0.1971016416004932,0.0822315619255662,0.1318912813779662,0.0072548412707723,0.0072548412707723,0.1129850435731451,0.1188519156463525
2.14,0.0342850735011346,0.1417782073964415,0.0094711373189629,0.0967161426353769,0.1676158883713562,0.0131843588335191,0.0801252264411089,0.1177448550777108,9.2433237282138e-05,0.1177744853953278,0.1176548430217791,0.0188448726551104,0.0794032813000037,0.1115971327892015,0.0067746746937858,0.0891153772566345,0.1168187926409201,0.1130775248553187,0.0034310619439529,0.1992625562488511,0.0342850735011347,0.1181062586760297,0.1166866914683106,0.1018411504952295,0.1176548430217791,0.0342850735011348,0.0048285797592727,0.0789322921628039,0.0606890844061285,0.1176913044951925,0.0926567155273465,0.0342850735011346,0.1194414036609887,0.2448145200598552,0.0034310619439529,0.1179591627075658,0.0067746746937858,0.1130832944101704,0.1102934745601044,0.1181774790838646,0.018759395590395,0.1745134126946529,0.106080710251223,0.1175421986714703,0.1174149868393082,0.111666558655522,0.1184931874602646,0.0342850735011346,0.0856328243708626,0.1096635420497137,0.1177799222610665,0.1119384481838424,0.0198473751584043,0.0251225802828643,0.0843394788101569,0.1150117310268806,0.1176548430217791,0.0760081835490022,0.1101889210901931,0.1291544359059455,0.1175844081265842,0.0653332914311935,3.143409378747833e-07,0.0034310619439529,0.1179913025629023,0.231869977603289,0.0778807149088849,0.0001213950466347,0.1179866646632261,0.1169729109181281,0.1181690075157774,0.0067746746937859,0.1118011657214468,0.0094711373189629,0.0182583079126299,0.1040477942807217,0.0342850735011348,0.0477188066272606,0.1485384450626222,0.117702227239807,0.133428037691323,0.1170789192345767,0.2480922743314072,0.1173167189889306,0.0603375937958725,0.0913441150119093,0.1303634931552083,0.1176548430217791,0.1005888584304422,0.1683128467517521,0.1132973554143271,0.1103177961290416,0.1176548430217792,0.1958881378300139,0.0801252264411089,0.1297528319822366,0.0067746746937858,0.0067746746937858,0.1119528726634927,0.1176709240414906
2.15,0.0328740030050889,0.1406581647122044,0.0088894850932981,0.0960608392370019,0.1657504956218213,0.012440898459024,0.0780677297980171,0.1165863447415958,9.28227665726254e-05,0.1166627473275931,0.1164841577734969,0.0190527209869595,0.0769972277136974,0.1105626274593873,0.0063247688854711,0.0883554740341437,0.1157208576455014,0.1121581978496391,0.0031691898528013,0.1974385098147226,0.0328740030050888,0.1170240657448158,0.1155981279363342,0.1009488949987715,0.1164841577734969,0.0328740030050889,0.0044839149428474,0.0785706440117581,0.0587781070815097,0.1165204939391124,0.0925782367543801,0.0328740030050889,0.1187342043921761,0.2413404340530897,0.0031691898528013,0.1168833303600449,0.0063247688854712,0.1122367715992315,0.1094630154104625,0.117095387134697,0.0186050194903491,0.1720551231763681,0.105229741175363,0.1163503213397623,0.1163033530462351,0.1105728029581055,0.1166896075049281,0.0328740030050889,0.0849642520840415,0.1094236965616047,0.1166640863968879,0.1114680017856487,0.0200545016901166,0.0239603683419517,0.0837693185458114,0.1139530375699751,0.1164841577734969,0.0756723786839393,0.1089704011664416,0.1283848257089078,0.116403165451548,0.0655156820977738,3.1578872706072574e-07,0.0031691898528013,0.1168472946703403,0.2285484591321576,0.0760330476383724,0.0001254518426625,0.1167970365433107,0.1158494151767133,0.117089289838559,0.0063247688854712,0.1108628287021837,0.0088894850932981,0.0173209423418003,0.101977081333181,0.0328740030050889,0.0475401287097937,0.146098803497637,0.1165536987490751,0.1312168914709247,0.1159775689848099,0.2432928301025109,0.1162651974613003,0.0607491817436897,0.0907900665070065,0.1294241661153715,0.1164841577734969,0.09737301903556,0.1675460091509751,0.1103815301835359,0.109496060553817,0.116484157773497,0.1946636110842159,0.0780677297980171,0.1276439293080584,0.0063247688854712,0.0063247688854711,0.1109295652291431,0.1165016675539766
2.16,0.031516916724022,0.1395423227007586,0.0083417491421025,0.095410292120181,0.1638987712007138,0.0117370760441261,0.076058130226445,0.1154392331727385,9.321192087890564e-05,0.1155614865701132,0.1153251210380625,0.0192607783890458,0.0746560058077417,0.1095382818064134,0.0059033363209781,0.0876044023700875,0.1146332820532325,0.1112465381295018,0.0029264817175448,0.1956100063582863,0.0315169167240219,0.1159517882681901,0.1145197101352061,0.1000651000890787,0.1153251210380625,0.031516916724022,0.0041627715510704,0.0782106528426846,0.0569377282308873,0.1153613307801269,0.0924958223392472,0.031516916724022,0.1180269870570638,0.2378796217189191,0.0029264817175448,0.1158172910036638,0.0059033363209782,0.111396585717838,0.1086389902895108,0.1160232033591977,0.0184519613338223,0.1696204536079784,0.1043860685781484,0.115170529629271,0.1152022442235771,0.1094903737393259,0.1149109938067142,0.0315169167240219,0.0843009001055741,0.1091796516513889,0.1155588218567051,0.110997131255918,0.0202616125777037,0.0228484619243018,0.0832039713796524,0.112904193156456,0.1153251210380625,0.0753380574079076,0.107763600867843,0.1276171325225427,0.1152337894422786,0.0656943182014128,3.172363214416433e-07,0.0029264817175448,0.1157143788223154,0.2252404094351131,0.0742234529276731,0.0001296161656362,0.1156193838334324,0.1147367358826911,0.1160194376098791,0.0059033363209782,0.1099324492327162,0.0083417491421025,0.0164288567382208,0.0999427710835988,0.031516916724022,0.0473668673444177,0.1436885648376557,0.1154163775034297,0.129036804811947,0.1148865790260407,0.2385346239532078,0.1152231031002627,0.0611569617364131,0.0902360095706567,0.1284859574376661,0.1153251210380625,0.0942436785286749,0.1667718413299705,0.1075294746512866,0.1086804451212252,0.1153251210380625,0.1934284932828845,0.076058130226445,0.1255643395773635,0.0059033363209782,0.0059033363209781,0.1099150528162891,0.115344029575882
2.17,0.0302119673475598,0.1384307071644853,0.0078260849784888,0.0947644545146492,0.1620607865231403,0.0110709353448304,0.0740954966788701,0.1143034082168562,9.360070046220164e-05,0.1144706048986663,0.1141776169108365,0.0194690213320083,0.0723782153585343,0.108523984644866,0.0055086857488831,0.0868620260430926,0.113555966790704,0.1103424770647965,0.0027016081819806,0.1937776740184156,0.0302119673475597,0.1148893354244709,0.113451343714922,0.0991896824995815,0.1141776169108365,0.0302119673475598,0.0038636349642918,0.0778523110637039,0.0551655448776051,0.1142136991482049,0.092409519849759,0.0302119673475598,0.1173197661154712,0.2344332612530811,0.0027016081819806,0.1147609562128893,0.0055086857488831,0.1105626893287849,0.1078213452939966,0.1149608370331863,0.0183002104021486,0.1672094837819964,0.1035496149602508,0.1140027009927015,0.1141115606954498,0.1084191467791619,0.1131570648058396,0.0302119673475598,0.083642727606794,0.1089314813188643,0.1144640284887561,0.1105258808047417,0.02046868219277,0.021784885948255,0.0826433896124435,0.1118651023121735,0.1141776169108365,0.0750052131663971,0.1065684303330235,0.1268514020559044,0.1140761608868789,0.0658692057784968,3.186837210370996e-07,0.0027016081819806,0.1145924474703845,0.221946938622985,0.072451326952136,0.0001338900209586,0.1144535866619699,0.1136347678946533,0.114959360688512,0.0055086857488831,0.1090099562837305,0.0078260849784888,0.015580044749551,0.0979443628503331,0.0302119673475598,0.0471988042276402,0.1413076918906271,0.1142901541434968,0.1268874994767145,0.1138058518963169,0.2338193550393877,0.1141903512377361,0.0615608812188988,0.0896820258466151,0.1275490099913899,0.1141776169108365,0.0911992685179555,0.1659905769307084,0.1047402374745118,0.1078709042917384,0.1141776169108365,0.1921832132880023,0.0740954966788701,0.1235138248748958,0.0055086857488831,0.0055086857488831,0.1089092677015269,0.1141978946579716
2.18,0.0289573590740606,0.1373233447533619,0.0073407386765769,0.0941232805528966,0.1602366073648193,0.0104406059300813,0.0721789090380043,0.1131787588231713,9.398910558357609e-05,0.1133900049948358,0.1130415306404498,0.0196774263284348,0.0701624709256341,0.1075196262341613,0.0051392177305017,0.0861282112847516,0.1124888137756843,0.1094459467437925,0.0024933256926921,0.1919421282403752,0.0289573590740605,0.1138366172224824,0.1123929352036708,0.0983225597964786,0.1130415306404498,0.0289573590740606,0.0035850805841076,0.0774956111177203,0.0534592124263709,0.1130774843260027,0.0923193767000825,0.0289573590740606,0.1166125590885355,0.2310024885684074,0.0024933256926921,0.1137142383334567,0.0051392177305017,0.1097350353499744,0.1070100270613793,0.1139081982631978,0.0181497560663838,0.1648222821306959,0.1027203040895412,0.112846714125312,0.1130312037312039,0.1073589992939553,0.1114275403039519,0.0289573590740605,0.0829896940878779,0.1086792590332355,0.1133796070901081,0.1100542938941786,0.0206756850574981,0.0207677310237585,0.0820875260594023,0.1108356706280519,0.1130415306404498,0.0746738394338552,0.1053848006301761,0.126087678830726,0.1129301617710721,0.0660403513779477,3.201309258666574e-07,0.0024933256926921,0.1134813941089376,0.2186691161763846,0.0707160706954608,0.0001382754306923,0.1132995263332479,0.1125434071332984,0.113908969756858,0.0051392177305017,0.1080952796113168,0.0073407386765769,0.0147725774440466,0.0959813587408857,0.0289573590740606,0.0470357290344676,0.1389561360662354,0.1131749203770238,0.1247686946688479,0.1127352910510552,0.2291486273476617,0.1131668579744235,0.0619608888978623,0.0891281952793771,0.1266134647531297,0.1130415306404498,0.0882382116574969,0.1652024471122767,0.1020128627828054,0.1070673928624699,0.1130415306404498,0.1909281967301374,0.0721789090380043,0.1214921434093379,0.0051392177305017,0.0051392177305017,0.1079121428690297,0.1130631484981919
2.19,0.027751346827241,0.1362202628852702,0.0068840431395713,0.0934867252409255,0.158426294002832,0.0098443001556961,0.0703074583048357,0.1120651750335543,9.437713650393112e-05,0.1123195904380616,0.1119167486173288,0.0198859699377339,0.0680074024888711,0.1065250982554069,0.0047934203285785,0.0854028267326744,0.1114317259057808,0.1085568799639151,0.0023004715191311,0.1901039717582026,0.027751346827241,0.1127935444940546,0.1113443919991483,0.0974636503703528,0.1119167486173288,0.0277513468272411,0.0033257691020961,0.077140545482263,0.0518164448327047,0.1119525727374047,0.0922254401448707,0.027751346827241,0.1159053863833027,0.2275883977015035,0.0023004715191311,0.1126770504766821,0.0047934203285785,0.1089135770517575,0.1062049827625653,0.112865197978877,0.0180005877865419,0.1624589060575424,0.1018980609697174,0.1117024489523329,0.1119610755363961,0.1063098099190556,0.1097221415206117,0.027751346827241,0.0823417593738789,0.1084230577285436,0.1123054593976718,0.1095824132480215,0.0208825958462853,0.0197951519785998,0.0815363340444428,0.1098158047434259,0.1119167486173288,0.0743439297135598,0.1042126236969927,0.1253260062015049,0.1117956752661686,0.0662077620518359,3.21577935949877e-07,0.0023004715191311,0.1123811132650878,0.2154079713579655,0.0690170899585555,0.0001427744332766,0.1121570853168486,0.1114625505691054,0.1128681763134182,0.0047934203285785,0.1071883497421432,0.0068840431395713,0.0140046010617458,0.0940532637785989,0.0277513468272411,0.0468774391038391,0.1366338377641549,0.1120705689684659,0.1226801072546517,0.1116748008543529,0.2245239513610098,0.11215254017241,0.0623569347425155,0.0885745961333431,0.1256794607344483,0.1119167486173288,0.085358924077271,0.1644076805294282,0.0993463912288799,0.1062698659648013,0.1119167486173289,0.1896638658422549,0.0703074583048357,0.1194990497671499,0.0047934203285785,0.0047934203285785,0.1069236119886418,0.1119396779302709
2.2,0.0265922354432014,0.1351214896689733,0.0064544144679,0.0928547444301159,0.1566299013541824,0.0092803101921671,0.0684802467676431,0.1109625479717655,9.476479348400902e-05,0.1112592656977491,0.1108031583623338,0.0200946287709488,0.0659116560332131,0.1055402937887074,0.0044698649452177,0.0846857433844567,0.11038460704728,0.1076752102226427,0.0021219590139998,0.1882637945871761,0.0265922354432014,0.1117600288865239,0.1103056223599972,0.0966128734278705,0.1108031583623338,0.0265922354432015,0.0030844419657522,0.0767871066693271,0.0502350146399028,0.1108388519361641,0.092127757273567,0.0265922354432014,0.1151982711236139,0.2241920412488058,0.0021219590139998,0.1116493065137779,0.0044698649452177,0.1080982680542954,0.105406160094774,0.111831747925441,0.0178526951108385,0.1601194022634871,0.1010828118098624,0.1105697866164865,0.110901079243849,0.1052714586916815,0.1080405911470023,0.0265922354432014,0.0816988836109817,0.1081629497993498,0.1112414880792985,0.1091102808614496,0.0210893893875152,0.018865366371083,0.0809897673944815,0.1088054123297771,0.1108031583623338,0.074015477537491,0.1030518122854424,0.1245664263752901,0.110672585717157,0.0663714453460544,3.230247513063174e-07,0.0021219590139998,0.1112915004886579,0.2121644936521752,0.0673537953776163,0.0001473890832375,0.1110261472369936,0.1103920962102091,0.1118368926653369,0.0044698649452178,0.1062890979591099,0.0064544144679,0.0132743347805185,0.0921595860230563,0.0265922354432015,0.0467237391369732,0.1343407267566726,0.1109769937286744,0.1206214519772229,0.1106242865703884,0.2199467457936218,0.1111473154478479,0.0627489699847178,0.0880213050120277,0.1247471349137838,0.1108031583623338,0.0825598176910449,0.1636065033127711,0.0967398609920279,0.1054782790620208,0.1108031583623339,0.1883906393008232,0.0684802467676431,0.1175342951592156,0.0044698649452177,0.0044698649452177,0.1059436093948586,0.1108273709124323
2.21,0.0254783788313665,0.1340270538297105,0.0060503484291854,0.0922272947901542,0.1548474791121631,0.0087470051097396,0.0666963881527955,0.1098707698328186,9.51520767843917e-05,0.1102089361254432,0.1097006485155114,0.0203033794955112,0.0638738940835235,0.104565107290909,0.0041672023083864,0.083976834552549,0.1093473620241523,0.1068008717085136,0.0019567731067223,0.1864221740259995,0.0254783788313665,0.1107359828553853,0.1092765353973751,0.0957701489835661,0.1097006485155114,0.0254783788313666,0.0028599170378782,0.0764352872252161,0.0487127528929861,0.109736210594672,0.0920263750048828,0.0254783788313665,0.1144912389871078,0.2208144308302517,0.0019567731067223,0.1106309210701686,0.0041672023083864,0.1072890623249412,0.1046135072745294,0.1108077606562119,0.0177060676749405,0.1578038070680889,0.1002744839949379,0.1094486094656562,0.1098511189048068,0.1042438270339965,0.1063826133969582,0.0254783788313664,0.0810610272629532,0.1078990070966684,0.1101875967249523,0.1086379380105675,0.0212960406654502,0.0179766529932958,0.0804477804338094,0.1078044020748564,0.1097006485155114,0.0736884764662048,0.1019022799110539,0.1238089804311839,0.1095607786309083,0.0665314092910552,3.244713719555357e-07,0.0019567731067223,0.1102124523422628,0.2089396332307908,0.0657256024502502,0.0001521214508881,0.1099065968619914,0.1093319430904741,0.1108150319210142,0.0041672023083864,0.1053974562874654,0.0060503484291854,0.0125800685011529,0.0902998366843878,0.0254783788313666,0.0465744409081386,0.132076722565554,0.1098940895046882,0.1185924416634514,0.1095836543549068,0.2154183393886219,0.1101511021637374,0.0631369471186496,0.0874683968773064,0.1238166221724844,0.1097006485155114,0.0798393023851334,0.1627991390505612,0.094192308735739,0.1046925879469723,0.1097006485155114,0.1871089320741026,0.0666963881527955,0.1155976276604013,0.0041672023083864,0.0041672023083864,0.1049720700666626,0.1097261165162205
2.22,0.0244081791126629,0.1329369846373657,0.0056704170313101,0.0916043337829869,0.153079071880543,0.0082428280236974,0.064955007758129,0.108789733872441,9.553898666550123e-05,0.1091685079470581,0.1086091088249579,0.0205121988399322,0.0618927961912894,0.1035994345737694,0.0038841586058393,0.0832759758200055,0.1083198966072269,0.1059337992922598,0.0018039660225687,0.1845796746683342,0.0244081791126628,0.1097213196569159,0.1082570410666437,0.0949353978517081,0.1086091088249579,0.0244081791126629,0.002651084445301,0.0760850797303844,0.0472475489387191,0.1086445384928149,0.0919213400814462,0.0244081791126629,0.1137843180481658,0.2174565375788309,0.0018039660225687,0.1096218095198121,0.0038841586058393,0.1064859141756409,0.1038269730307803,0.1097931495252172,0.0175606952012223,0.1555121467254313,0.0994730060571338,0.1083388010406716,0.1088110994801675,0.1032267977363956,0.1047479340553939,0.0244081791126628,0.0804281511077646,0.1076313009241418,0.1091436898379866,0.1081654252618326,0.0215025248222283,0.0171273503688157,0.0799103279785276,0.1068126836671836,0.1086091088249579,0.0733629200887067,0.1007639408063838,0.1230537083395573,0.1084601406645028,0.0666876623926492,3.259177979170871e-07,0.0018039660225687,0.1091438663914882,0.2057343014425819,0.0641319315685305,0.0001569736220233,0.1087983200937519,0.1082819912577666,0.1098025079827839,0.0038841586058394,0.1045133574813649,0.0056704170313101,0.0119201606552566,0.0884735302316694,0.0244081791126629,0.0464293629873756,0.1298417348330255,0.1088217521696187,0.1165927874240722,0.1085528112467896,0.210939972772545,0.1091638194227876,0.0635208199000202,0.086915945068688,0.1228880552349021,0.1086091088249579,0.0771957880909222,0.1619858087720516,0.0917027705206266,0.103912748739716,0.108609108824958,0.1858191552774851,0.064955007758129,0.1136887924421315,0.0038841586058393,0.0038841586058393,0.1040089296081862,0.1086358049154407
2.23,0.0233800857380651,0.1318513118371589,0.0053132651993826,0.0909858196377564,0.1513247193055794,0.0077662933023511,0.0632552425696697,0.1077193343966293,9.592552338759978e-05,0.1081378882551698,0.1075284301357949,0.0207210635984288,0.0599670593753602,0.1026431727825467,0.0036195317648912,0.0825830449970984,0.1073021175035297,0.1050739285180511,0.0016626532198362,0.1827368484233228,0.023380085738065,0.1087159533409195,0.1072470501591748,0.0941085416382487,0.1075284301357949,0.023380085738065,0.0024569026124587,0.0757364767992809,0.0458373501204238,0.1075637265069716,0.0918126990646136,0.0233800857380651,0.1130775386266305,0.214119292654332,0.0016626532198362,0.1086218879795263,0.0036195317648912,0.1056887782603535,0.1030465065981377,0.1087878286798582,0.0174165674980276,0.1532444377348099,0.0986783076480943,0.1072402460632055,0.1077809268318108,0.1022202549410009,0.1031362805242194,0.023380085738065,0.0798002162343639,0.1073599020344516,0.1081096728264749,0.1076927824813727,0.0217088171599527,0.0163158552484232,0.0793773653310455,0.1058301677809105,0.1075284301357949,0.073038802022326,0.0996367098783715,0.122300648980985,0.1073705596136764,0.0668402136228722,3.273640292105254e-07,0.0016626532198362,0.108085641195166,0.2025493713254756,0.0625722080579601,0.0001619476976054,0.1077012039573692,0.1072421417624103,0.1087992355396596,0.0036195317648913,0.1036367350108557,0.0053132651993826,0.0112930360393807,0.0866801844956048,0.023380085738065,0.0462883304747052,0.1276356636867696,0.107759878612641,0.1146221988469327,0.1075316651597082,0.2065128003606394,0.1081853870603712,0.0639005433448177,0.0863640213226053,0.1219615646124646,0.1075284301357949,0.074627686744172,0.1611667309323628,0.0892702826738213,0.1031387178851996,0.1075284301357949,0.1845217160357661,0.0632552425696697,0.1118075319980854,0.0036195317648912,0.0036195317648912,0.1030541242301715,0.1075563273752034
2.24,0.0223925945904573,0.1307700655828131,0.0049776075569828,0.0903717113266809,0.1495844562058722,0.0073159838398154,0.0615962413624477,0.1066594667513225,9.63116872107896e-05,0.1071169850013663,0.1064585043792528,0.020929950635486,0.058095398518681,0.1016962203749979,0.0033721878760824,0.0818979220787793,0.1062939323457759,0.1042211955948554,0.0015320095373796,0.1808942345447482,0.0223925945904573,0.1077197987435508,0.1062464742942698,0.0932895027328535,0.1064585043792528,0.0223925945904573,0.002276394475131,0.0753894710801933,0.0444801613759435,0.106493666599097,0.0917004983294479,0.0223925945904573,0.1123709331421284,0.2108035877796324,0.0015320095373796,0.1076310733033237,0.0033721878760824,0.104897609572491,0.1022720577102359,0.1077917130536452,0.0172736744589378,0.1510006871461708,0.0978903195119665,0.1061528304238191,0.1067605077140067,0.1012240841253629,0.1015473818658199,0.0223925945904573,0.0791771840395802,0.107084880625961,0.1070854519946561,0.1072200488441933,0.02191489314286,0.0155406211071218,0.0788488482746425,0.1048567660610375,0.1064585043792528,0.0727161159125909,0.0985205026693026,0.1215498401649016,0.1062919244013752,0.0669890724109155,3.2881006585540244e-07,0.0015320095373796,0.107037676295743,0.1993856781396464,0.0610458622213844,0.000167045793443,0.1066151365907765,0.106212296645834,0.1078051300601467,0.0033721878760824,0.1027675230492674,0.0049776075569828,0.0106971836784209,0.0849193207656684,0.0223925945904573,0.0461511747453797,0.1254584000988296,0.1067083667290772,0.1126803841836335,0.106520124873859,0.2021378923072586,0.1072157256375539,0.0642760737276144,0.085812695791713,0.1210372785516442,0.1064585043792528,0.0721334141341574,0.1603421213988281,0.0868938826159907,0.102370452150942,0.1064585043792528,0.1832170173522168,0.0615962413624477,0.1099535863631257,0.0033721878760824,0.0033721878760824,0.1021075907321986,0.1064875762410822
2.25,0.0214442470725847,0.1296932763721499,0.0046622253116919,0.089761968541844,0.1478583127000619,0.0068905483952867,0.0599771647861262,0.1056100273121667,9.66974783950132e-05,0.1061057069886566,0.1053992245618643,0.0211388368903504,0.0562765467229652,0.1007584771007754,0.0031410577584557,0.0812204892029711,0.105295249682024,0.1033755373879215,0.0014112655447261,0.1790523596684833,0.0214442470725846,0.1067327714801024,0.10525522591119,0.0924782043010124,0.1053992245618643,0.0214442470725847,0.0021086438693636,0.075044055255093,0.0431740447467475,0.1054342518059247,0.091584784059853,0.0214442470725847,0.111664535973837,0.2075102757979363,0.0014112655447261,0.1066492830767559,0.0031410577584557,0.1041123634423775,0.1015035765932097,0.1068047183589999,0.017132006062047,0.1487808928602881,0.0971089734592454,0.1050764411700951,0.1057497497649096,0.1002381720863656,0.0999809688441808,0.0214442470725846,0.0785590162251456,0.1068063063395817,0.1060709345344297,0.1067472628432779,0.0221207283995559,0.0148001566455036,0.0783247330680907,0.1038923911089704,0.1053992245618643,0.0723948554331034,0.0974152353211231,0.1208013186479857,0.1052241250664354,0.0671342486341254,3.302559078712683e-07,0.0014112655447261,0.1059998722097433,0.196244019919993,0.0595523293869703,0.0001722700398619,0.1055400072344673,0.1051923589293905,0.1068201077851206,0.0031410577584557,0.101905656460997,0.0046622253116919,0.0101311547210227,0.0831904638818846,0.0214442470725847,0.0460177332057404,0.1233098262383484,0.1056671154105791,0.1107670505297018,0.1055181000277808,0.1978162364958237,0.1062547564342173,0.0646473685794337,0.0852620370641877,0.1201153229857395,0.1053992245618643,0.0697113916457491,0.1595121934387789,0.0845726096471422,0.1016079086247281,0.1053992245618643,0.1819054579843305,0.0599771647861262,0.1081266933255663,0.0031410577584557,0.0031410577584557,0.1011692664856572,0.1054294449283772
2.26,0.0205336291836948,0.1286209749850607,0.0043659632445597,0.0891565516728546,0.146146314332392,0.0064886990001799,0.058397185436145,0.1045709134743847,9.708289720005362e-05,0.1051039638639402,0.104350484754765,0.021347699381456,0.0545092556231918,0.0998298439812158,0.0029251336638731,0.0805506306096744,0.1043059789654794,0.1025368914103728,0.0012997040869929,0.1772117378578858,0.0205336291836948,0.1057547879380192,0.1042732182612904,0.0916745702762294,0.104350484754765,0.0205336291836949,0.0019527920904611,0.0747002220394807,0.0419171188058022,0.1043853762282747,0.0914656022438686,0.0205336291836948,0.1109583833255343,0.2042401712493925,0.0012997040869929,0.1056764356112678,0.0029251336638731,0.1033329955347264,0.1007410139592832,0.105826761080123,0.0169915523692417,0.1465850439236677,0.0963342023414074,0.1040109664949245,0.1047485614981348,0.0992624069243314,0.0984367739637322,0.0205336291836948,0.0779456747948192,0.10652424825586,0.1050660285169554,0.1062744622985809,0.0223262987253079,0.014093024298261,0.0778049764403391,0.1029369564684127,0.104350484754765,0.0720750142854158,0.0963208245428589,0.1200551201522731,0.1041670527523691,0.0672757526090696,3.317015552776714e-07,0.0012997040869929,0.1049721304183233,0.1931251580465081,0.0580910499594305,0.0001776225813692,0.1044757062212881,0.1041822326033553,0.1058440857207686,0.0029251336638731,0.1010510707896685,0.0043659632445597,0.009593560369403,0.0814931423214133,0.0205336291836949,0.0458878490592632,0.1211898158180572,0.1046360245354062,0.1088819039984473,0.1045255011102496,0.1935487405630191,0.1053024014422484,0.0650143866851922,0.0847121121830178,0.1191958214903857,0.104350484754765,0.0673600478975666,0.1586771577087265,0.0823055056923585,0.1008510447123164,0.104350484754765,0.180587432326117,0.058397185436145,0.1063265886328921,0.0029251336638731,0.0029251336638731,0.1002390894174313,0.104381827911482
2.27,0.0196593705873129,0.1275531924238113,0.0040877268028581,0.0885554217853474,0.1444484821961437,0.0061092084341643,0.056855487911059,0.1035420236427449,9.746794388553418e-05,0.1041116661105336,0.1033121800831002,0.0215565152107812,0.0527922956637732,0.0989102232895131,0.0027234661175532,0.0798882326008718,0.1033260305444454,0.1017051958149198,0.0011966570168493,0.1753728706568122,0.0196593705873129,0.1047857652697936,0.103300365400259,0.0908785253522925,0.1033121800831002,0.019659370587313,0.0018080346167874,0.074357964182233,0.0407075580114862,0.1033469350204664,0.0913429986691145,0.0196593705873129,0.1102525130957777,0.2009940509655798,0.0011966570168493,0.1047124499385654,0.0027234661175533,0.1025594618461383,0.099984321000476,0.1048577584659276,0.0168523035254882,0.1444131208181793,0.0955659400262802,0.1029562957248889,0.1037568522944214,0.0982966780273255,0.0969145315059882,0.0196593705873129,0.0773371220516033,0.1062387748922775,0.1040706428843163,0.1058016843659146,0.0225315800843839,0.0134178387524066,0.0772895355852581,0.1019903766115749,0.1033121800831002,0.071756586198907,0.0952371875809198,0.1193112793830047,0.1031205996962656,0.0674135950826738,3.331470080941583e-07,0.0011966570168493,0.1039543533579172,0.1900298178310889,0.056661469473741,0.0001831055763096,0.1034221249663016,0.103181822616096,0.104876981631598,0.0027234661175533,0.1002037022466528,0.0040877268028581,0.0090830698457162,0.0798268882801046,0.019659370587313,0.0457613710823835,0.1190982344344604,0.1036149949587973,0.1070246498886606,0.1035422394522565,0.1893362339521107,0.1043585833588231,0.0653770880807245,0.0841629866652787,0.1182788952427074,0.1033121800831002,0.0650778202793628,0.1578372222449046,0.080091616008619,0.1000998181351587,0.1033121800831002,0.1792633302968072,0.056855487911059,0.1045530061910406,0.0027234661175532,0.0027234661175532,0.0993169979942765,0.1033446207133672
2.28,0.0188201436724301,0.1264899598556248,0.0038264792951872,0.0879585406002871,0.1427648330549566,0.0057509077708406,0.0553512688567284,0.1025232572216257,9.785261871091888e-05,0.103128725040755,0.1022842067155374,0.0217652615681346,0.0511244563381814,0.0979995185312621,0.0025351608917981,0.0792331835012146,0.1023553156524244,0.1008803893856882,0.0011015021058217,0.1735362471499125,0.01882014367243,0.1038256213860439,0.1023365821804539,0.0900899949756201,0.1022842067155374,0.0188201436724301,0.001673617993017,0.0740172744654492,0.0395435919944632,0.1023188243798401,0.0912170189183889,0.0188201436724301,0.1095469647530582,0.1977726546803875,0.0011015021058217,0.1037572458049974,0.0025351608917982,0.1017917187026155,0.0992334493824129,0.103897628523037,0.0167142497581249,0.1422650957454119,0.0948041213741565,0.1019123193087641,0.1027745323933703,0.0973408760556546,0.0954139775640524,0.01882014367243,0.0767333205950405,0.10594995420076,0.1030846874412731,0.1053289655457324,0.0227365486124281,0.0127732654775472,0.0767783681564434,0.1010525669256998,0.1022842067155374,0.0714395649306594,0.0941642421920731,0.1185698300462103,0.1020846592178062,0.0675477872234282,3.345922663402741e-07,0.0011015021058217,0.1029464444109746,0.1869586891193813,0.0552630386506527,0.0001887211965147,0.1023791559567223,0.1021910348634059,0.1039187140335069,0.0025351608917982,0.0993634876999363,0.0038264792951872,0.0085984083968113,0.0781912377491833,0.0188201436724301,0.0456381534097097,0.117034939901655,0.1026039285034383,0.1051949928462963,0.1025682272190586,0.1851794699904584,0.1034232255797538,0.0657354340494019,0.0836147245213841,0.1173646629840257,0.1022842067155374,0.0628631563918061,0.1569925924551333,0.0779299898538424,0.0993541869281306,0.1022842067155374,0.1779335372358466,0.0553512688567284,0.1028056782573607,0.0025351608917981,0.0025351608917981,0.0984029312078601,0.1023177198951563
2.29,0.0180146626102418,0.1254313085574986,0.0035812391877543,0.0873658704740488,0.1410953794620511,0.0054126839935297,0.0538837369979982,0.1015145146051835,9.823692193551224e-05,0.1021550527885656,0.1012664618538834,0.0219739157353696,0.0495045463937778,0.097097634425372,0.0023593761097007,0.0785853736194779,0.1013937463983554,0.1000624115301529,0.0010136601273265,0.1717023440298934,0.0180146626102418,0.1028742749486379,0.1013817842433376,0.0893089053376859,0.1012664618538834,0.0180146626102419,0.0015488368674139,0.0736781457042995,0.0384235047840959,0.1013009415363838,0.0910877083654129,0.0180146626102418,0.1088417792157835,0.194576685655859,0.0010136601273265,0.1028107436659496,0.0023593761097007,0.1010297227570968,0.098488351238248,0.1029462900088469,0.0165773813761609,0.1401409329057621,0.0940486822146048,0.1008789288061532,0.1018015128852706,0.0963948929265596,0.0939348500750609,0.0180146626102418,0.0761342333185829,0.105657853565389,0.1021080728470912,0.1048563416918083,0.0229411806188648,0.0121580192703469,0.0762714322620791,0.1001234436998879,0.1012664618538834,0.0711239442653369,0.0931019066188943,0.1178308048660345,0.1010591257083857,0.0676783406126654,3.360373300355617e-07,0.0010136601273265,0.1019483078967878,0.1839124269062879,0.0538952134533669,0.0001944716269456,0.1013466927419212,0.1012097761779985,0.1029692021869189,0.0023593761097007,0.0985303646633208,0.0035812391877543,0.0081383553389813,0.0765857305872167,0.0180146626102419,0.0455180553282419,0.1149997825787445,0.1016027279500224,0.1033926370202947,0.1016033774023129,0.1810791279865236,0.1024962521929212,0.066089387118354,0.0830673882743066,0.1164532409860327,0.1012664618538834,0.0607145153918376,0.1561434711119672,0.0758196811192887,0.0986141094372778,0.1012664618538834,0.1765984338040396,0.0538837369979982,0.1010843356273594,0.0023593761097007,0.0023593761097007,0.097496828560443,0.1013010230458055
2.3000000000000003,0.017241682408425,0.1243772698632052,0.0033510775004267,0.0867773743792404,0.1394401298773702,0.0050934776813968,0.0524521131584816,0.1005156971676112,9.862085381845954e-05,0.1011905623022712,0.1002588437228037,0.0221824550905282,0.0479313940035349,0.0962044768853373,0.0021953194754766,0.0779446952107664,0.1004412357569997,0.0992512022712032,0.0009325921039298,0.1698716256714298,0.017241682408425,0.1019316453638129,0.1004358880120058,0.0885351833675196,0.1002588437228037,0.017241682408425,0.0014330311776837,0.0733405707468728,0.0373456339806341,0.1002931847424512,0.090955112170719,0.017241682408425,0.1081369987369432,0.1914068113216165,0.0009325921039298,0.1018728646802586,0.0021953194754766,0.1002734309870099,0.0977489791626862,0.1020036624246504,0.0164416887695802,0.1380405887722637,0.0932995593239581,0.0998560168762134,0.1008377057029972,0.0954586217990986,0.092476888850629,0.017241682408425,0.0755398234070267,0.1053625398003127,0.1011407106074359,0.1043838480198137,0.0231454525893229,0.0115708628151174,0.0757686864598594,0.0992029241122158,0.1002588437228037,0.0708097180150626,0.0920500995675102,0.1170942356018075,0.1000438946203458,0.0678052672359096,3.374821991995627e-07,0.0009325921039298,0.1009598490624067,0.1808916519638262,0.052557455144787,0.0002003590653282,0.1003246299235033,0.1002379543191632,0.1020283660899799,0.0021953194754766,0.0977042712859428,0.0033510775004267,0.0077017421440596,0.075009910587516,0.017241682408425,0.0454009410802316,0.1129926056908135,0.1006112970279,0.1016172862126851,0.1006476038122792,0.1770358153418473,0.1015775879717765,0.0664389110543042,0.0825210389787601,0.1155447430203436,0.1002588437228037,0.0586303692467703,0.1552900583470899,0.0737597489264363,0.097879544317571,0.1002588437228037,0.1752583958907126,0.0524521131584816,0.0993887078153532,0.0021953194754766,0.0021953194754766,0.0965986300511794,0.1002944287719017
2.31,0.016499997964806,0.1233278751124295,0.0031351153009647,0.0861930158862425,0.1377990887826485,0.0047922807659043,0.0510556302690455,0.099526707253496,9.9004414618747e-05,0.1002351673372785,0.0992612515596456,0.0223908571119106,0.0464038469062961,0.0953199530008583,0.0020422456279459,0.0773110424394582,0.0994976975594551,0.0984467022393035,0.0008577967114668,0.1680445442114182,0.016499997964806,0.100997652775442,0.0994988106838049,0.0877687567242833,0.0992612515596456,0.0164999979648061,0.0013255834799381,0.0730045424740267,0.0363083698790886,0.0992954532626028,0.0908192752776827,0.016499997964806,0.1074326667933172,0.1882636639265295,0.0008577967114668,0.1009435307046422,0.0020422456279459,0.0995228006918425,0.0970152862061136,0.1010696660088275,0.0163071624086523,0.1359640123591728,0.0925566904034779,0.0988434772665219,0.0998830236139961,0.0945319570592187,0.0910398356053703,0.016499997964806,0.074950054334004,0.1050640791478488,0.1001825130663688,0.1039115191157942,0.0233493411880727,0.0110106052622838,0.0752700897519675,0.0982909262171415,0.0992612515596456,0.0704968800192978,0.0910087401874656,0.1163601530648622,0.0990388624563173,0.0679285794742994,3.389268738518167e-07,0.0008577967114668,0.0999809740736436,0.1778969514800501,0.0512492303448195,0.0002063857217813,0.09931286314546,0.0992754779625759,0.1010961264718181,0.0020422456279459,0.0968851463421028,0.0031351153009647,0.0072874505680047,0.0734633255411178,0.0164999979648061,0.0452866796743244,0.1110132456434346,0.0996295404058231,0.0998686440231135,0.0997008210701065,0.1730500696737056,0.1006671583689174,0.0667839708590278,0.0819757362403386,0.1146392803313374,0.0992612515596456,0.0566092039002947,0.1544325516469207,0.0717492581894529,0.0971504505306778,0.0992612515596456,0.1739137945267689,0.0510556302690455,0.0977185232291379,0.0020422456279459,0.0020422456279459,0.0957082761630119,0.0992978366875404
2.32,0.0157884431221403,0.1222831556019926,0.0029325212956735,0.0856127591454345,0.1361722567944323,0.0045081343573863,0.0496935333655704,0.0985474481682735,9.938760459520164e-05,0.0992887824489082,0.0982735856043615,0.0225990993820729,0.0449207725171635,0.0944439710198057,0.001899453613597,0.0766843113428711,0.0985630464838099,0.0976488526647767,0.0007888078328093,0.1662215396352702,0.0157884431221403,0.1000722180582996,0.0985704702230408,0.0870095537899235,0.0982735856043615,0.0157884431221403,0.0012259164153277,0.0726700537992366,0.0353101545503754,0.0983076473635238,0.090680242408692,0.0157884431221403,0.1067288279790864,0.1851478412013218,0.0007888078328093,0.1000226642881455,0.001899453613597,0.0987777894907309,0.0962872258688271,0.1001442217300949,0.0161737928432481,0.1339111454853243,0.0918200140581412,0.097841204802024,0.098937380212341,0.0936147943050124,0.0896234339835506,0.0157884431221403,0.0743648898595278,0.1047625372767762,0.0992333933983889,0.1034393889445456,0.0235528232604683,0.0104761008263017,0.0747756015801114,0.0973873689331838,0.0982735856043615,0.0701854241447212,0.0899777480535538,0.1156285871351043,0.0980439267586654,0.0680482900960837,3.4037135401186165e-07,0.0007888078328093,0.0990115900061627,0.1749288797078024,0.0499700110872423,0.0002125538184386,0.0983112890843881,0.0983222566902518,0.1001724047858645,0.001899453613597,0.0960729292213858,0.0029325212956735,0.0068944108229008,0.0719455272954854,0.0157884431221403,0.0451751447046457,0.1090615323306901,0.0986573636827783,0.0981464139879366,0.0987629446001853,0.1691223609443296,0.0997648895097378,0.0671245327644428,0.081431538234603,0.1137369616121951,0.0982735856043615,0.0546495203535299,0.1535711458493962,0.0697872801443536,0.0964267873427438,0.0982735856043615,0.1725649958034978,0.0496935333655704,0.09607350933879,0.001899453613597,0.001899453613597,0.0948257078501384,0.0983111474043195
2.33,0.0151058897255998,0.121243142539117,0.002742509514565,0.0850365688700799,0.1345596307750657,0.0042401266413451,0.0483650795765457,0.0975778241687744,9.977042400649146e-05,0.0983513229852648,0.0972957470895327,0.022807159591751,0.0434810580095595,0.0935764403305212,0.0017662844755959,0.0760643997956381,0.0976371980459258,0.096857595370197,0.0007251922542401,0.1644030398689522,0.0151058897255998,0.0991552628113756,0.0976507853537716,0.0862575036618963,0.0972957470895327,0.0151058897255998,0.0011334903089407,0.0723370976684468,0.0343494808850043,0.0973296683040652,0.0905380580614544,0.0151058897255998,0.1060255279037143,0.1820599070308779,0.0007251922542401,0.099110188666612,0.0017662844755959,0.0980383553200679,0.0955647520953597,0.0992272512808192,0.0160415707021617,0.1318819230322833,0.091089469776061,0.0968490953741302,0.0980006899108709,0.0927070303321585,0.0882274295839403,0.0151058897255998,0.0737842940275839,0.1044579792808096,0.0982932656005791,0.102967490857891,0.0237558758353892,0.0099662474044311,0.0742851818206171,0.0964921720308696,0.0972957470895327,0.0698753442851084,0.0889570431494652,0.1148995667773351,0.0970589860990466,0.0681644122481916,3.418156396992338e-07,0.0007251922542401,0.0980516048366596,0.171987958622109,0.0487192748757052,0.0002188655890638,0.0973198054397874,0.0973782009806578,0.0992571232032352,0.001766284475596,0.095267559919068,0.002742509514565,0.0065215997931186,0.0704560718090692,0.0151058897255998,0.0450662141774985,0.107137289436699,0.0976946733789099,0.0964502997140209,0.0978338906225804,0.16525309359279,0.0988707081861417,0.0674605642273437,0.0808885017261116,0.1128378929840473,0.0972957470895327,0.0527498356642429,0.152706033141891,0.067872892845934,0.0957085143221888,0.0972957470895327,0.1712123607970066,0.0483650795765457,0.0944533928397176,0.0017662844755959,0.0017662844755959,0.0939508665260326,0.0973342625214253
2.34,0.0144512466844428,0.1202078669966835,0.0025643370889974,0.0844644103198493,0.1329612039416583,0.0039873908439074,0.0470695381010343,0.0966177404538559,0.0001001528731111,0.0974227050801649,0.096327638230493,0.0230150155437101,0.0420836103704571,0.0927172714444462,0.0016421189550574,0.0754512074747769,0.0967200685903486,0.0960728727628868,0.0006665474975758,0.1625894608764796,0.0144512466844427,0.0982467093513532,0.0967396755526861,0.0855125361459668,0.096327638230493,0.0144512466844428,0.0010478008956216,0.0720056670599215,0.0334248916042818,0.0963614183253675,0.0903927665054357,0.0144512466844428,0.105322813093966,0.1790003921350308,0.0006665474975758,0.0982060277571697,0.0016421189550574,0.0973044564311272,0.094847819268907,0.0983186770703912,0.0159104866924381,0.1298762731973152,0.090364997908503,0.0958670459298881,0.0970728679333995,0.0918085631195444,0.086851569982926,0.0144512466844427,0.0732082311637663,0.1041504696772526,0.0973620444848027,0.1024958576028608,0.0239584761276759,0.0094799852176176,0.073798790779576,0.0956052561209425,0.096327638230493,0.0695666343612124,0.087946545853115,0.1141731200573363,0.0960839400680664,0.0682769594478775,3.432597309334674e-07,0.0006665474975758,0.0971009274341228,0.169074678585059,0.0474965047384712,0.0002253232786592,0.0963383109244265,0.0964432221989577,0.0983502046061735,0.0016421189550574,0.0944689790267962,0.0025643370889974,0.0061680392961985,0.0689945192018582,0.0144512466844428,0.0449597703453544,0.1052403347306488,0.0967413769265307,0.0947800050073813,0.0969135761455317,0.1614426086658302,0.0979845418503346,0.0677920339237869,0.0803466820873877,0.1119421779781384,0.096327638230493,0.0509086838673233,0.1518374030602465,0.0660051816335516,0.0949955913375161,0.096327638230493,0.1698562454981478,0.0470695381010343,0.0928578998100747,0.0016421189550574,0.0016421189550574,0.0930836940519956,0.0963670846158225
2.35,0.0138234590392266,0.1191773598704338,0.0023973021196528,0.0838962492849507,0.1313769659730529,0.0037491032657225,0.0458061901775266,0.0956671031551436,0.0001005349521674,0.0965028456461167,0.0953691622155496,0.0232226451565204,0.0407273564302242,0.0918663759790714,0.0015263753008637,0.0748446358254407,0.0958115752813469,0.0952946278275366,0.000612499781377,0.1607812067625892,0.0138234590392266,0.0973464807059949,0.0958370610420614,0.084774581749081,0.0953691622155496,0.0138234590392266,0.0009683771674417,0.0716757549840966,0.0325349782436989,0.0954028006410947,0.0902444117784303,0.0138234590392266,0.1046207308999374,0.1759697947566688,0.000612499781377,0.0973101061527439,0.0015263753008637,0.0965760513877068,0.0941363822058444,0.0974184222186594,0.015780531598706,0.1278941177412008,0.0896465396504764,0.0948949544612871,0.0961538303070089,0.0909192918150658,0.0854956047559407,0.0138234590392265,0.0726366658729511,0.1038400724058248,0.0964396456699897,0.1020245213297755,0.0241606015405523,0.0090162954745826,0.0733163891880483,0.094726542642821,0.0953691622155496,0.0692592883206445,0.0869461769235221,0.1134492741577105,0.0951186892650426,0.0683859455744417,3.447036277340955e-07,0.000612499781377,0.0961594675511816,0.1661894990170677,0.0463011892815481,0.0002319291430676,0.0953667052547853,0.0955172325874025,0.0974515725815527,0.0015263753008637,0.0936771277235266,0.0023973021196528,0.0058327943888567,0.0675604338020535,0.0138234590392266,0.0448556995478317,0.1033704803553307,0.0957973826612217,0.0931352339967948,0.0960019189580302,0.1576911859441383,0.0971063186086757,0.0681189117431376,0.0798061333178174,0.1110499175209181,0.0953691622155496,0.0491246168195709,0.1509654424888692,0.0641832395668062,0.0942879785551335,0.0953691622155496,0.1684970007478,0.0458061901775266,0.0912867558626512,0.0015263753008637,0.0015263753008637,0.0922241327262181,0.095409517232531
2.36,0.0132215070358177,0.1181516518380712,0.0022407416326261,0.083332052070848,0.1298069031148143,0.0035244813834533,0.0445743290441858,0.0947258193278517,0.0001009166614336,0.0955916623673597,0.0944202231963023,0.0234300264682583,0.0394112428684833,0.0910236666412026,0.0014185071843095,0.0742445880273366,0.0949116360940726,0.0945228041189192,0.0005627021047849,0.1589786698803096,0.0132215070358177,0.0964545006076901,0.0949428627828025,0.0840435716723095,0.0944202231963023,0.0132215070358178,0.0008947793376392,0.0713473544834327,0.0316783801128954,0.0944537194277516,0.0900930376832607,0.0132215070358177,0.1039193294049704,0.1729685813560479,0.0005627021047849,0.096422349116588,0.0014185071843096,0.0958530990637891,0.0934303961503389,0.0965264105494257,0.0156516962825168,0.1259353722309302,0.0889340370218983,0.0939327199946588,0.0952434938544072,0.0900391167216042,0.0841592854972694,0.0132215070358177,0.072069563037008,0.1035268508276581,0.0955259855744863,0.101553513600233,0.0243622296680313,0.0085741990600866,0.072837938197321,0.0938559538533051,0.0944202231963023,0.0689533001377553,0.0859558574891226,0.1127280553934923,0.0941631352878723,0.0684913848610266,3.461473301206486e-07,0.0005627021047849,0.0952271358155375,0.1633328490734573,0.0451328227398978,0.0002386854485683,0.094404889141567,0.0946001452558542,0.0965611514144375,0.0014185071843096,0.0928919477667182,0.0022407416326261,0.0055149717183668,0.066153384188989,0.0132215070358178,0.0447538920593665,0.1015275331091977,0.0948625998130178,0.0915156912525196,0.0950988376224621,0.1539990460607342,0.0962359672155987,0.0684411687817885,0.0792669080624748,0.1101612099219703,0.0944202231963023,0.0473962049718112,0.1500903356618695,0.0624061678321647,0.0935856364371889,0.0944202231963023,0.1671349721773812,0.0445743290441858,0.0897396862913584,0.0014185071843096,0.0014185071843095,0.0913721252733364,0.094461464875018
2.37,0.0126444052073458,0.1171307733202136,0.0020940296213278,0.0827717854835425,0.1282509982822547,0.0033127820178896,0.0433732598909662,0.0937937969416822,0.0001012980011678,0.0946890736929562,0.0934807262780584,0.0236371376401326,0.038134236197336,0.0901890572105332,0.0013180017148527,0.0736509689617991,0.0940201698058439,0.0937573457547184,0.0005168324477368,0.1571822309431633,0.0126444052073458,0.0955706934870656,0.0940570024675579,0.083319437803862,0.0934807262780584,0.0126444052073458,0.0008265969159522,0.071020458632268,0.0308537832363114,0.0935140798151109,0.0899386877846008,0.0126444052073458,0.1032186573393316,0.1699971873102166,0.0005168324477368,0.0955426825768409,0.0013180017148527,0.095135558641219,0.0927298167690512,0.0956425665839993,0.015523971681689,0.1239999462773063,0.0882274328492959,0.092980242580202,0.0943417761863684,0.0891679392831784,0.0828423658382868,0.0126444052073458,0.0715068878125437,0.1032108677244574,0.094620981408488,0.1010828653950012,0.0245633382972988,0.0081527552481997,0.072363399374219,0.0929934128155163,0.0934807262780584,0.0686486638135169,0.0849755090374026,0.1120094892275223,0.0932171807229983,0.0685932918864897,3.4759083811265626e-07,0.0005168324477368,0.0943038437214791,0.1605051283253274,0.043990905026448,0.0002455944714669,0.093452764280287,0.0936918741724503,0.0956788660817049,0.0013180017148527,0.0921133814837666,0.0020940296213278,0.0052137179194265,0.0647729432324228,0.0126444052073458,0.0446542419432897,0.0997112947219556,0.0939369384976796,0.0899210819002487,0.0942042514673252,0.150366352608328,0.0953734170676008,0.0687587773365582,0.0787290576308668,0.1092761508646879,0.0934807262780584,0.0457220380713108,0.1492122641652057,0.060673076121548,0.092888525739419,0.0934807262780584,0.1657705001544564,0.0433732598909662,0.0882164162124193,0.0013180017148527,0.0013180017148527,0.0905276148344617,0.0935228329956622
2.38,0.0120912014651538,0.1161147544431527,0.0019565751718453,0.0822154168153958,0.1267092311615173,0.0031132995676073,0.0422022998040699,0.0928709448718496,0.0001016789716277,0.0937949988299402,0.0925505775103432,0.023843956960036,0.0368953227232609,0.0893624625235189,0.0012243775532711,0.0730636851795041,0.0931370959875441,0.0929981974084646,0.0004745920815249,0.1553922591417417,0.0120912014651538,0.0946949844665565,0.0931794025139114,0.0826021127121737,0.0925505775103432,0.0120912014651538,0.0007634468903778,0.0706950605366722,0.0300599192783715,0.0925837878767267,0.0897814054059232,0.0120912014651538,0.102518763997537,0.1670560176165333,0.0004745920815249,0.0946710331211077,0.0012243775532711,0.0944233896073995,0.0920346001459262,0.0947668155348098,0.0153973488096577,0.1220877437674965,0.0875266707480416,0.092037423281583,0.0934485956942403,0.0883056620712676,0.0815446014641816,0.0120912014651537,0.0709486056286773,0.1028921852978223,0.0937245511665296,0.1006126071218177,0.0247639054110704,0.0077510604412913,0.0718927346964698,0.0921388433880711,0.0925505775103432,0.0683453733754053,0.0840050534057523,0.1112936002855956,0.0922807291354774,0.068691681567354,3.490341517296459e-07,0.0004745920815249,0.0933895036214794,0.15770670744374,0.0428749417786631,0.0002526584976787,0.0925102333419301,0.0927923341543885,0.0948046422457229,0.0012243775532712,0.0913413717636708,0.0019565751718453,0.0049282180564978,0.0634186881283187,0.0120912014651538,0.0445566469120397,0.0979215621237155,0.0930203097080513,0.0883511117304256,0.0933180805800144,0.1467932142327118,0.0945185981972898,0.0690717108977802,0.0781926320155945,0.1083948333996044,0.0925505775103432,0.0441007257974191,0.1483314069398024,0.0589830829838902,0.0921966075090108,0.0925505775103433,0.1644039197333094,0.0422022998040699,0.0867166707003799,0.0012243775532711,0.0012243775532711,0.0896905449576645,0.0925935279863336
2.39,0.0115609761997008,0.1151036250033735,0.0018278206693671,0.0816629138314738,0.1251815783087352,0.0029253643070058,0.0410607777031911,0.0919571728901516,0.0001020595730711,0.0929093577365199,0.0916296838775048,0.0240504628460223,0.0356935084889392,0.0885437984575465,0.0011371831185586,0.0724826448688125,0.0922623349951398,0.0922453043025714,0.0004357039838827,0.1536091122643905,0.0115609761997008,0.0938272993541479,0.0923099860576482,0.0818915296390599,0.0916296838775048,0.0115609761997008,0.0007049720105124,0.0703711533343014,0.0292955644567937,0.0916627506205509,0.089621233626566,0.0115609761997008,0.1018196991592062,0.1641454475992693,0.0004357039838827,0.0938073279910638,0.0011371831185586,0.0937165517530042,0.0913447027770699,0.093899083299079,0.0152718187548304,0.1201986630925705,0.0868316951050969,0.0911041641656788,0.0925638715425296,0.0874521887713046,0.0802657501292185,0.0115609761997008,0.0703946821848433,0.1025708651687243,0.0928366136200609,0.1001427686230961,0.0249639091899193,0.0073682469353365,0.0714259065481209,0.0912921702144772,0.0916296838775048,0.0680434228772829,0.0830444127734415,0.1105804123713828,0.0913536850591518,0.0687865691498352,3.504772709911432e-07,0.0004357039838827,0.0924840287178726,0.1549379288862688,0.0417844444024638,0.0002598798223067,0.0915771999636872,0.0919014408588472,0.0939384062480869,0.0011371831185586,0.0905758620489239,0.0018278206693671,0.0046576941114895,0.0620902004312325,0.0115609761997008,0.0444610081932455,0.0961581277077361,0.0921126253055011,0.0868054873030454,0.0924402457996747,0.1432796867093946,0.0936714412675028,0.0693799441420902,0.0776576799109246,0.1075173479402934,0.0916296838775048,0.0425308983333073,0.1474479402856113,0.0573353161506526,0.0915098430824764,0.0916296838775048,0.1630355606103545,0.0410607777031911,0.0852401749190556,0.0011371831185586,0.0011371831185586,0.0888608595888978,0.0916734571690536
2.4,0.011052841392288,0.1140974144337895,0.0017072400832429,0.0811142447563905,0.12366801324729,0.0027483407474748,0.0399480342719814,0.0910523916561603,0.0001024398057556,0.0920320711153338,0.0907179532894125,0.0242566338497079,0.0345278191962281,0.0877329819153926,0.0010559948849311,0.0719077578247311,0.091395807961312,0.0914986122014817,0.0003999113530031,0.1518331368217645,0.011052841392288,0.0929675646370804,0.0914486769460932,0.0811876224929408,0.0907179532894125,0.011052841392288,0.0006508391677571,0.0700487301942535,0.028559538447365,0.0907508759796315,0.0894582152789199,0.011052841392288,0.1011215130133353,0.1612658236183554,0.0003999113530031,0.0929514950770873,0.0010559948849311,0.0930150051697069,0.0906600815657135,0.0930392964525509,0.0151473726799474,0.118332597370066,0.0861424510622489,0.0901803682923911,0.0916875236615512,0.0866074241693373,0.0790055716705923,0.011052841392288,0.0698450834486231,0.1022469683771359,0.0919570883100844,0.0996733791835414,0.0251633280145688,0.0070034817120346,0.0709628777150091,0.0904533187127484,0.0907179532894125,0.0677428063992823,0.0820935096546295,0.109869948481129,0.0904359539869114,0.0688779702019473,3.519201959166721e-07,0.0003999113530031,0.0915873330546145,0.1521991075850196,0.0407189301133129,0.0002672607492132,0.09065356873976,0.0910191107740287,0.0930800851034142,0.0010559948849311,0.0898167963276201,0.0017072400832429,0.0044014035165473,0.0607870660834184,0.011052841392288,0.0443672304014293,0.0944207795867879,0.0912137980114468,0.0852839160480636,0.0915706687101255,0.1398257750009021,0.0928318775654776,0.0696834529249224,0.0771242487312682,0.1066437822617464,0.0907179532894125,0.0410112068766263,0.1465620378665837,0.0557289128362641,0.0908281940835421,0.0907179532894125,0.1616657470842504,0.0399480342719814,0.0837866542475224,0.0010559948849311,0.0010559948849311,0.0880385030633416,0.0907625287867538
2.41,0.0105659397383906,0.1130961517716482,0.0015943373282343,0.0805693782616335,0.1221685065631849,0.002581626060373,0.0388634218821496,0.0901565127084784,0.0001028196699386,0.0911630604067628,0.0898152945722476,0.0244624486595985,0.0333973001114469,0.0869299308099647,0.0009804157653711,0.0713389354184771,0.0905374367871959,0.0907580674049092,0.0003669762151092,0.1500646681750057,0.0105659397383906,0.0921157074757017,0.0905953997315188,0.0804903258421337,0.0898152945722476,0.0105659397383907,0.0006007378678059,0.0697277843169235,0.0278507032832914,0.0898480728029112,0.0892923929457267,0.0105659397383906,0.100424256085877,0.1584174637793509,0.0003669762151092,0.0921034629129151,0.0009804157653711,0.0923187102479286,0.0899806938172587,0.0921873822432786,0.0150240018214477,0.1164894346616254,0.0854588844998295,0.0892659397045876,0.0908194727401579,0.0857712741388545,0.0777638280209203,0.0105659397383906,0.0692997756536004,0.1019205553818081,0.0910858955398616,0.0992044675376754,0.0253621404681491,0.0066559652581298,0.0705036113802809,0.0896222150652275,0.0898152945722476,0.0674435180476902,0.081152266892325,0.1091622308181312,0.0895274423610648,0.0689659006056863,3.533629265257551e-07,0.0003669762151092,0.0906993315091202,0.1494905316352522,0.0396779219743143,0.0002748035905865,0.0897392452122411,0.090145261210322,0.0922296064931936,0.0009804157653711,0.0890641191257664,0.0015943373282343,0.004158637731621,0.0595088754407628,0.0105659397383907,0.0442752214150843,0.0927093018431818,0.0903237413989635,0.0837861063615324,0.0907092716328466,0.1364314352923053,0.0919998389970944,0.0699822142727229,0.0765923846295614,0.1057742215011401,0.0898152945722476,0.0395403240918448,0.1456738707165243,0.054163020014435,0.0901516224210502,0.0898152945722476,0.1602947980205923,0.0388634218821496,0.0823558344012681,0.0009804157653711,0.0009804157653711,0.0872234200971526,0.0898606519941257
2.42,0.0100994437833044,0.1120998656280651,0.0014886446995048,0.0800282834533515,0.1206830259985577,0.0024246485604433,0.0378063045115987,0.0892694484560969,0.0001031991658773,0.0903022477822942,0.0889216174593863,0.0246678861043422,0.0323010159541053,0.0861345640493179,0.0009100735781943,0.0707760905676356,0.0896871441342364,0.0900236167411898,0.0003366781204227,0.1483040306673089,0.0100994437833044,0.0912716556972893,0.0897500796646246,0.0797995749082143,0.0889216174593863,0.0100994437833044,0.0005543787909742,0.0694083089338606,0.0271679622520043,0.0889542508461207,0.0891238089574966,0.0100994437833044,0.0997279791705233,0.1556006586437689,0.0003366781204227,0.0912631606703266,0.0009100735781943,0.0916276276746011,0.0893064972344052,0.0913432685854683,0.0149016974888411,0.1146690581857502,0.0847809420209037,0.0883607834181311,0.089959640218532,0.0849436456277765,0.0765402832194245,0.0100994437833044,0.0687587252972414,0.10159168606019,0.0902229563676941,0.0987360618772715,0.0255603253384123,0.0063249304122394,0.0700480711199644,0.0887987862086184,0.0889216174593863,0.0671455519548316,0.0802206076532208,0.108457280807003,0.0886280575637962,0.0690503765492925,3.548054628379124e-07,0.0003366781204227,0.0898199397841837,0.1468124629837853,0.0386609489311943,0.000282510666501,0.0888341358620667,0.0892798102915894,0.0913868987596933,0.0009100735781943,0.0883177754997961,0.0014886446995048,0.0039287208663916,0.0582552232956556,0.0100994437833044,0.0441848922588956,0.0910234747725074,0.0894423698844731,0.0823117676975822,0.0898559776200382,0.1330965770027287,0.0911752580811697,0.0702762063748888,0.076062132515544,0.1049087481609081,0.0889216174593863,0.0381169445069692,0.1447836072457975,0.052636794671278,0.0894800902868744,0.0889216174593863,0.15892302682106,0.0378063045115987,0.0809474415486113,0.0009100735781943,0.0009100735781943,0.0864155557796023,0.0889677368485589
2.43,0.0096525550707363,0.1111085841591392,0.0013897213788963,0.0794909298605854,0.1192115365433506,0.0022768662482387,0.0367760576569831,0.0883911121698309,0.0001035782938287,0.0894495561379408,0.0880368325823725,0.0248729251559059,0.0312380507701555,0.0853468015219443,0.0008446195931935,0.0702191377068987,0.0888448534161445,0.0892952075607263,0.0003088129225887,0.1465515377586476,0.0096525550707363,0.0904353377899643,0.0889126426880811,0.0791153055594434,0.0880368325823725,0.0096525550707363,0.0005114924360656,0.0690902973076256,0.026510258792086,0.0880693207627504,0.0889525053900301,0.0096525550707363,0.0990327332625855,0.1528156719389257,0.0003088129225887,0.0904305181538573,0.0008446195931935,0.0909417184309472,0.0886374499123596,0.0905068840533795,0.0147804510640842,0.1128713465257191,0.0841085709358954,0.0874648054120149,0.0891079482810511,0.0841244466456059,0.0753347034218487,0.0096525550707363,0.0682218991387978,0.1012604197084898,0.0893681925997712,0.0982681898587021,0.0257578616199059,0.006009641239404,0.0695962208985903,0.0879829598242132,0.0880368325823725,0.0668489022789552,0.0792984554233285,0.1077551191077214,0.0877377079077251,0.0691314145195917,3.5624780487266306e-07,0.0003088129225887,0.0889490743999717,0.1441651381163956,0.0376675458440617,0.0002903843044735,0.087938148100044,0.0884226769465664,0.0905518908999223,0.0008446195931935,0.087577711029273,0.0013897213788963,0.0037110083460634,0.0570257088969002,0.0096525550707363,0.0440961569908794,0.089363075121124,0.0885695987195151,0.080860610656363,0.08901071044774,0.1298210647707406,0.0903580679438165,0.0705654085754438,0.0755335360739321,0.1040474421140265,0.0880368325823725,0.0367397848572893,0.1438914132488547,0.0511494040361404,0.0888135601538483,0.0880368325823725,0.1575507413968811,0.0367760576569831,0.0795612024225018,0.0008446195931935,0.0008446195931935,0.0856148555655897,0.0880836943011745
2.44,0.009224503304901,0.1101223350386104,0.0012971520100511,0.0789572874239284,0.1177540005251617,0.0021377654100973,0.0357720682410589,0.0875214179738326,0.0001039570540499,0.0886049090877122,0.0871608514619813,0.0250775449326789,0.0302075077908108,0.0845665640823264,0.0007837271539855,0.0696679927593732,0.0880104887909641,0.088572787729536,0.0002831916368313,0.1448074921634349,0.009224503304901,0.0896066828966859,0.0880830154301439,0.0784374543042614,0.0871608514619813,0.009224503304901,0.0004718278436221,0.0687737427316484,0.0258765753927726,0.0871931940951249,0.0887785240620542,0.009224503304901,0.0983385694958719,0.1500627412665172,0.0002831916368313,0.0896054657955363,0.0007837271539855,0.0902609437902779,0.08797351033412,0.0896781578752817,0.0146602540009632,0.1110961738327209,0.0834417192476616,0.0865779126185958,0.0882643198492192,0.0833135862507386,0.0741468569091571,0.009224503304901,0.0676892641972309,0.1009268150418706,0.0885215267830822,0.0978008786101983,0.0259547285160999,0.0057093919335001,0.0691480250648643,0.0871746643283158,0.0871608514619813,0.0665535632041184,0.07838573400435,0.1070557656294653,0.0868563026265597,0.0692090312944156,3.57689952649524e-07,0.0002831916368313,0.0880866526860996,0.1415487687434675,0.0366972535158609,0.0002984268390124,0.0870511902579484,0.0875737809003776,0.0897245125596486,0.0007837271539855,0.0868438718097791,0.0012971520100511,0.0035048856204575,0.0558199359667661,0.009224503304901,0.0440089325942272,0.0877278763174656,0.0877053439825973,0.0794323470680588,0.0881733946090187,0.1266047204116972,0.0895482023128559,0.0708498013644566,0.0750066377824814,0.1031903806114319,0.0871608514619813,0.0354075843787238,0.1429974519125575,0.049700025791044,0.0881519947737087,0.0871608514619813,0.1561782441465027,0.0357720682410589,0.0781968444278086,0.0007837271539855,0.0007837271539855,0.0848212652685124,0.0872084361879396
2.45,0.0088145455266167,0.1091411454320142,0.001210545339956,0.0784273264845944,0.1163103776972964,0.0020068592741674,0.0347937345151796,0.0866602808372046,0.0001043354467976,0.0877682309571392,0.0862935864993705,0.0252817247025016,0.0292085092779305,0.0837937735367503,0.0007270903732694,0.0691225731084475,0.08718397515324,0.0878563056228969,0.0002596393723276,0.1430721859909057,0.0088145455266167,0.0887856208092417,0.0872611251983295,0.0777659582848469,0.0862935864993705,0.0088145455266167,0.0004351513945476,0.0684586385300865,0.0252659324982937,0.0863257832655581,0.0886019065329599,0.0088145455266167,0.0976455390824638,0.1473420788091709,0.0002596393723276,0.0887879346496561,0.0007270903732694,0.0895852653158058,0.0873146373658411,0.0888570199274654,0.01454109782448,0.1093434100242519,0.0827803356369829,0.0857000129139324,0.0874286785746707,0.0825109745379318,0.0729765140950585,0.0088145455266167,0.0671607877491567,0.1005909301947779,0.0876828821984024,0.0973341547390228,0.0261509054414659,0.0054235057475773,0.0687034483473866,0.0863738288628525,0.0862935864993705,0.0662595289400736,0.0774823675107207,0.1063592395442449,0.0859837518658416,0.0692832439351018,3.591319061880104e-07,0.0002596393723276,0.0872325927737826,0.1389635424831778,0.0357496187174552,0.0003066406111632,0.0861731715796976,0.0867330426661649,0.088904694027471,0.0007270903732694,0.0861162044459826,0.001210545339956,0.0033097669157793,0.0546375127152803,0.0088145455266167,0.0439231388736468,0.0861176486972104,0.0868495225711261,0.0780266900730842,0.0873439553072212,0.1234473248452488,0.0887455955122924,0.071129366369213,0.0744814789299373,0.1023376382914829,0.0862935864993705,0.034119105053282,0.1421018838252654,0.0482878482595978,0.0874953571750506,0.0862935864993705,0.1548058319373293,0.0347937345151796,0.0768540957442046,0.0007270903732694,0.0007270903732694,0.0840347310534828,0.0863418752208805
2.46,0.0084219653038327,0.1081650419722943,0.0011295329245074,0.0779010177738831,0.1148806253250415,0.0018836867209668,0.0338404659572822,0.0858076165656772,0.0001047134723284,0.0869394467768506,0.0854349509673212,0.0254854438856193,0.0282401963569322,0.0830283526293735,0.0006744228977832,0.0685827975702056,0.0863652381262871,0.0871457101190843,0.0002379943344913,0.1413459008880069,0.0084219653038327,0.0879720819623433,0.0864468999731565,0.0771007552707421,0.0854349509673212,0.0084219653038327,0.0004012456802417,0.068144978057685,0.0246773874191197,0.0854670015676005,0.0884226941006472,0.0084219653038327,0.0969536932552943,0.1446538720342539,0.0002379943344913,0.0879778563875681,0.0006744228977832,0.0889146448584747,0.0866607902522702,0.088043400728309,0.0144229741302457,0.1076129209778321,0.0821243694484605,0.0848310151082121,0.086600948832236,0.0817165226259268,0.0718234475323997,0.0084219653038327,0.0666364373268117,0.1002528227213963,0.0868521828533301,0.0968680443385572,0.0263463720235068,0.0051513339521219,0.0682624558504214,0.0855803832861648,0.0854349509673212,0.0659667937221545,0.0765882803672688,0.1056655593003274,0.0851199666737867,0.0693540697790729,3.6057366550763596e-07,0.0002379943344913,0.0863868135880603,0.1364096235415433,0.0348241942092956,0.0003150279680482,0.085304002212594,0.085900383536825,0.0880923662289462,0.0006744228977832,0.0853946560448742,0.0011295329245074,0.0031250940283791,0.0534780518518582,0.0084219653038327,0.043838698356004,0.0845321597223764,0.0860020521934172,0.0766433541985753,0.086522318449289,0.1203486199913867,0.0879501824568406,0.0714040863451486,0.0739580996338685,0.101489287191385,0.0854349509673212,0.0328731318090867,0.1412048669866627,0.0469120705762352,0.0868436106612971,0.0854349509673212,0.1534337960914196,0.0338404659572822,0.0755326854247571,0.0006744228977832,0.0006744228977832,0.0832551994308754,0.0854839249793742
2.47,0.00804607193696,0.1071940507368285,0.0010537678957285,0.0773783324030227,0.1134646982701833,0.0017678110469378,0.0329116831656888,0.0849633417933881,0.0001050911308987,0.0861184822762041,0.0845848590015646,0.0256886820575632,0.0273017288381519,0.0822702250285408,0.0006254567398382,0.0680485863663782,0.0855542040545599,0.0864409505932123,0.0002181068930646,0.1396289081845941,0.00804607193696,0.0871659974277535,0.0856402684019499,0.0764417836525412,0.0845848590015646,0.00804607193696,0.0003699084405272,0.0678327546996354,0.0241100332520115,0.08461676315737,0.0882409277994708,0.00804607193696,0.0962630832134383,0.1419982843942521,0.0002181068930646,0.0871751632925106,0.0006254567398382,0.0882490445548063,0.0860119286122601,0.0872372314323992,0.0143058745838774,0.1059045687200902,0.0814737706768195,0.0839708289362713,0.0857810557130764,0.080930142645226,0.0706874319184681,0.00804607193696,0.0661161807160369,0.0999125495962299,0.0860293534754174,0.0964025729953058,0.0265411081047344,0.0048922548211798,0.0678250130497137,0.0847942581639792,0.0845848590015646,0.0656753518111632,0.0757033973074361,0.1049747426354592,0.0842648589922165,0.0694215264324962,3.620152306279122e-07,0.0002181068930646,0.0855492348401003,0.1338871533886886,0.0339205387596439,0.0003235912624023,0.0844435931986442,0.085075725576853,0.087287460720768,0.0006254567398382,0.0846791742091702,0.0010537678957285,0.002950335159777,0.0523411705943618,0.00804607193696,0.0437555361950753,0.0829711741944105,0.0851628513607809,0.0752820554312753,0.0857084106391379,0.1173083106335381,0.0871618986465115,0.071673945166552,0.0734365388583802,0.1006453967604922,0.0845848590015646,0.0316684726773371,0.1403065568182974,0.0455719028366034,0.0861967188086815,0.0845848590015647,0.1520624223750081,0.0329116831656888,0.0742323434903261,0.0006254567398382,0.0006254567398382,0.0824826172501903,0.0846344999015283
2.48,0.0076861996793238,0.1062281972258312,0.000982923788303,0.0768592418533791,0.1120625490737935,0.0016588187794525,0.0320068177490403,0.0841273739747189,0.0001054684227648,0.0853052638769655,0.0837432255921959,0.0258914189519571,0.0263922850275369,0.0815193153133461,0.0005799411723955,0.0675198610978195,0.0847507999961211,0.0857419769111595,0.0001998387121106,0.1379214690407353,0.0076861996793238,0.086367298908465,0.0848411597927056,0.0757889824356429,0.0837432255921959,0.0076861996793238,0.0003409515658022,0.0675219618714369,0.0235629978105937,0.0837749830449743,0.088056648398284,0.0076861996793238,0.0955737600700211,0.1393754560230835,0.0001998387121106,0.0863797882544653,0.0005799411723955,0.0875884268247617,0.0853680124343534,0.0864384438247055,0.0141897909204008,0.1042182116112806,0.0808284899535796,0.0831193650482465,0.084968925017886,0.0801517477260207,0.0695682440992474,0.0076861996793238,0.0655999859542805,0.0995701672148041,0.0852143195053359,0.0959377657958143,0.0267350937445937,0.0046456726462213,0.0673910857883537,0.0840153847605522,0.0837432255921959,0.0653851974932576,0.0748276433720114,0.1042868065898892,0.08341834164758,0.0694856317630224,3.634566015683496e-07,0.0001998387121106,0.084719777019575,0.1313962514307332,0.0330382171593414,0.0003323328521027,0.0835918564659472,0.084258991614295,0.0864899096850014,0.0005799411723955,0.0839697070308733,0.000982923788303,0.0027849837921791,0.0512264906756822,0.0076861996793238,0.0436735800802296,0.081434454461333,0.0843318393796874,0.073942511286925,0.0849021591710998,0.1143260662473571,0.0863806801612516,0.0719389278170463,0.0729168344317061,0.0998060338754084,0.0837432255921959,0.0305039589085263,0.1394071061748051,0.0442665662299148,0.0855546454642446,0.0837432255921959,0.1506919909917408,0.0320068177490403,0.0729528010198795,0.0005799411723955,0.0005799411723955,0.0817169316942223,0.0837935152756535
2.49,0.007341706973003,0.1052675063420895,0.0009166934231312,0.0763437179670145,0.1106741280372998,0.0015563185417158,0.0311253122126629,0.083299631376234,0.0001058453481829,0.084499718687045,0.0829099665751726,0.0260936344632507,0.0255110615275143,0.0807755489604297,0.0005376416847439,0.0669965447185,0.0839549537152033,0.0850487394235962,0.0001830619381934,0.1362238345959308,0.0073417069730029,0.0855759187329222,0.0840495041080162,0.0751422912340662,0.0829099665751726,0.007341706973003,0.0003142001599907,0.0672125930187571,0.023035442568014,0.0829415770860105,0.0878698963985827,0.007341706973003,0.0948857748026596,0.136785504427722,0.0001830619381934,0.0855916647650435,0.0005376416847439,0.0869327543696201,0.0847290020724371,0.0856469703148085,0.014074714943658,0.1025537045252785,0.0801884785341138,0.0822765350002673,0.0841644832501565,0.0793812519862679,0.0684656630726627,0.0073417069730029,0.0650878213286198,0.0992257313944843,0.0844070070901275,0.0954736473335067,0.0269283092213317,0.0044110167775744,0.0669606402726884,0.0832436950299791,0.0829099665751726,0.0650963250798394,0.0739609439083287,0.1036017675191953,0.0825803283420678,0.0695464038926049,3.648977783484565e-07,0.0001830619381934,0.0838983613871129,0.1289370156767204,0.0321768002331203,0.0003412550996953,0.0827487048201569,0.0834501052327996,0.0856996459233678,0.0005376416847439,0.0832662030849867,0.0009166934231312,0.0026285576036788,0.0501336383479317,0.007341706973003,0.0435927601488649,0.0799217606190113,0.0835089363440079,0.0726244408762541,0.0841034920234241,0.1114015227939973,0.085606463655635,0.0721990203798566,0.072399023063673,0.0989712628568034,0.0829099665751726,0.0293784450501535,0.1385066653557921,0.0429952931540449,0.0849173547438436,0.0829099665751726,0.1493227765794992,0.0311253122126629,0.0716937902368248,0.0005376416847439,0.0005376416847439,0.0809580902735216,0.0829608872318098
2.5,0.0070119757002728,0.1043120023719963,0.0008547878456573,0.0758317329375826,0.1092993833018689,0.0014599399660171,0.0302666198416565,0.0824800330686864,0.000106221907409,0.0837017744942792,0.0820849986238988,0.0262953086493807,0.0246572730288471,0.0800388523310115,0.0004983389959298,0.066478561510005,0.0831665936748667,0.0843611889600944,0.0001676584432185,0.1345362461200624,0.0070119757002728,0.0847917898493339,0.0832652319590565,0.0745016502643279,0.0820849986238988,0.0070119757002728,0.0002894916610086,0.066904641617294,0.0225265616130994,0.0821164619731571,0.0876807120327432,0.0070119757002728,0.0941991782063494,0.1342285251745693,0.0001676584432185,0.0848107269124039,0.0004983389959298,0.0862819901698727,0.0840948582414668,0.0848627439311802,0.01396063852572,0.1009108990251201,0.0795536882850574,0.0814422512452759,0.083367657609509,0.0786185705199161,0.0673794699908547,0.0070119757002728,0.0645796553737992,0.0988792973754097,0.0836073430765078,0.0950102417154404,0.0271207350338106,0.0041877406932084,0.0665336430682788,0.0824791216076703,0.0820849986238988,0.0648087289074425,0.0731032245698895,0.1029196411069178,0.0817507336448132,0.0696038611903995,3.66338760987739e-07,0.0001676584432185,0.0830849099668213,0.1265095234000527,0.0313358648474745,0.0003503603719163,0.0819140519360162,0.0826489907637733,0.0849166028515838,0.0004983389959298,0.0825686114233749,0.0008547878456573,0.0024805974223032,0.049062244384334,0.0070119757002728,0.0435130089024338,0.0784328507066328,0.0826940631273309,0.0713275649676779,0.083312337851847,0.1085342844767856,0.0848391863536124,0.072454210027873,0.0718831403630384,0.0981411454878685,0.0820849986238988,0.0282908089881092,0.1376053821183542,0.0417573273141478,0.084284811030175,0.0820849986238988,0.1479550482106998,0.0302666198416565,0.0704550445914633,0.0004983389959298,0.0004983389959298,0.0802060408211342,0.0821365327334456
2.51,0.0066964104508244,0.1033617089678389,0.000796935316764,0.0753232593015501,0.1079382609261217,0.0013693326537828,0.0294302045809822,0.0816684989191013,0.0001065981006989,0.0829113597602687,0.0812682392408916,0.026496421734358,0.0238301520942511,0.0793091526581532,0.0004618281231863,0.0659658370565291,0.0823856490297512,0.0836792768233326,0.0001535191185863,0.1328589351658922,0.0066964104508244,0.0840148458199846,0.0824882745996253,0.0738670003393832,0.0812682392408916,0.0066964104508244,0.0002666750156045,0.0665981011726383,0.0220355806212722,0.0812995552278502,0.0874891352623527,0.0066964104508244,0.0935140208487146,0.1317045925700192,0.0001535191185863,0.084036909376201,0.0004618281231863,0.0856360974831326,0.0834655420132585,0.0840856983155173,0.0138475536063041,0.0992896435341403,0.0789240716720718,0.0806164271239404,0.0825783759850876,0.077863619385275,0.0663094481615207,0.0066964104508244,0.0640754568702861,0.0985309198215367,0.0828152550042417,0.0945475725689798,0.0273123519032627,0.0039753210946065,0.0661100610959034,0.0817215978019814,0.0812682392408916,0.0645224033376224,0.0722544113163673,0.1022404423769996,0.0809294729831825,0.0696580222657435,3.677795495057024e-07,0.0001535191185863,0.0822793455388836,0.1241138317939245,0.0305149939151141,0.0003596510392095,0.0810878123489623,0.0818555732786353,0.0841407144937506,0.0004618281231863,0.0818768815687679,0.000796935316764,0.0023406662180411,0.0480119440788964,0.0066964104508244,0.0434342611258978,0.0769674808964536,0.0818871413753538,0.070051606046793,0.0825286259832129,0.1057239254603222,0.0840787860433085,0.0727044850135167,0.0713692208546969,0.0973157410343308,0.0812682392408916,0.0272399519538348,0.1367034016902034,0.0405519238055311,0.083656978970812,0.0812682392408916,0.1465890693959528,0.0294302045809822,0.0692362988396634,0.0004618281231863,0.0004618281231863,0.07946073148761,0.081320369569116
2.52,0.0063944378048887,0.1024166491313082,0.0007428803540808,0.074818269929727,0.1065907049622001,0.0012841651808957,0.0286155409128141,0.0808649495829506,0.0001069739283082,0.0821284036142645,0.0804596067495324,0.0266969541107833,0.0230289489345106,0.0785863780342434,0.0004279175027004,0.065458298220356,0.0816120496189142,0.0830029547833925,0.0001405432174884,0.1311921237229386,0.0063944378048887,0.0832450208156391,0.0817185639202487,0.0732382828626258,0.0804596067495324,0.0063944378048887,0.0002456099055693,0.0662929652201364,0.0215617558413588,0.0804907751920281,0.0872952057766338,0.0063944378048887,0.0928303530275411,0.1292137603347106,0.0001405432174884,0.0832701474225648,0.0004279175027004,0.0849950398420604,0.0828410148123472,0.0833157677171265,0.0137354521921965,0.0976897835027718,0.0782995817479379,0.0797989768556571,0.0817965669490156,0.0771163155935304,0.0652553830483572,0.0063944378048887,0.0635751948423436,0.0981806528217899,0.0820306710995758,0.094085663048391,0.0275031407749872,0.0037732570294254,0.0656898616276074,0.0809710575860021,0.0804596067495324,0.0642373427568449,0.0714144304139588,0.1015641857060404,0.0801164626341558,0.0697089059612157,3.692201439218497e-07,0.0001405432174884,0.081481591632227,0.1217499786202779,0.0297137763960423,0.0003691294752394,0.0802699014468037,0.0810697785811649,0.0833719154767955,0.0004279175027004,0.0811909635089006,0.0007428803540808,0.0022083481319663,0.0469823772439465,0.0063944378048887,0.0433564538104588,0.0755254056778984,0.0810880934983487,0.0687962883727702,0.0817522864091638,0.1029699915511759,0.0833252010718738,0.0729498346584162,0.0708572979967527,0.0964951062659527,0.0804596067495324,0.0262247984992988,0.1358008667833817,0.03937834918152,0.0830338234762535,0.0804596067495324,0.1452250980909615,0.0286155409128141,0.0680372891178578,0.0004279175027004,0.0004279175027004,0.0787221107362681,0.0805123163442824
2.53,0.006105505632356,0.101476845198188,0.000692382821605,0.0743167380190976,0.1052566575302137,0.0012041241467577,0.0278221137314089,0.0800693064963811,0.0001073493904924,0.0813528358471051,0.079659020285898,0.0268968863422912,0.022252931177802,0.077870457398703,0.0003964281601558,0.0649558731178159,0.0808457259587639,0.0823321750721328,0.000128637742341,0.1295360243725585,0.006105505632356,0.0824822496099875,0.0809560324423348,0.0726154398219498,0.079659020285898,0.006105505632356,0.0002261660224473,0.0659892273247544,0.0211043730992895,0.0796900410199824,0.0870989629909552,0.006105505632356,0.0921482247305125,0.1267560622709863,0.000128637742341,0.0825103768991123,0.0003964281601559,0.0843587810523049,0.0822212384119117,0.0825528869873604,0.0136243263566797,0.0961111615710603,0.0776801721409871,0.0789898155296202,0.0810221597499188,0.0763765770973999,0.0642170622706402,0.006105505632356,0.063078838556119,0.0978285498913177,0.0812535202687337,0.0936245358413562,0.0276930828199875,0.0035810690406091,0.0652730122827958,0.0802274355894918,0.079659020285898,0.0639535415763765,0.0705832084360459,0.1008908848353619,0.0793116197157872,0.0697565313457764,3.706605442556824e-07,0.000128637742341,0.0806915725172624,0.1194179828518331,0.0289318072952967,0.0003787980564005,0.0794602354614694,0.0802915331999529,0.0826101410249635,0.0003964281601559,0.0805108076907854,0.000692382821605,0.0020832475415541,0.045973188205614,0.006105505632356,0.0432795260794194,0.0741063780360931,0.0802968426637019,0.0675613380317357,0.0809832497798819,0.1002720018394358,0.0825783703403869,0.0731902493429031,0.0703474041974577,0.0956792954794382,0.079659020285898,0.0252442964417542,0.1348979176085356,0.0382358815070134,0.0824153097179877,0.079659020285898,0.1438633867065565,0.0278221137314089,0.0668577530144575,0.0003964281601559,0.0003964281601558,0.0779901273387087,0.0797122924731979
2.54,0.0058290824079446,0.1005423188241914,0.0006452170655877,0.0738186370849405,0.1039360588910822,0.0011289132655896,0.0270494182157353,0.0792814918685527,0.0001077244875069,0.0805845869052048,0.0788663997906749,0.0270961991659218,0.0215013836328959,0.0771613205259061,0.00036719292858,0.0644584910957092,0.0800866092360755,0.0816668903776607,0.0001177168745148,0.1278908404440744,0.0058290824079446,0.0817264675741114,0.0802006133123888,0.0719984137838712,0.0788663997906749,0.0058290824079446,0.0002082223880099,0.0656868810809418,0.0206627468195728,0.0788972726702658,0.0869004460454324,0.0058290824079446,0.0914676855970742,0.1243315129231101,0.0001177168745148,0.0817575342299897,0.00036719292858,0.0837272851904603,0.0816061749297622,0.0817969915741051,0.0135141682389646,0.0945536177269647,0.0770657970438418,0.0781888590960275,0.080255084306506,0.0756443227799302,0.0631942756019766,0.0058290824079446,0.0625863575177492,0.0974746639728482,0.0804837320914741,0.0931642131754111,0.0278821594365478,0.0033982983415895,0.0648594810243713,0.0794906670909632,0.0788663997906749,0.0636709942321751,0.0697606722641388,0.100220552882892,0.078514862178759,0.0698009177079873,3.721007505266996e-07,0.0001177168745148,0.0799092131986935,0.1171178453067794,0.0281686876574136,0.000388659161323,0.0786587314608277,0.0795207643809375,0.08185532695436,0.00036719292858,0.0798363650151122,0.0006452170655877,0.0019649881612745,0.0449840257973356,0.0058290824079446,0.0432034191170348,0.0727101496249087,0.079513312788526,0.0663464829872333,0.0802214473978978,0.0976294503005031,0.0818382332988069,0.0734257204953346,0.069839570832011,0.0948683605226764,0.0788663997906749,0.0242974167801795,0.1339946918897298,0.0371238103984177,0.0818014031265684,0.0788663997906749,0.142504182121747,0.0270494182157353,0.0656974296377835,0.00036719292858,0.00036719292858,0.0772647303705583,0.0789202181708686
2.5500000000000003,0.005564656542437,0.0996130909719041,0.0006011710946955,0.0733239409532235,0.1026288475178,0.0010582524984838,0.0262969597000964,0.0785014286740115,0.000108099219607,0.0798235878845916,0.0780816660011531,0.0272948734944222,0.0207736080468813,0.07645889801331,0.0003400557111191,0.0639660827081881,0.0793346313010969,0.0810070538388803,0.000107701443675,0.1262567661717891,0.005564656542437,0.0809776106710338,0.0794522402962801,0.0713871478877084,0.0780816660011531,0.0055646565424371,0.0001916667178832,0.065385920112497,0.0202362190653101,0.078112390897695,0.0866996938036127,0.005564656542437,0.0907887848823508,0.1219401082298249,0.000107701443675,0.0810115564109487,0.0003400557111191,0.0831005166020371,0.0809957868243901,0.0810480175163182,0.0134049700436271,0.0930169894604946,0.0764564112024703,0.077396024357333,0.0794952712012126,0.0749194724434313,0.0621868149682595,0.005564656542437,0.0620977214714807,0.0971190474381435,0.0797212368147121,0.0927047168243039,0.0280703522517494,0.0032245060171788,0.0644492361549163,0.0787606880099062,0.0780816660011531,0.0633896951847801,0.0689467490890682,0.0995532023548665,0.0777261087980155,0.0698420845493122,3.7354076275440005e-07,0.000107701443675,0.0791344394083977,0.1148495492757372,0.0274240245576744,0.0003987151703744,0.0778653073405773,0.0787574000800381,0.0811074096675425,0.0003400557111191,0.0791675868307697,0.0006011710946955,0.001853212177538,0.044014543351458,0.0055646565424371,0.0431280761002209,0.0713364709346014,0.0787374285323442,0.065151453127857,0.0794668112119499,0.0950418073566027,0.0811047299409745,0.0736562405812498,0.0693338282592194,0.0940623508202454,0.0780816660011531,0.023383153585235,0.1330913248797764,0.0360414370506242,0.0811920693897047,0.0780816660011531,0.141147725699688,0.0262969597000964,0.0645560596806094,0.0003400557111191,0.0003400557111191,0.0765458692074413,0.0781360144450965
2.56,0.0053117357299732,0.0986891818988036,0.0005600458025125,0.0728326237532653,0.1013349601651451,0.0009918772247442,0.0255642535429647,0.0777290406451774,0.0001084735870475,0.079069770524993,0.0773047404432997,0.0274928904184766,0.0200689228580235,0.0757631212697938,0.000314870786459,0.0634785796940878,0.0785897246607355,0.0803526190401274,9.851843419381376e-05,0.1246339868527373,0.0053117357299732,0.0802356154503213,0.078710847773564,0.0707815858398217,0.0773047404432997,0.0053117357299732,0.0001763948258453,0.0650863380724322,0.0198241585974143,0.0773353172454318,0.0864967448512432,0.0053117357299732,0.0901115714230451,0.1195818261688564,9.851843419381376e-05,0.0802723810044529,0.000314870786459,0.0824784398994493,0.0803900368910809,0.0803059014386164,0.0132967240400504,0.0915011119137556,0.0758519699055321,0.0766112289596088,0.0787426516739061,0.0742019467985484,0.0611944744448609,0.0053117357299732,0.0616129003978066,0.0967617520895485,0.0789659653461978,0.0922460681142786,0.0282576431229249,0.0030592722497371,0.064042246312917,0.0780374348991525,0.0773047404432997,0.0631096389192047,0.0681413664124013,0.098888845157354,0.0769452791644836,0.0698800515774974,3.7498058095827916e-07,9.851843419381378e-05,0.0783671775983712,0.1126130611406332,0.026697431090204,0.0004089684651583,0.0770798818162068,0.0780013689558766,0.0803663261481624,0.000314870786459,0.0785044249294875,0.0005600458025125,0.0017475794170622,0.0430643986890165,0.0053117357299732,0.0430534421329912,0.0699850914541305,0.0779691152898454,0.0639759803121391,0.0787192738109079,0.092508521397603,0.0803778007996651,0.0738818030923684,0.068830205838016,0.0932613134001112,0.0773047404432997,0.0225005238645016,0.1321879493760595,0.0349880742516745,0.0805872744503642,0.0773047404432997,0.1397942533064439,0.0255642535429647,0.0634333854814085,0.000314870786459,0.000314870786459,0.0758334935211678,0.0773596030886038
2.57,0.0050698463113579,0.0977706111463154,0.000521654230509,0.0723446599106542,0.1000543319378503,0.0009295374510771,0.0248508249942421,0.0769642522648741,0.0001088475900835,0.0783230672039759,0.0765355454239115,0.0276902312088668,0.0193866629443351,0.0750739225041969,0.0002915021546984,0.0629959149546974,0.0778518224718332,0.079703540005886,9.010052624255671e-05,0.1230226790050262,0.0050698463113579,0.0795004190427132,0.0779763707318578,0.0701816719079109,0.0765355454239115,0.0050698463113579,0.0001623100664287,0.0647881286428405,0.0194259599535929,0.0765659740371369,0.0862916374951228,0.0050698463113579,0.0894360936052479,0.1172566273930071,9.010052624255671e-05,0.0795399461348172,0.0002915021546985,0.081861019960017,0.0797888882580868,0.0795705805459131,0.013189422561871,0.0900058180269591,0.075252428974019,0.0758343913839994,0.0779971576156504,0.0734916674534684,0.0602170502530902,0.0050698463113579,0.0611318645116172,0.0964028291616314,0.0782178492482512,0.0917882879302827,0.0284440141390511,0.0029021955701736,0.0636384804690317,0.0773208449373721,0.0765355454239115,0.0628308199448272,0.0673444520480544,0.0982274926076028,0.0761722936768729,0.0699148387000321,3.7642020515783165e-07,9.01005262425562e-05,0.0776073549337509,0.1104083309851506,0.0259885263529956,0.0004194214280088,0.0763023744150253,0.0772526003625871,0.0796320139556555,0.0002915021546985,0.0778468315405905,0.000521654230509,0.0016477665477264,0.0421332541077578,0.0050698463113579,0.0429794641835004,0.0686557598282426,0.0772082991837111,0.0628197984107817,0.0779787684177497,0.0900290202608142,0.0796573869416862,0.0741024025354384,0.0683287319438358,0.0924652929214469,0.0765355454239115,0.0216485674046987,0.1312846957368298,0.0339630463857383,0.0799869845048882,0.0765355454239115,0.1384439953324568,0.0248508249942421,0.0623291510824002,0.0002915021546984,0.0002915021546984,0.075127553276124,0.0765909066712317
2.58,0.0048385326533154,0.0968573975298762,0.0004858208696574,0.0718600241404119,0.0987868963572657,0.0008709970572204,0.0241562090611461,0.0762069887589514,0.0001092212289696,0.0775834109311284,0.0757740040228454,0.0278868773185633,0.0187261793684167,0.0743912347140568,0.000269822921574,0.0625180225319622,0.077120858534519,0.0790597711955853,8.23856693051247e-05,0.1214230105266252,0.0048385326533154,0.0787719591547684,0.0772487447612673,0.0695873509153706,0.0757740040228454,0.0048385326533154,0.0001493228135823,0.0644912855347615,0.0190410425475672,0.0758042843692051,0.0860844097620314,0.0048385326533154,0.0887623993340927,0.1149644558575007,8.23856693051247e-05,0.0788141904833815,0.000269822921574,0.0812482219239823,0.079192304382856,0.0788419926181048,0.01308305800643,0.088530938680463,0.0746577447511679,0.0750654309382454,0.0772587215625295,0.072788556903259,0.0592543407559514,0.0048385326533154,0.0606545842603671,0.0960423293229138,0.0774768207315682,0.0913313967220994,0.028629447622079,0.0027528921333228,0.0632379079224005,0.0766108559217015,0.0757740040228454,0.0625532327952834,0.0665559341240804,0.0975691554452154,0.0754070735335624,0.0699464660176887,3.778596353725502e-07,8.238566930512472e-05,0.076854899285894,0.1082352931964535,0.0252969354299423,0.0004300764414833,0.0755327054682644,0.0765110243427139,0.078904411219981,0.000269822921574,0.0771947593258646,0.0004858208696574,0.001553466310978,0.0412207763684803,0.0048385326533154,0.0429060910235783,0.0673482240094059,0.0764549070575116,0.0616826433463131,0.077245228883597,0.0876027126695374,0.0789434299630261,0.0743180344209404,0.0678294339848468,0.09167433170351,0.0757740040228454,0.0208263465925181,0.1303816918979526,0.0329656894250119,0.0793911660011224,0.0757740040228455,0.1370971767166033,0.0241562090611461,0.0612431022844833,0.000269822921574,0.000269822921574,0.0744279987258628,0.0758298485322182
2.59,0.0046173565435989,0.0959495591299677,0.00045238099894,0.0713786914403937,0.0975325854265288,0.0008160330766282,0.0234799503729143,0.0754571760889771,0.0001095945039603,0.0768507353422983,0.0750200400853269,0.0280828103847463,0.0180868391190885,0.0737149916745412,0.0002497147190219,0.0620448375871097,0.0763967672856425,0.0784212674984776,7.531668598645587e-05,0.1198351408544696,0.0046173565435989,0.0780501740637012,0.0765279060488682,0.0689985682357018,0.0750200400853269,0.0046173565435989,0.0001373499732577,0.0641958024880497,0.0186688497889092,0.0750501721030843,0.0858750993977394,0.0046173565435989,0.0880905360051869,0.1127052394382737,7.531668598645587e-05,0.0780950532837142,0.0002497147190219,0.0806400111925421,0.0786002490483255,0.0781200760048063,0.0129776228342288,0.0870763028329045,0.0740678740926566,0.0743042677483012,0.0765272766895321,0.0720925385193406,0.0583061464532261,0.0046173565435989,0.0601810303222559,0.0956803026776861,0.076742812649072,0.0908754145104069,0.0288139261282018,0.0026109950172207,0.0628404982969967,0.0759074062605012,0.0750200400853269,0.0622768720283599,0.0657757410846075,0.0969138438431524,0.0746495407245679,0.069974953818143,3.792988716219256e-07,7.531668598645553e-05,0.0761097392255325,0.1060938670578973,0.0246222893699578,0.0004409358878505,0.0747707961032474,0.0757765716201956,0.0781834566364083,0.0002497147190219,0.0765481613745297,0.00045238099894,0.0014643867848607,0.0403266366797595,0.0046173565435989,0.0428332731706407,0.0660622314046851,0.0757088664686713,0.0605642531302518,0.0765185896818071,0.0852289896302142,0.078235871984047,0.074528695251657,0.067332338418034,0.090888469755507,0.0750200400853269,0.0200329462156416,0.1294790633900847,0.0319953509111216,0.0787997856365576,0.0750200400853269,0.1357540169727453,0.0234799503729143,0.0601749866991487,0.0002497147190219,0.0002497147190219,0.0737347804098793,0.0750763527725549
2.6,0.0044058966018383,0.0950471132840892,0.0004211800590467,0.0709006370849168,0.0962913296942655,0.0007644350108599,0.0228216030445099,0.0747147409449883,0.0001099674153102,0.0761249746938746,0.0742735782143338,0.0282780122307588,0.0174680248503142,0.0730451279275685,0.0002310671601504,0.0615762963796893,0.075679483792289,0.0777879842285913,6.884090411386087e-05,0.1182592211237458,0.0044058966018383,0.0773350026120315,0.075813791373235,0.0684152697869812,0.0742735782143338,0.0044058966018383,0.0001263145278962,0.0639016732712416,0.0183088482237997,0.0743035618576556,0.0856637438660932,0.0044058966018383,0.0874205504777574,0.1104788905409232,6.884090411386087e-05,0.077382474316851,0.0002310671601504,0.0800363534258939,0.0780126863592637,0.077404769620134,0.0128731095683892,0.0856417376554888,0.0734827743570473,0.0735508227500427,0.0758027568044911,0.0714035365390869,0.057372269975912,0.0044058966018383,0.059711173604425,0.0953167987679069,0.0760157584898318,0.0904203608927636,0.0289974324490597,0.0024761535457921,0.0624462215380204,0.0752104349662354,0.0742735782143338,0.0620017322258866,0.0650038016919102,0.0962615674185669,0.0738996180235874,0.0700003225696742,3.807379139254474e-07,6.88409041138606e-05,0.075371804015992,0.1039839573324723,0.0239642251632775,0.0004520021485771,0.0740165682356273,0.0750491735934269,0.0774690894603524,0.0002310671601504,0.0759069911983144,0.0004211800590467,0.0013802506767372,0.0394505106811254,0.0044058966018383,0.0427609628318732,0.0647975290176423,0.0749701056815036,0.0594643678978559,0.0757987859021178,0.0829072257881095,0.0775346556447279,0.0747343825111113,0.0668374707651366,0.0901077448073841,0.0742735782143338,0.0192674732454482,0.1285769333562624,0.0310513899266009,0.0782128103564857,0.0742735782143338,0.1344147302186691,0.0228216030445099,0.0591245537974567,0.0002310671601504,0.0002310671601504,0.0730478491505667,0.0743303442474157
2.61,0.0042037477059911,0.0941500765796387,0.0003920730596242,0.0704258366186077,0.0950630583168503,0.0007160041763499,0.0221807305395023,0.07397961073834,0.0001103399632735,0.0754060638571192,0.0735345437630571,0.0284724648679919,0.016869134617887,0.0723815787711165,0.0002137773267793,0.0611123362470197,0.0749689437453716,0.0771598771197653,6.290981524758997e-05,0.1166953943272359,0.0042037477059911,0.0766263842025267,0.0751063380990243,0.0678374020263847,0.0735345437630571,0.0042037477059911,0.0001161451108965,0.0636088916814252,0.0179605266969361,0.0735643790017047,0.085450380348174,0.0042037477059911,0.0867524890494479,0.108285306700063,6.290981524758997e-05,0.0766763939065655,0.0002137773267793,0.0794372145412976,0.0774295807386743,0.0766960129375373,0.0127695107941187,0.0842270686624996,0.0729024033965005,0.0728050176810587,0.0750850963420864,0.0707214760555538,0.0564525160800436,0.0042037477059911,0.059244985241167,0.0949518665751824,0.075295592373035,0.089966255049522,0.0291799496128826,0.0023480326344489,0.062055047908332,0.074519881648473,0.0735345437630571,0.0617278079936313,0.0642400450285937,0.0956123352434727,0.0731572289801288,0.0700225929149438,3.8217676230260274e-07,6.290981524758974e-05,0.0746410236064727,0.1019054548367414,0.0233223857150279,0.0004632776038108,0.073269944561696,0.0743287623284112,0.0767612495022552,0.0002137773267793,0.0752712027266302,0.0003920730596242,0.0013007946447842,0.0385920784247581,0.0042037477059911,0.0426891138505836,0.0635538635853558,0.0742385536603121,0.058382729940537,0.0750857532448516,0.0806367807415398,0.0768397240999476,0.0749350946518849,0.0663448556284359,0.0893321923414801,0.0735345437630571,0.018529056602855,0.1276754225698805,0.0301331770569907,0.0776302073521683,0.0735345437630571,0.1330795252073199,0.0221807305395023,0.0580915549561674,0.0002137773267793,0.0002137773267793,0.072367156050343,0.0735917485586628
2.62,0.004010520434241,0.093258464847668,0.0003649240184932,0.069954265850459,0.0938476991192344,0.0006705530822728,0.0215569055322887,0.0732517135945887,0.0001107121481042,0.0746939383125453,0.0728028628274355,0.0286661504977017,0.0162895816143262,0.0717242802487123,0.0001977492877852,0.0606528955840342,0.0742650834532959,0.0765369023207561,5.747875782996768e-05,0.1151437954745965,0.004010520434241,0.0759242587930133,0.0744054841716039,0.0672649119447674,0.0728028628274355,0.004010520434241,0.0001067756092439,0.0633174515441083,0.0176233955347471,0.0728325496464593,0.0852350457415313,0.004010520434241,0.0860863974327069,0.1061243711688451,5.747875782996768e-05,0.0759767529146735,0.0001977492877852,0.0788425607111505,0.076850896924251,0.0759937459846768,0.0126668191581797,0.0828321198380909,0.0723267195477207,0.0720667750725106,0.074374230357898,0.0700462830073359,0.0555466916399218,0.004010520434241,0.058782436592151,0.0945855545228243,0.0745822490420174,0.0895131157496704,0.0293614608855692,0.0022263121580898,0.0616669479849265,0.0738356865070068,0.0728028628274355,0.0614550939611934,0.0634844004998738,0.0949661558552473,0.0724222979117156,0.0700417856648539,3.836154167728776e-07,5.747875782996741e-05,0.0739173286253992,0.0998582370050632,0.02269641981616,0.0004747646318613,0.0725308485507602,0.0736152705519882,0.0760598771225143,0.0001977492877852,0.0746407503018433,0.0003649240184932,0.0012257686473511,0.0377510243557635,0.004010520434241,0.0426176816546279,0.062330981710645,0.0735141400625618,0.0573190837360142,0.0743794280151707,0.0784170003147221,0.0761510210148212,0.0751308310838208,0.065854516706393,0.0885618456249786,0.0728028628274355,0.0178168469086742,0.1267746494530416,0.0292400943440916,0.077051944059017,0.0728028628274356,0.1317486053602267,0.0215569055322887,0.057075743501107,0.0001977492877852,0.0001977492877852,0.0716926524889397,0.07286049204743
2.63,0.0038258405221732,0.0923722931574839,0.0003396054313105,0.0694859008480895,0.0926451786543808,0.0006279048382457,0.0209497097698135,0.0725309783464828,0.0001110839700563,0.0739885341443472,0.0720784622387661,0.0288590515127596,0.0157287939024066,0.071073169139101,0.0001828936465733,0.0601979138235168,0.073567839835706,0.0759190163904179,5.25066233096964e-05,0.1136045517514611,0.0038258405221732,0.0752285668913196,0.0737111681117351,0.0666977470612975,0.0720784622387661,0.0038258405221732,9.814479257945968e-05,0.063027346713089,0.0172969857500115,0.072108000638203,0.0850177766594878,0.0038258405221732,0.0854223207327097,0.1039959534984394,5.25066233096964e-05,0.0752834927363697,0.0001828936465733,0.078252358361078,0.0762765999648891,0.0752979093383497,0.0125650273683635,0.081456713759428,0.0717556816231534,0.0713360182410972,0.0736700945225218,0.0693778841685465,0.054654605640779,0.0038258405221732,0.0583234992406614,0.0942179104779824,0.0738756638583515,0.0890609613566044,0.0295419497717036,0.002110686340984,0.0612818926554479,0.0731577903250879,0.0720784622387661,0.0611835847818988,0.0627367978359375,0.0943230372669762,0.0716947498961735,0.0700579217924853,3.850538773557557e-07,5.25066233096964e-05,0.0732006503738366,0.0978421684439092,0.022085982111843,0.0004864656086787,0.0717992044375854,0.0729086316451444,0.0753649132264583,0.0001828936465733,0.0740155886746381,0.0003396054313105,0.0011549353192776,0.0369270372910936,0.0038258405221732,0.0425466232068147,0.0611286299895922,0.0727967952321135,0.0562731759762811,0.073679747117389,0.0762472177894012,0.0754684905600732,0.0753215921621173,0.0653664768091353,0.0877967357431025,0.0720784622387661,0.0171300162198091,0.1258747300952589,0.0283715352308835,0.0764779881547879,0.0720784622387661,0.1304221688030314,0.0209497097698135,0.0560768747478556,0.0001828936465733,0.0001828936465733,0.0710242901208475,0.072136501786771
2.64,0.0036493483350372,0.091491575812064,0.0003159977702063,0.0690207179321986,0.0914554222613112,0.0005878925906483,0.0203587339329355,0.0718173345269913,0.0001114554293835,0.0732897880348708,0.071361269556386,0.0290511504993366,0.0151862141477202,0.0704281829460905,0.0001691271160707,0.0597473314167223,0.0728771504173003,0.0753061762929614,4.795558367975319e-05,0.1120777826782503,0.0036493483350372,0.074539249550244,0.0730233290103005,0.0661358554181452,0.071361269556386,0.0036493483350372,9.019596707970978e-05,0.0627385710703254,0.0169808482679149,0.0713906595509644,0.0847986094305119,0.0036493483350372,0.0847603034267552,0.1018999101072812,4.795558367975319e-05,0.074596555295598,0.0001691271160707,0.0776665741680374,0.075706655217246,0.0746084441194618,0.0124641281929684,0.0801006717162394,0.0711892489024095,0.0706126712810778,0.0729726251157389,0.0687162071389218,0.0537760691709035,0.0036493483350372,0.0578681449918505,0.0938489817538507,0.0731757727959858,0.0886098098338283,0.0297214000155098,0.0020008631680172,0.0608998531147426,0.072486134462771,0.071361269556386,0.060913275132695,0.0619971670943671,0.0936829869776355,0.0709745107639895,0.070071022427113,3.864921440707195e-07,4.795558367975293e-05,0.0724909208189645,0.0958571014761077,0.0214907330674145,0.0004983829073299,0.0710749372149079,0.0722087796363976,0.0746762992593673,0.0001691271160707,0.0733956729994697,0.0003159977702063,0.0010880693742829,0.0361198103971684,0.0036493483350372,0.0424758969572014,0.0599465551344522,0.0720864501925268,0.0552447555934595,0.0729866480493351,0.0741267550954564,0.0747920774074615,0.0755073791753206,0.064880757873792,0.0870368916329908,0.071361269556386,0.0164677577525505,0.1249757782724934,0.0275269044986033,0.0759083075577881,0.071361269556386,0.1291004084030217,0.0203587339329355,0.0550947060398356,0.0001691271160707,0.0001691271160707,0.0703620208729074,0.0714197055743931
2.65,0.0034806983548968,0.0906163263442576,0.0002939890099895,0.0685586936712076,0.0902783541217999,0.0005503589863736,0.019783577497584,0.0711107123624204,0.0001118265263396,0.0725976372591381,0.0706512130604296,0.0292424302385213,0.0146612993506465,0.0697892598885672,0.0001563721197145,0.0593010898143703,0.072192953321721,0.0746983393932802,4.3790838963869147e-05,0.1105636002685877,0.0034806983548968,0.0738562483625602,0.0723419065230819,0.0655791855752242,0.0706512130604296,0.0034806983548968,8.287665260811415e-05,0.0624511185258073,0.0166745531735261,0.0706804546792769,0.0845775800976606,0.0034806983548968,0.0841003893450854,0.0998360848399173,4.3790838963869147e-05,0.0739158830404552,0.0001563721197145,0.0770851750584373,0.0751410283423561,0.0739252919880451,0.0123641144602827,0.0787638138268429,0.0706273811239089,0.069896659056404,0.0722817590207399,0.0680611803340473,0.0529108954132483,0.0034806983548968,0.0574163458710053,0.0934788151119429,0.0724825124354479,0.0881596787505871,0.029899795601743,0.0018965638167729,0.0605208008614524,0.0718206608503696,0.0706512130604296,0.0606441597140468,0.0612654386626185,0.0930460119821147,0.0702615070907515,0.0700811088483018,3.879302169372493e-07,4.3790838963869147e-05,0.0717880725876197,0.0939028766748626,0.0209103389319868,0.0005105188974724,0.0703579726260147,0.071515649195264,0.0739939772015398,0.0001563721197145,0.0727809588301059,0.0002939890099895,0.0010249570325495,0.0353290411662617,0.0034806983548968,0.0424054627971967,0.0587845040920402,0.0713830366404278,0.0542335737836093,0.0723000688967708,0.0720549239607706,0.0741217267252397,0.0756881943332227,0.0643973809796749,0.0862823401182011,0.0706512130604296,0.015829285594184,0.1240779054665069,0.0267056181964623,0.0753428704250955,0.0706512130604296,0.1277835118085834,0.019783577497584,0.054128996783883,0.0001563721197145,0.0001563721197145,0.069705796942045,0.070710031925452
2.66,0.0033195586824531,0.0897465575137446,0.000273474180561,0.0680998048760814,0.0891138973157275,0.0005151556628559,0.0192238485958382,0.0704110427655946,0.000112197261178,0.0719120196794129,0.0699482217446553,0.0294328737078727,0.0141535205780881,0.0691563388906805,0.0001445564169791,0.0588591314480093,0.0715151872655165,0.0740954634523468,3.998038327806791e-05,0.109062109187217,0.0033195586824531,0.0731795054561012,0.0716668408655841,0.0650276866049869,0.0699482217446553,0.0033195586824531,7.613828168207046e-05,0.0621649830174273,0.0163776889806269,0.0699773150310071,0.0843547244180879,0.0033195586824531,0.0834426216530707,0.0978043095153034,3.998038327806791e-05,0.0732414189386286,0.0001445564169791,0.0765081282062692,0.074579685302295,0.0732483951383217,0.012264979058072,0.0774459591507116,0.0700700384767533,0.0691879071928962,0.0715974337184059,0.0674127329757036,0.052058899636548,0.0033195586824531,0.0569680741218276,0.0931074567644363,0.0717958199580939,0.0877105852874314,0.0300771207565188,0.0017975221099209,0.0601447076946454,0.0711613119820165,0.0699482217446553,0.0603762332498326,0.0605415432605353,0.0924121187810909,0.0695556661896657,0.0700882024800788,3.893680959748242e-07,3.998038327806767e-05,0.0710920389598974,0.0919793233874199,0.0203444716998099,0.0005228759448273,0.0696482371573879,0.0708291756257949,0.0733178895634039,0.0001445564169791,0.0721714021152503,0.000273474180561,0.0009653954726393,0.0345544313917053,0.0033195586824531,0.0423352820153883,0.0576422241576883,0.0706864869389415,0.0532393840285635,0.0716199483278596,0.070031027020682,0.0734573841736672,0.0758640407546703,0.0639163663633068,0.0855331059437842,0.0699482217446553,0.0152138344040558,0.1231812208845145,0.0259071035644595,0.0747816451507909,0.0699482217446553,0.1264716614904726,0.0192238485958382,0.0531795084833783,0.0001445564169791,0.0001445564169791,0.0690555707931364,0.0700074100654256
2.67,0.0031656105533147,0.0888822813047217,0.0002543549442365,0.0676440285953227,0.0879619738751215,0.0004821427632606,0.0186791638770579,0.0697182573290934,0.0001125676341519,0.0712328737398172,0.069252225309346,0.0296224640829084,0.0136623626953037,0.0685293595721914,0.0001336127520575,0.0584213997117411,0.0708437915521727,0.0734975066226837,3.649478818031127e-05,0.1075734069073226,0.0031656105533147,0.0725089634888474,0.0709980728079085,0.0644813080872721,0.069252225309346,0.0031656105533147,6.993591888318956e-05,0.061880158510853,0.0160898619217786,0.0692811703202661,0.0841300778626184,0.0031656105533147,0.0827870428347135,0.0958044044644279,3.649478818031127e-05,0.0725731064728652,0.0001336127520575,0.0759354010312549,0.0740225923568923,0.0725776962938119,0.0121667149330704,0.0761469257976414,0.0695171815928008,0.0684863420705318,0.070919587281643,0.0667707950823312,0.0512198991859658,0.0031656105533147,0.0565233022047283,0.0927349523765811,0.0711156331404202,0.087262546241713,0.0302533599480804,0.0017034839873824,0.0597715457104859,0.0705080309093295,0.069252225309346,0.0601094904872405,0.0598254119428931,0.0917813133907438,0.0688569161041428,0.0700923248851849,3.908057812029209e-07,3.649478818031114e-05,0.070402753862819,0.0900862602482723,0.0197928090694891,0.0005354564106493,0.0689456580314201,0.0701492948601928,0.0726479793806736,0.0001336127520575,0.0715669591942489,0.0002543549442365,0.0009091923068948,0.0337956871419683,0.0031656105533147,0.04226531725502,0.0565194630848636,0.0699967341111873,0.0522619421158557,0.07094622558769,0.0680543588873992,0.0727989959005567,0.0760349224552915,0.0634377334332955,0.0847892118118757,0.069252225309346,0.0146206591051936,0.1222858314791188,0.0251307989497376,0.0742246003642027,0.069252225309346,0.1251650347848326,0.0186791638770579,0.0522460047690163,0.0001336127520575,0.0001336127520575,0.0684112951570028,0.0693117699230526
2.68,0.0030185478684814,0.0880235089242901,0.0002365391967293,0.0671913421101343,0.0868225048369009,0.0004511884757521,0.0181491483691837,0.06903228831857,0.0001129376455146,0.0705601384609899,0.0685631541542779,0.029811184738529,0.0131873240981538,0.0679082622389831,0.0001234785243811,0.0579878389442982,0.0701787060662135,0.0729044274438987,3.3307002103166604e-05,0.1060975838671641,0.0030185478684814,0.071844565644046,0.0703355436696687,0.063940000104204,0.0685631541542779,0.0030185478684814,6.422799941476088e-05,0.0615966389993999,0.015810695259473,0.0685919509603788,0.0839036756153834,0.0030185478684814,0.0821336946774151,0.093836179057146,3.3307002103166604e-05,0.0719108896364759,0.0001234785243811,0.0753669611970067,0.0734697160604956,0.0719131387024883,0.0120693150904764,0.0748665310335827,0.0689687715389486,0.0677918908157945,0.0702481583697709,0.0661352974596129,0.0503937134732927,0.0030185478684814,0.0560820027951345,0.0923613470691725,0.0704418903484191,0.0868155780330152,0.0304284978875049,0.0016142069977442,0.0594012872989409,0.0698607612351764,0.0685631541542779,0.0598439261966658,0.0591169761019583,0.0911536013523226,0.0681651856004637,0.0700934977594039,3.922432726410148e-07,3.330700210316649e-05,0.069720151864057,0.0882234956818042,0.0192550344011589,0.000548262651196,0.0682501631991904,0.0694759434524964,0.071984190209549,0.0001234785243811,0.0709675867928735,0.0002365391967293,0.000856165079496,0.0330525187336663,0.0030185478684814,0.042195532473043,0.0554159691905358,0.06931371183384,0.0513010061568047,0.0702788404928476,0.0661242071798091,0.0721465085368713,0.0762008443351464,0.0629615007850521,0.0840506784177543,0.0685631541542779,0.0140490345675263,0.1213918419685104,0.0243761537169053,0.0736717049281636,0.0685631541542779,0.1238638039378598,0.0181491483691837,0.0513282514272877,0.0001234785243811,0.0001234785243811,0.0677729230285251,0.0686230421233484
2.69,0.0028780767387963,0.0871702508015191,0.0002199406905963,0.0667417229297394,0.0856954102943487,0.0004221685957926,0.0176334353403235,0.0683530686661259,0.0001133072955191,0.0698937534347937,0.0678809393717614,0.029999019250379,0.0127279164460542,0.0672929878737318,0.0001140954797247,0.0575583944114699,0.0695198712673718,0.0723161848382871,3.039216474173739e-05,0.1046347236259322,0.0028780767387963,0.071186255625475,0.0696791953149568,0.0634037132351442,0.0678809393717614,0.0028780767387963,5.897608558484887e-05,0.0613144185039045,0.0155398286181729,0.0679095880569247,0.0836755525735209,0.0028780767387963,0.081482618257962,0.0918994322181399,3.039216474173739e-05,0.0712547129288724,0.0001140954797247,0.0748027766092019,0.0729210232587783,0.0712546661319733,0.011972772593453,0.0736045913832028,0.0684247698096153,0.0671044812941027,0.0695830862229644,0.0655061716911717,0.049580163966722,0.0028780767387963,0.0556441487818102,0.0919866854210837,0.0697745305320012,0.0863696967085164,0.030602519529347,0.0015294598083925,0.059033905140525,0.0692194471075399,0.0678809393717614,0.0595795351716079,0.0584161674700553,0.0905289877415649,0.0674804041605176,0.0700917429259682,3.936805703085797e-07,3.039216474173719e-05,0.0690441681657237,0.0863908283943071,0.0187308366717132,0.0005612970171958,0.0675616813333108,0.0688090585723412,0.0713264661219609,0.0001140954797247,0.0703732420191833,0.0002199406905963,0.0008061407863589,0.0323246407035523,0.0028780767387963,0.0421258929006736,0.0543314914563881,0.0686373544307513,0.0503563366028214,0.0696177334260409,0.0642398535141477,0.071499869192355,0.0763618121663074,0.0624876862153547,0.0833175244863156,0.0678809393717614,0.013498255283694,0.1204993548569164,0.0236426281527398,0.0731229279372818,0.0678809393717614,0.1225681361520394,0.0176334353403235,0.0504260164267486,0.0001140954797247,0.0001140954797247,0.0671404076648736,0.0679411579806829
2.7,0.0027439150431164,0.0863225165871552,0.0002044786800008,0.0662951487868577,0.0845806094473333,0.0003949661104596,0.0171316661607294,0.0676805319637555,0.0001136765844182,0.0692336588190675,0.0672055127397497,0.0301859513961448,0.012283664395912,0.0666834781267291,0.0001054094207095,0.0571330122888672,0.0688672281848251,0.071732738106503,2.7727435342079488e-05,0.1031849030187431,0.0027439150431164,0.070533977652606,0.0690289701473513,0.0628723985516925,0.0672055127397497,0.0027439150431164,5.414464006393876e-05,0.0610334910725985,0.0152769173370164,0.0672340134008597,0.0834457433469341,0.0027439150431164,0.0808338539296804,0.0899939529319273,2.7727435342079488e-05,0.0706045213511371,0.0001054094207095,0.0742428154137703,0.0723764810855988,0.0706022228647809,0.011877080562632,0.0723609227292369,0.0678851383194139,0.0664240421023179,0.0689243106567504,0.0648833501293832,0.0487790741802168,0.0027439150431163,0.0552097132651905,0.0916110114718576,0.0691134932194582,0.0859249179482886,0.0307754100722228,0.0014490217338427,0.0586693722030813,0.0685840332134783,0.0672055127397497,0.059316312228569,0.0577229181221302,0.0899074771779669,0.0668025019746143,0.0700870823300429,3.951176742250871e-07,2.772743534207949e-05,0.0683747385982182,0.0845880478553013,0.0182199104281903,0.0005745618533138,0.0668801418208344,0.0681485779987875,0.0706747517008584,0.0001054094207095,0.0697838823594589,0.0002044786800008,0.0007589554160796,0.031611771779541,0.0027439150431164,0.042056365005388,0.0532657796259593,0.0679675968666361,0.0494276962599986,0.0689628453307757,0.0624005744560458,0.0708590254512098,0.0765178325803763,0.0620163067367557,0.0825897668089136,0.0672055127397497,0.0129676350383882,0.1196084704552835,0.0229296933656624,0.0725782387162219,0.0672055127397497,0.1212781936338681,0.0171316661607294,0.0495390699421492,0.0001054094207095,0.0001054094207095,0.0665137025838456,0.0672660494919327
2.71,0.0026157919999436,0.085480315153956,0.0001900775856976,0.0658515976333291,0.0834780206512974,0.0003694708038028,0.0166434901652685,0.0670146124568499,0.0001140455124646,0.0685797953324225,0.0665368067150168,0.0303719651567905,0.0118541053373043,0.0660796753068599,9.736993557646814e-05,0.0567116396450221,0.0682207184114992,0.0711540469232918,2.5291833904163088e-05,0.1017481923106914,0.0026157919999436,0.0698876764559445,0.0683848111049741,0.0623460076127399,0.0665368067150168,0.0026157919999436,4.970081483316437e-05,0.0607538507809832,0.0150216318429282,0.0665651594616921,0.0832142822581101,0.0026157919999436,0.0801874413107161,0.0881195207368614,2.5291833904163088e-05,0.0699602604016273,9.736993557646864e-05,0.0736870459950962,0.0718360569599014,0.0699557536936024,0.0117822321756226,0.0711353404086943,0.067349839396015,0.0657505025613307,0.0682717720565521,0.0642667658863005,0.0479902696624936,0.0026157919999435,0.054778669555728,0.0912343687243547,0.0684587185119855,0.085481257070531,0.0309471549593329,0.0013726822817436,0.058307661738599,0.067954464773179,0.0665368067150168,0.0590542522069517,0.0570371604783049,0.0892890738339118,0.0661314099343659,0.0700795380332852,3.965545844100073e-07,2.529183390416298e-05,0.0677117996141333,0.082814934768123,0.0177219557394112,0.0005880594976176,0.0662054747562315,0.0674944401142213,0.0700289920355396,9.736993557647012e-05,0.0691994656742077,0.0001900775856976,0.0007144535111466,0.0309136348508169,0.0026157919999436,0.0419869164542921,0.0522185842978093,0.0673043747408169,0.0485148503020451,0.0683141177060796,0.0606056424345042,0.0702239253678117,0.0766689130559421,0.0615473785918333,0.0818674202805217,0.0665368067150168,0.0124565065721159,0.1187192869021786,0.0222368311803683,0.0720376068179999,0.0665368067150168,0.1199941336429842,0.0166434901652685,0.0486671843764925,9.736993557646866e-05,9.736993557646882e-05,0.0658927615623071,0.0665976493296981
2.72,0.0024934477522536,0.0846436545976205,0.0001766666791873,0.0654110476358798,0.0823875614650384,0.0003455788822956,0.016168564516481,0.0663552450377727,0.0001144140799108,0.0679321042490846,0.0658747544264029,0.030557044717733,0.0114387891291387,0.0654815223727283,8.99301441585281e-05,0.0562942244248132,0.067580284098435,0.0705800713332913,2.3066094378272703e-05,0.1003246553498833,0.0024934477522536,0.069247297272304,0.0677466616555862,0.061824492459571,0.0658747544264029,0.0024934477522536,4.561425480294555e-05,0.0604754917317041,0.014773657043851,0.0659029593807329,0.0829812033419958,0.0024934477522536,0.0795434192733936,0.0862759062080821,2.3066094378272703e-05,0.0693218760716111,8.993014415852911e-05,0.0731354369742332,0.0712997185826647,0.0693152039166345,0.0116882206665238,0.0699276593059787,0.0668188357731809,0.0650837927087148,0.0676254113722923,0.0636563528246906,0.0472135779856392,0.0024934477522536,0.0543509911722532,0.0908568001474552,0.0678101470782533,0.0850387290367402,0.0311177398789258,0.0013002407160397,0.0579487472800674,0.0673306875341059,0.0658747544264029,0.0587933499689583,0.0563588273064126,0.0886737814436512,0.0654670596256412,0.0700691322084818,3.979913008828087e-07,2.306609437827271e-05,0.0670552882822237,0.0810712615297458,0.0172366781459705,0.0006017922810419,0.0655376109344275,0.0668465838983205,0.0693891327170253,8.993014415852943e-05,0.0686199501942392,0.0001766666791873,0.0006724877486627,0.0302299569370743,0.0024934477522536,0.0419175160788057,0.0511896570147957,0.0666476242810339,0.0476175662816229,0.0676714926012784,0.0588543266183785,0.0695945174624675,0.0768150619059872,0.0610809172672863,0.0811504979371687,0.0658747544264029,0.0119642212402322,0.1178319001848935,0.0215635340279745,0.0715010020222901,0.0658747544264029,0.1187161085426238,0.016168564516481,0.0478101343810937,8.993014415852912e-05,8.993014415852865e-05,0.0652775386347311,0.0659358908355894
2.73,0.0023766329652549,0.0838125422382928,0.0001641797850424,0.0649734771720259,0.0813091486972981,0.0003231926194723,0.0157065540683176,0.0657023652394902,0.0001147822870092,0.0672905273937797,0.0652192896681275,0.0307411744699548,0.0110372778380221,0.0648889629239297,8.304646004034766e-05,0.0558807154332124,0.0669458679492213,0.0700107717468891,2.1032528994813084e-05,0.0989143497193792,0.0023766329652549,0.0686127858401997,0.0671144657917341,0.0613078056110152,0.0652192896681275,0.0023766329652549,4.1856915142474455e-05,0.0601984080544272,0.0145326917417911,0.0652473469644125,0.0827465403459296,0.0023766329652549,0.0789018259346129,0.0844628714293905,2.1032528994813084e-05,0.0686893148409385,8.30464600403485e-05,0.0725879572071324,0.0707674339338927,0.0686805193329511,0.0115950393254413,0.0687376939429866,0.066292090583992,0.0644238432914634,0.0669851701130404,0.0630520455491814,0.0464488287333812,0.0023766329652549,0.053926651840347,0.0904783481788133,0.0671677201490318,0.0845973484568175,0.0312871507647013,0.0012315056367793,0.0575926026383647,0.0667126477652335,0.0652192896681275,0.05853360039949,0.0556878517245086,0.0880616033121521,0.0648093833215915,0.0700558871342606,3.994278236629575e-07,2.1032528994812948e-05,0.0664051422814304,0.0793567926798222,0.0167637886086749,0.0006157625268515,0.0648764818439065,0.0662049489220915,0.0687551198334743,8.304646004034934e-05,0.0680452945168077,0.0001641797850424,0.0006329185398357,0.0295604691569368,0.0023766329652549,0.0418481338406018,0.0501787503495526,0.065997282337311,0.0467356141401459,0.0670349126108183,0.0571458937559945,0.0689707507172105,0.0769562882652467,0.0606169375078725,0.0804390109936061,0.0652192896681275,0.0114901486680415,0.1169464041607379,0.0209093048320368,0.0709683943337437,0.0652192896681275,0.1174442658513307,0.0157065540683176,0.0469676968737056,8.304646004034851e-05,8.304646004034813e-05,0.0646679880918285,0.0652807080135798
2.74,0.0022651084368072,0.0829869846226155,0.0001525550004433,0.0645388648261093,0.0802426984521837,0.0003022200188698,0.0152571312306368,0.0650559092292709,0.0001151501340121,0.0666550071366661,0.0645703468931684,0.0309243390110584,0.0106491454785465,0.0643019411924661,7.667836794251321e-05,0.0554710623193458,0.0663174132144909,0.0694461089361491,1.9174902924907564e-05,0.0975173268879748,0.0022651084368072,0.0679840883952582,0.0664881680259345,0.0607959000586476,0.0645703468931684,0.0022651084368072,3.840289141797587e-05,0.059922593905715,0.0142984480653435,0.0645982566776677,0.0825103267296288,0.0022651084368072,0.0782626986472407,0.0826801704540357,1.9174902924907564e-05,0.068062523673744,7.667836794251405e-05,0.072044575782884,0.070239171269651,0.0680516462379166,0.0115026814980088,0.0675652585662424,0.0657695673542261,0.0637705857587917,0.0663509903417161,0.0624537793975165,0.0456958534890291,0.0022651084368072,0.0535056254907268,0.0900990547276615,0.0665313795118666,0.0841571295941126,0.0314553737961557,0.0011662945760649,0.0572392018991826,0.0661002922513701,0.0645703468931684,0.0582749984060464,0.0550241672033491,0.087452542323799,0.0641583139757489,0.0700398251898797,4.008641527699193e-07,1.9174902924907476e-05,0.0657612998949629,0.0776712853389461,0.016303003455524,0.0006299725501053,0.0642220196598779,0.0655694753419704,0.0681268999656417,7.667836794251475e-05,0.0674754576018185,0.0001525550004433,0.0005956136475173,0.0289049066956014,0.0022651084368072,0.041778740798747,0.0491856179862582,0.0653532863758844,0.0458687662160936,0.0664043208691404,0.0554796089785378,0.0683525745716359,0.0770926020775257,0.06015545333019,0.0797329688811622,0.0645703468931684,0.0110336764027223,0.1160628905785064,0.020273656890771,0.0704397539803207,0.0645703468931684,0.1161787482958455,0.0152571312306368,0.0461396510547798,7.667836794251362e-05,7.66783679425132e-05,0.0640640644792662,0.0646320355234217
2.75,0.0021586447202247,0.0821669875263085,0.0001417344310134,0.0641071893854601,0.0791881261734404,0.0002825744944321,0.0148199758345446,0.0644158138024444,0.0001155176211716,0.0660254863883081,0.0639278612067075,0.0311065231462601,0.0102739777556848,0.0637204020343036,7.078821542242096e-05,0.0550652155608621,0.0656948636864758,0.0688860440307905,1.7478318523186608e-05,0.0961336323597584,0.0021586447202247,0.067361151665652,0.0658677133859057,0.0602887292620381,0.0639278612067075,0.0021586447202247,3.522826169220177e-05,0.059648043468903,0.0140706509213507,0.0639556236373845,0.0822725956652302,0.0021586447202247,0.0776260739924583,0.0809275497544152,1.7478318523186608e-05,0.0674414500141828,7.078821542242148e-05,0.0715052620219723,0.0697148991191427,0.0674285314186422,0.0114111405849123,0.0664101672311351,0.0652512299959128,0.0631239522550235,0.0657228146698416,0.0618614904319179,0.0449544858231047,0.0021586447202247,0.0530878862576438,0.0897189611776635,0.065901067505801,0.0837180863704076,0.0316223953988685,0.0011044336096463,0.0568885194199857,0.0654935682875655,0.0639278612067075,0.058017538918626,0.0543677075688334,0.086846600950965,0.0635137852151858,0.0700209688500904,4.0230028822315653e-07,1.7478318523186547e-05,0.065123700004441,0.0760144896361441,0.0158540443273288,0.0006444246571185,0.0635741572375064,0.0649401038939911,0.0675044201823773,7.07882154224224e-05,0.0669103987680992,0.0001417344310134,0.0005604478210899,0.0282630087717537,0.0021586447202247,0.0417093090779901,0.0482100147987816,0.0647155744731895,0.0450167972518983,0.0657796610455996,0.0538547365678877,0.0677399389187758,0.0772240140829818,0.0596964780363021,0.0790323792857453,0.0639278612067075,0.0105942095627875,0.115181449100108,0.0196561137558009,0.0699150514116322,0.0639278612067075,0.114919693865093,0.0148199758345446,0.0453257784219249,7.078821542242106e-05,7.078821542242095e-05,0.0634657225964672,0.0639898086741321
2.76,0.0020570217591901,0.0813525559572521,0.0001316639420807,0.0636784298366811,0.0781453466875942,0.0002641745675611,0.0143947749986478,0.0637820163762181,0.0001158847487394,0.0654019085946941,0.0632917683596407,0.0312877118893247,0.0099113718094772,0.0631442909210652,6.534101803081582e-05,0.0546631264486042,0.0650781636936285,0.0683305385142329,1.592910845487296e-05,0.0947633058223783,0.0020570217591901,0.0667439228676021,0.0652530474098393,0.0597862471440481,0.0632917683596407,0.0020570217591901,3.231093978926281e-05,0.0593747509539772,0.0138490374653264,0.0633193836059177,0.0820333800373819,0.0020570217591901,0.0769919877730237,0.0792047486607027,1.592910845487296e-05,0.0668260417822006,6.53410180308167e-05,0.0709699854745434,0.0691945862818299,0.0668111221494825,0.0113204100414195,0.0652722338833105,0.0647370428010489,0.0624838756125358,0.0651005862523413,0.0612751154305539,0.0442245612806782,0.0020570217591901,0.0526734084772946,0.0893381083898118,0.0652767270161533,0.0832802323708377,0.0317882022447312,0.0010457569836658,0.0565405298270049,0.0648924236736021,0.0632917683596407,0.0577612168896265,0.0537184070044027,0.0862437812624436,0.0628757313337537,0.0699993406800758,4.03736230042131e-07,1.5929108454872873e-05,0.0644922820840911,0.074386149125622,0.0154166381220581,0.0006591211449252,0.0629328281052042,0.0643167758880158,0.0668876280361661,6.534101803081748e-05,0.0663500776897308,0.0001316639420807,0.0005273024480175,0.0276345186037959,0.0020570217591901,0.0416398118381483,0.0472516969252936,0.0640840853099069,0.0441794843994549,0.0651608773394347,0.0522705406895906,0.0671327941010121,0.0773505358053764,0.0592400242272051,0.0783372481859529,0.0632917683596407,0.0101711704857531,0.1143021673223415,0.0190562091077407,0.0693942572972964,0.0632917683596407,0.1136672358652118,0.0143947749986478,0.0445258627826286,6.534101803081631e-05,6.534101803081631e-05,0.0628729174954884,0.0633539634175409
2.77,0.0019600285344997,0.0805436941590514,0.0001222929245345,0.0632525653620502,0.077114274245987,0.0002469435800328,0.0139812229962914,0.0631544549835657,0.0001162515169675,0.064784217732299,0.0626620047421531,0.0314678904634435,0.0095609359621738,0.0625735539318615,6.030427711038088e-05,0.0542647470715757,0.0644672580952994,0.0677795542196962,1.4514737056887496e-05,0.0934063812939666,0.0019600285344997,0.0661323497009045,0.0646441161417159,0.0592884080861752,0.0626620047421531,0.0019600285344997,2.9630538977797552e-05,0.0591027105974521,0.0136333565902653,0.0626894729846667,0.0817927124433879,0.0019600285344997,0.076360475007414,0.0775114997884319,1.4514737056887496e-05,0.0662162473693355,6.030427711038169e-05,0.0704387159186858,0.068678201824592,0.0661993661875745,0.0112304833769129,0.0641512724372852,0.0642269704354597,0.0618502893447842,0.0644842487823958,0.0606945918791127,0.0435059173684263,0.0019600285344997,0.0522621666862438,0.0889565367053716,0.0646583014693395,0.0828435808487537,0.0319527812521197,0.0009901067560731,0.0561952080122649,0.0642968067085666,0.0626620047421531,0.0575060272937458,0.0530762000533927,0.0856440849317504,0.0622440872853826,0.0699749633304635,4.051719782463023e-07,1.4514737056887435e-05,0.0638669861949999,0.0727860011928022,0.0149905169380032,0.0006740643007409,0.0622979664579863,0.0636994332020311,0.0662764715587097,6.030427711038229e-05,0.0657944543924385,0.0001222929245345,0.0004960652214003,0.0270191833754304,0.0019600285344997,0.0415702232445445,0.0463104218394305,0.0634587581650657,0.0433566072243079,0.0645479144747842,0.050726286091687,0.0665310909060259,0.0774721795393005,0.05878610381614,0.077647579891252,0.0626620047421531,0.009763998374645,0.113425130798806,0.0184734866289084,0.0688773425253049,0.0626620047421531,0.1124215029755404,0.0139812229962914,0.0437396902653024,6.030427711038124e-05,6.030427711038125e-05,0.0622856044799712,0.0627244363419015
2.78,0.0018674627223635,0.0797404056150604,0.0001135740744868,0.0628295753360365,0.0760948225657214,0.0002308094220281,0.0135790211238431,0.0625330682671594,0.0001166179261073,0.0641723583031877,0.0620385073773582,0.0316470443020534,0.0092222894679863,0.0620081377452517,5.564780946727879e-05,0.0538700303021991,0.0638620922764758,0.0672330533263583,1.3223709327360992e-05,0.0920628872686605,0.0018674627223635,0.0655263803445089,0.0640408661266623,0.0587951669239442,0.0620385073773582,0.0018674627223635,2.7168245371724663e-05,0.058831916662249,0.0134233684334461,0.062065828807721,0.0815506251933998,0.0018674627223635,0.075731569924808,0.075847529455073,1.3223709327360992e-05,0.0656120156345538,5.564780946727916e-05,0.0699114233587243,0.0681657150789267,0.065593211768417,0.0111413541544262,0.063047096852338,0.0637209779328234,0.0612231276393958,0.0638737464863409,0.0601198579624779,0.0427983935414292,0.0018674627223635,0.0518541356198599,0.0885742859488648,0.064045734827751,0.0824081447305234,0.0321161195860095,0.0009373324522337,0.0558525291306458,0.0637066661855025,0.0620385073773582,0.0572519651278841,0.0524410216213336,0.0850475132452934,0.0616187886774496,0.0699478595324127,4.066075328551285e-07,1.322370932736096e-05,0.0632477529794238,0.0712137774496966,0.0145754180158502,0.0006892564014249,0.061669507150887,0.0630880182765056,0.0656708992565471,5.564780946727982e-05,0.0652434892500411,0.0001135740744868,0.0004666298228885,0.0264167542006403,0.0018674627223635,0.0415005184394477,0.0453859484180943,0.0628395329102054,0.0425479477085644,0.0639407176957481,0.0492212387701214,0.0659347805627884,0.0775889583373804,0.0583347280417465,0.0769633770801924,0.0620385073773582,0.0093721489439373,0.1125504230619331,0.0179074998734509,0.0683642782004026,0.0620385073773583,0.1111826193055053,0.0135790211238431,0.0429670493287124,5.564780946727917e-05,5.564780946727888e-05,0.0617037391041614,0.0621011646655718
2.79,0.0017791303639814,0.0789426930528457,0.0001054631859843,0.0624094393219237,0.0750869048695371,0.0002157042745536,0.0131878775700865,0.0619177954733816,0.0001169839764105,0.0635662753301647,0.0614212139150001,0.0318251590495999,0.0088950622655876,0.0614479896313369,5.134358818913622e-05,0.0534789297818572,0.0632626121425796,0.0666909983555699,1.204548697980139e-05,0.0907328468606736,0.0017791303639814,0.0649259634521279,0.06344324440635,0.0583064789423453,0.0614212139150001,0.0017791303639814,2.4906700391540773e-05,0.0585623634375751,0.0132188439008261,0.0614483887355631,0.0813071503106596,0.0017791303639814,0.0751053059608767,0.0742125580856539,1.204548697980139e-05,0.065013295900117,5.1343588189136536e-05,0.0693880780235264,0.0676570956381913,0.0649926076014905,0.011053015990186,0.0619595212057366,0.0632190306888297,0.0606023253513394,0.0632690241186159,0.0595508525565069,0.042101831189721,0.0017791303639813,0.0514492902107627,0.0881913954310967,0.0634389715846732,0.0819739366202749,0.0322782046580358,0.0008872907342665,0.0555124685969772,0.0631219513861389,0.0614212139150001,0.0569990254110448,0.0518128069781947,0.084454067110414,0.0609997717642148,0.0699180520927744,4.080428938880654e-07,1.2045486979801393e-05,0.0626345236551532,0.069669204119672,0.0141710836797436,0.0007046997129428,0.0610473856924382,0.0624824741088104,0.0650708601067162,5.134358818913708e-05,0.0646971429809549,0.0001054631859843,0.0004388956203339,0.0258269860881059,0.0017791303639814,0.0414306735144767,0.0444780370059759,0.0622263500035938,0.0417532902525829,0.0633392327614985,0.0477546666014868,0.0653438147375846,0.0777008859974682,0.0578859074810617,0.0762846408386177,0.0614212139150001,0.0089950940654795,0.1116781256451287,0.0173578121351527,0.0678550356424775,0.0614212139150001,0.1099507044523391,0.0131878775700865,0.0422077307698526,5.134358818913615e-05,5.134358818913616e-05,0.0611272771719928,0.0614840862307466
2.8000000000000003,0.0016948455461179,0.0781505584490684,9.791895605287031e-05,0.06199213706854,0.0740904339246355,0.000201564365563,0.0128075072867766,0.0613085764463739,0.0001173496681281,0.0629659143519619,0.0608100626252179,0.0320022205622443,0.008578894733489,0.0608930574439786,4.736559392348239e-05,0.0530913999067151,0.0626687641143209,0.066153352167124,1.0970411037391032e-05,0.0894162779468649,0.0016948455461179,0.0643310481478743,0.0628511985144341,0.0578222998713178,0.0608100626252179,0.0016948455461179,2.282989167041273e-05,0.058294045238803,0.0130195642086166,0.0608370910488356,0.0810623195317871,0.0016948455461179,0.074481715754344,0.0726063006074839,1.0970411037391032e-05,0.0644200379474833,4.736559392348275e-05,0.0688686503648214,0.067152313354879,0.0643975028659167,0.0109654625531557,0.0608883597633605,0.0627210944554891,0.0599878179961477,0.0626700269567612,0.0589875152199096,0.0414160736246088,0.0016948455461179,0.0510476055872834,0.0878079039522192,0.0628379567592565,0.0815409688045807,0.0324390241264984,0.0008398450836522,0.0551750020831655,0.0625426120756954,0.0608100626252179,0.0567472031842376,0.0511914917605699,0.0838637470632996,0.0603869734403219,0.0698855638893253,4.094780613645679e-07,1.0970411037390973e-05,0.0620272400099317,0.0681520024116758,0.013777261277428,0.0007203964898299,0.0604315382382082,0.0618827442476977,0.0644763035524551,4.736559392348334e-05,0.064155376644753,9.791895605287031e-05,0.0004127673795736,0.0252496379050969,0.0016948455461179,0.0413606654839218,0.0435864494768853,0.0616191504845018,0.0409724216754853,0.0627434059414338,0.0463258399438601,0.0647581455300766,0.0778079770498215,0.0574396520623625,0.0756113706978413,0.0608100626252179,0.0086323214149309,0.1108083181050123,0.0168239963131841,0.0673495863849642,0.0608100626252179,0.1087258735595665,0.0128075072867766,0.0414615277303206,4.736559392348276e-05,4.736559392348244e-05,0.0605561747362319,0.0608731394972636
2.81,0.0016144300923993,0.0773640030347656,9.09028013942712e-05,0.0615776485070882,0.0731053220804748,0.0001883297391118,0.012437631860411,0.0607053516221654,0.0001177150015115,0.062371221418471,0.0602049923923735,0.0321782149085145,0.0082734374484116,0.0603432896131436,4.368967596930247e-05,0.0527073958138144,0.0620804951226121,0.0656200779555801,9.989630479606532e-06,0.0881131933077628,0.0016144300923993,0.0637415840220015,0.0622646764720357,0.0573425858812795,0.0602049923923735,0.0016144300923993,2.0923051828283e-05,0.0580269564073509,0.0128253204416233,0.0602318746421799,0.0808161643071152,0.0016144300923993,0.0738608311442885,0.0710284668340517,9.989630479606532e-06,0.0638321920132402,4.368967596930312e-05,0.0683531110555319,0.0666513383379375,0.0638078472061589,0.0108786875645848,0.0598334270477755,0.0622271353355735,0.0593795417432314,0.0620767007964617,0.0584297861862267,0.0407409660647751,0.0016144300923993,0.0506490570719366,0.0874238498048331,0.0622426358915335,0.0811092532570859,0.0325985658963124,0.000794865496666,0.0548401055153541,0.061968598497762,0.0602049923923735,0.0564964935103814,0.0505770119738013,0.0832765532767743,0.0597803312343672,0.0698504178660739,4.109130353040885e-07,9.989630479606537e-06,0.0614258443959305,0.0666618888839968,0.0133937031195474,0.0007363489746548,0.0598219015844023,0.0612887727878419,0.0638871794989423,4.36896759693036e-05,0.0636181516387777,9.09028013942712e-05,0.0003881549897618,0.0246844723408767,0.0016144300923993,0.0412904722589489,0.0427109492919707,0.061017875967535,0.040205131214538,0.0621531840103803,0.0449340322065019,0.0641777254694032,0.0779102467442774,0.0569959710778514,0.0749435646727547,0.0602049923923735,0.0082833341191897,0.1099410780437417,0.016305634776037,0.0668479021732567,0.0602049923923735,0.1075082373761929,0.012437631860411,0.0407282357012503,4.368967596930313e-05,4.3689675969302845e-05,0.059990388097679,0.0602682635364638
2.82,0.0015377132650567,0.0765830273010109,8.437868608493861e-05,0.0611659537480726,0.0721314813055514,0.0001759440369102,0.012077979385263,0.0601080620228392,0.0001180799768116,0.0617821430860191,0.0596059427089393,0.0323531283699027,0.0079783509467554,0.0597986351373719,4.0293422571087736e-05,0.0523268733674367,0.0614977526035324,0.0650911392466399,9.095036487709576e-06,0.0868236007670003,0.0015377132650567,0.0631575211265839,0.0616836267832615,0.0568672935787015,0.0596059427089393,0.0015377132650567,1.9172564573965824e-05,0.0577610913105633,0.0126359131279294,0.0596326790181191,0.080568715801068,0.0015377132650567,0.0732426831681502,0.0694787618381761,9.095036487709576e-06,0.0632497087850707,4.02934225710879e-05,0.0678414309881183,0.066154140950121,0.0632235907277608,0.0107926847975611,0.0587945379038168,0.0617371197771976,0.0587774334092387,0.0614889919466396,0.0578776063559057,0.040076355622177,0.0015377132650567,0.0502536201799037,0.0870392707771243,0.0616529550374884,0.0806788016430772,0.032756818118905,0.0007522281921955,0.0545077550711148,0.06139986136925,0.0596059427089393,0.0562468914742065,0.0499693039940369,0.0826924855679597,0.0591797833025291,0.0698126370286391,4.123478157260784e-07,9.09503648770955e-06,0.0608302797242718,0.0651985757976451,0.0130201664181834,0.0007525593974834,0.0592184131615207,0.06070050436444,0.0633034383090755,4.029342257108856e-05,0.0630854296948031,8.437868608493861e-05,0.0003649732016846,0.0241312558696554,0.0015377132650567,0.0412200726226453,0.0418513015549102,0.0604224686370177,0.0394512105234481,0.0615685142438376,0.0435785203892002,0.0636025075103133,0.0780077110374254,0.0565548731961878,0.0742812192998361,0.0596059427089393,0.0079476504052705,0.1090764811314132,0.015802319223881,0.0663499549631354,0.0596059427089393,0.1062979023165442,0.012077979385263,0.0400076525268572,4.029342257108791e-05,4.029342257108794e-05,0.0594298738044221,0.0596693980251166
2.83,0.0014645314768432,0.0758076310049361,7.83129596617371e-05,0.0607570330783196,0.071168823223188,0.0001643542916633,0.0117282843377212,0.0595166492507783,0.0001184445942792,0.0611986264126818,0.0590128536694478,0.0325269474414075,0.0076933054892651,0.059259043576364,3.715603983971447e-05,0.0519497891457296,0.0609204844933547,0.0645664998935802,8.279201867783951e-06,0.0855475033291241,0.0014645314768432,0.0625788099713118,0.0611079984307649,0.0563963800017267,0.0590128536694478,0.0014645314768432,1.7565877629859156e-05,0.0574964443415918,0.0124511518294975,0.0590394442810127,0.0803200048925845,0.0014645314768432,0.0726273020604143,0.0679568863144985,8.279201867783951e-06,0.0626725393977507,3.715603983971492e-05,0.0673335812729351,0.0656606918053831,0.0626446839931246,0.0107074480765672,0.0577715075617373,0.0612510145685174,0.0581814304514966,0.0609068472245906,0.057330917288474,0.039422091287756,0.0014645314768432,0.0498612706175293,0.0866542041560337,0.0610688607641633,0.0802496253239972,0.0329137691920603,0.0007118153315167,0.0541779271766715,0.0608363518754149,0.0590128536694478,0.0559983921821595,0.049368304570221,0.0821115434058213,0.0585852684222632,0.0697722444397007,4.137824026499866e-07,8.279201867783951e-06,0.0602404894596134,0.0637617714594434,0.012656413224708,0.0007690299753444,0.0586210110280803,0.0601178841478665,0.0627250307992901,3.715603983971523e-05,0.0625571728757486,7.83129596617371e-05,0.0003431413785096,0.0235897587131277,0.0014645314768432,0.0411494462058737,0.0410072730641554,0.0598328712414351,0.0387104536696176,0.06098934441327,0.0422585855920461,0.0630324450293382,0.0781003865797836,0.0561163664748641,0.0736243296750315,0.0590128536694478,0.0076248032510508,0.1082146011285247,0.0153136505495655,0.0658557169192033,0.0590128536694478,0.1050949705206872,0.0117282843377212,0.0392995784066507,3.715603983971485e-05,3.715603983971446e-05,0.0588745886511408,0.0590764832394032
2.84,0.0013947280128523,0.0750378131760956,7.267420500940122e-05,0.0603508669580886,0.0702172591463483,0.0001535107316144,0.0113882874519758,0.058931055482943,0.000118808854165,0.0606206189536417,0.0584256659645008,0.0326996588320243,0.0074179808289747,0.0587244650436864,3.425823875767586e-05,0.0515761004275907,0.0603486392236201,0.0640461240737299,7.5353252600156975e-06,0.0842848993157377,0.0013947280128523,0.0620054015192995,0.0605377408713479,0.0559298026158344,0.0584256659645008,0.0013947280128523,1.6091422006534364e-05,0.0572330099192776,0.0122708547482631,0.0584521111310766,0.0800700621755832,0.0013947280128523,0.0720147172519409,0.0664625369314117,7.5353252600156975e-06,0.0621006354291796,3.425823875767618e-05,0.0668295332366,0.0651709617663012,0.0620710780173278,0.0106229712770402,0.0567641516979768,0.0607687868325686,0.0575914709615171,0.0603302139511696,0.0567896611948082,0.0387780239169721,0.0013947280128523,0.049471984280828,0.0862686867304599,0.060490300144821,0.0798217353619025,0.0330694077597104,0.0006735147496087,0.0538505985041553,0.0602780216649486,0.0584256659645008,0.0557509907623066,0.0487739508260149,0.0815337259185893,0.0579967259860624,0.0697292632145213,4.152167960952608e-07,7.535325260015647e-06,0.0596564176147771,0.0623511805549303,0.012302210367028,0.0007857629116957,0.0580296338643912,0.0595408578383898,0.0621519082354146,3.4258238757676474e-05,0.0620333435724413,7.267420500940122e-05,0.0003225832584424,0.0230597548026291,0.0013947280128523,0.0410785734638996,0.0401786323623093,0.0592490270879285,0.0379826571303998,0.0604156227814402,0.0409735134964326,0.0624674918209958,0.0781882907029827,0.0556804583724263,0.072972889491479,0.0584256659645008,0.0073143400382798,0.1073555099084926,0.014839238698479,0.0653651604133348,0.0584256659645008,0.1038995399153828,0.0113882874519758,0.0386038158963629,3.425823875767599e-05,3.425823875767585e-05,0.0583244896784554,0.058489460048958
2.85,0.00132815276197,0.0742735721231555,6.743309549441942e-05,0.0599474360182688,0.0692767001114921,0.0001433665957326,0.0110577355970877,0.0583512234652275,0.0001191727567195,0.0600480687565847,0.0578443208748384,0.0328712494651815,0.00715206598251,0.0581948501995932,3.158212975769546e-05,0.0512057651798044,0.0597821657162716,0.0635299762850052,6.857179770950758e-06,0.0830357824999483,0.00132815276197,0.0614372471829551,0.0599728040315994,0.0554675193095458,0.0578443208748384,0.00132815276197,1.4738537185192587e-05,0.056970782488033,0.0120948483472931,0.0578706208584434,0.0798189179594685,0.00132815276197,0.0714049573699098,0.0649954066725297,6.857179770950758e-06,0.0615339488964422,3.158212975769573e-05,0.0663292584203748,0.0646849219415402,0.0615027242639782,0.0105392483249357,0.0557722864936061,0.0602904040222175,0.0570074936585607,0.059759039946019,0.0562537809294969,0.0381440062151725,0.00132815276197,0.0490857372540042,0.0858827547944916,0.0599172207541445,0.0793951425238668,0.0332237227116773,0.0006372196976,0.0535257459688906,0.0597248228451382,0.0578443208748384,0.055504682364238,0.0481861802616458,0.0809590319010615,0.0574140959952774,0.0696837165165381,4.166509960813468e-07,6.857179770950734e-06,0.0590780087454366,0.0609665044711826,0.0119573293862915,0.0008027603958913,0.0574442209663952,0.0589693716609448,0.0615840223285648,3.1582129757696047e-05,0.0615139045004241,6.743309549441942e-05,0.0003032267287799,0.0225410217409429,0.00132815276197,0.0410074356537592,0.0393651497827155,0.0586708800368423,0.0372676197883964,0.0598472980977896,0.0397225948180727,0.0619076020940333,0.0782714414069624,0.0552471557605418,0.0723268910770486,0.0578443208748384,0.0070158222082114,0.1064992774802104,0.0143787025274696,0.064878258023136,0.0578443208748384,0.1027117042755123,0.0110577355970877,0.0379201699076484,3.158212975769559e-05,3.158212975769559e-05,0.0577795341723198,0.0579082699109772
2.86,0.0012646619576955,0.0735149054408902,6.256226081857743e-05,0.05954672105766,0.0683470569114949,0.0001338779590104,0.0107363816554753,0.0577770965068561,0.0001195363021931,0.0594809243571392,0.0572687602654673,0.0330417064791266,0.0068952590048137,0.0576701502439612,2.911112439366655e-05,0.0508387420444264,0.0592210133788373,0.0630180213424885,6.239065691642313e-06,0.0818001422390843,0.0012646619576955,0.0608742988197995,0.0594131383035753,0.0550094883901757,0.0572687602654673,0.0012646619576955,1.349740179488484e-05,0.056709756517725,0.0119229669865813,0.0572949153373035,0.0795666022696774,0.0012646619576955,0.0707980502383556,0.0635551851678125,6.239065691642313e-06,0.0609724322519032,2.911112439366681e-05,0.0658327285785588,0.0642025436833471,0.0609395746411072,0.0104562731962955,0.0547957286905005,0.0598158339152326,0.0564294378832756,0.0591932735228458,0.0557232199832977,0.0375198927228105,0.0012646619576955,0.048702505807982,0.0854964441506689,0.0593495706634926,0.0789698572863292,0.0333767031833627,0.0006028285959475,0.0532033467267117,0.0591767079770933,0.0572687602654673,0.0552594621589733,0.0476049307556816,0.0803874598217921,0.0568373190539997,0.0696356275530264,4.180850026276885e-07,6.2390656916422825e-06,0.0585052079448504,0.0596074416096691,0.0116215464731289,0.0008200246026507,0.0568647122395608,0.0584033723599578,0.0610213252310751,2.911112439366704e-05,0.0609988186968112,6.256226081857743e-05,0.0002850036108675,0.0220333407637921,0.0012646619576955,0.0409360148123379,0.0385665974933378,0.0580983744963282,0.0365651429258394,0.0592843195938596,0.0385051257328355,0.0613527304677008,0.0783498573471836,0.0548164649359125,0.0716863254316739,0.0572687602654673,0.0067288249201961,0.1056459720106417,0.0139316696630175,0.0643949825304153,0.0572687602654673,0.1015315532859238,0.0107363816554753,0.0372484477066012,2.911112439366666e-05,2.9111124393666665e-05,0.0572396796634531,0.0573328548643749
2.87,0.0012041179280655,0.0727618100174706,5.80361610926463e-05,0.0591487030403336,0.0674282401276445,0.0001250035673589,0.0104239844028482,0.0572086184748445,0.000119899490836,0.0589191347743546,0.0566989265798469,0.03321101722726,0.0066472667673542,0.0571503169093363,2.6829843651197608e-05,0.0504749903264116,0.0586651320996666,0.0625102243750579,5.675766989013823e-06,0.0805779636056546,0.0012041179280655,0.0603165087284668,0.0588586945405164,0.0545556685796254,0.0566989265798469,0.0012041179280655,1.2358969398574413e-05,0.056449926503558,0.0117550525730576,0.0567249370200911,0.0793131448482651,0.0012041179280655,0.0701940228792639,0.0621415590144562,5.675766989013823e-06,0.0604160383793328,2.682984365119786e-05,0.065339915676894,0.063723798585083,0.0603815814971001,0.0103740399168185,0.0538342956452972,0.05934504460947,0.0558572435913964,0.0586328634847406,0.0551979224756855,0.0369055398005229,0.0012041179280655,0.0483222663989482,0.0851097901132722,0.0587872984361895,0.0785458898393893,0.0335283385553884,0.0005702447979601,0.0528833781713096,0.0586336300710362,0.0566989265798469,0.0550153253388665,0.0470301405667316,0.0798190078301626,0.0562663363630078,0.0695850195708319,4.195188157537284e-07,5.675766989013815e-06,0.0579379608386518,0.0582736876892576,0.0112946424034944,0.0008375576915287,0.0562910481928367,0.0578428071942299,0.060463769532467,2.682984365119809e-05,0.0604880495171884,5.80361610926463e-05,0.0002678494554856,0.0215364967010451,0.0012041179280655,0.0408642937351288,0.0377827495380065,0.0575314554169972,0.0358750302180935,0.0587266369787574,0.0373204082761946,0.0608028319680619,0.0784235578218615,0.0543883916320359,0.0710511822644481,0.0566989265798469,0.0064529367135423,0.1047956598474342,0.013497776358845,0.0639153069196657,0.0566989265798469,0.1003591726036485,0.0104239844028482,0.0365884589111396,2.6829843651197865e-05,2.682984365119776e-05,0.0567048839268082,0.0567631575240069
2.88,0.0011463888544261,0.0720142820420261,5.383096865676901e-05,0.0587533630930706,0.0665201601607356,0.0001167046816149,0.0101203083896157,0.0566457337885086,0.0001202623228983,0.0583626495062187,0.0561347628341337,0.0333791692784188,0.0064078047398676,0.0566353024540895,2.47240324719236e-05,0.0501144699814797,0.0581144722432202,0.0620065508220658,5.162511280536515e-06,0.0793692275165256,0.0011463888544261,0.0597638296446182,0.0583094240526033,0.0541060190102179,0.0561347628341337,0.0011463888544261,1.1314909027665148e-05,0.0561912869659581,0.011590954224385,0.0561606289317324,0.0790585751545288,0.0011463888544261,0.0695929015142022,0.0607542120876808,5.162511280536515e-06,0.0598647205900648,2.472403247192384e-05,0.0648507918909818,0.0632486584787871,0.0598286976166642,0.0102925425614356,0.0528878053811878,0.058878004518176,0.0552908513475023,0.0580777591195414,0.0546778331474924,0.03630080561408,0.0011463888544261,0.0479449956669052,0.084722827511637,0.0582303531228653,0.0781232500910488,0.033678618453188,0.0005393763632908,0.0525658179316091,0.058095542581656,0.0561347628341337,0.054772267117512,0.0464617483350705,0.0792536737633405,0.0557010897137717,0.069531915852173,4.209524354789071e-07,5.162511280536516e-06,0.0573762135796846,0.0569649360394977,0.0109764024741753,0.0008553618063875,0.0557231699326632,0.0572876239318743,0.0599113082554545,2.472403247192404e-05,0.0599815606325563,5.383096865676901e-05,0.0002517033482077,0.0210502779376674,0.0011463888544261,0.0407922559556453,0.0370133818751074,0.0569700682866288,0.0351970877263194,0.0581742004346637,0.03616775071709,0.0602578620243363,0.0784925627592228,0.0539629410308131,0.0704214500304648,0.0561347628341337,0.0061877591729285,0.1039484055415495,0.013076667353134,0.0634392043765595,0.0561347628341337,0.0991946439204331,0.0101203083896157,0.0359400154873043,2.4724032471923712e-05,2.4724032471923715e-05,0.0561751049810746,0.0561991210749446
2.89,0.0010913485387949,0.071272317012466,4.9924457198998114e-05,0.0583606825028738,0.0656227272612789,0.0001089449301898,0.0098251238237946,0.0560883874140304,0.0001206247986299,0.0578114185252175,0.055576212611483,0.0335461504171108,0.0061765967756765,0.0561250596556795,2.278048009116921e-05,0.0497571416042145,0.0575689846454068,0.0615069664300644,4.69493302353585e-06,0.0781739108602901,0.0010913485387949,0.0592162147369785,0.0577652786027509,0.0536604992205763,0.055576212611483,0.001091348538795,1.035755012860902e-05,0.0559338324504575,0.0114305279461282,0.0556019346639488,0.0788029223656683,0.0010913485387949,0.0689947115664611,0.0593928258415389,4.69493302353585e-06,0.0593184326191854,2.27804800911694e-05,0.064365329604713,0.0627770954327725,0.0592808762168336,0.0102117752538881,0.0519560766375976,0.0584146823653854,0.0547302023188548,0.0575279101952427,0.0541628973536372,0.035705550119217,0.0010913485387949,0.047570670434236,0.0843355906934924,0.0576786842568394,0.0777019476714002,0.0338275327465506,0.0005101358410274,0.0522506438691754,0.0575623994035267,0.055576212611483,0.0545302827296503,0.0458996930841854,0.0786914551531255,0.0551415214825197,0.0694763397105109,4.223858618226633e-07,4.694933023535824e-06,0.0568199128428921,0.0556808778843125,0.0106666164380313,0.0008734390748704,0.0551610191570385,0.0567377708453058,0.059363894851986,2.278048009116972e-05,0.0594793160263156,4.9924457198998114e-05,0.0002365077242889,0.0205744763744462,0.001091348538795,0.040719885725458,0.0362582724137881,0.0564141591249274,0.0345311238893329,0.0576269606123827,0.0350464679069914,0.0597177764652772,0.0785568927047913,0.0535401177740054,0.0697971159673771,0.055576212611483,0.0059329065976272,0.1031042718698958,0.0126679957255186,0.0629666482864509,0.055576212611483,0.0980380450255432,0.0098251238237946,0.0353029317445162,2.2780480091169404e-05,2.278048009116932e-05,0.0556503010882116,0.0556406892668099
2.9,0.0010388761795629,0.0705359097435442,4.629589774722932e-05,0.0579706427145533,0.0647358515588416,0.0001016901699192,0.0095382064554386,0.0555365248590803,0.0001209869182805,0.0572653922739324,0.0550232200564072,0.0337119486437001,0.0059533749006221,0.055619541804021,2.09869458126394e-05,0.049402966416393,0.0570286206089735,0.061011437249574,4.269039670209255e-06,0.0769919866228086,0.0010388761795629,0.058673617603323,0.05722621040244,0.0532190691515427,0.0550232200564072,0.0010388761795629,9.47983160773004e-06,0.0556775575275794,0.0112736363218753,0.0550487983696213,0.0785462153774832,0.0010388761795629,0.0683994776636807,0.0580570795998842,4.269039670209255e-06,0.058777128621754,2.0986945812639585e-05,0.0638835014087077,0.0623090817492563,0.0587380709430106,0.0101317321663101,0.0510389289178062,0.0579550471814427,0.0541752382692705,0.0569832669554495,0.0536530610559431,0.0351196350463594,0.0010388761795629,0.0471992677042809,0.083948113528324,0.0571322418495496,0.0772819919367642,0.0339750715491164,0.000482440062027,0.0519378340756502,0.0570341548665836,0.0550232200564072,0.054289367431075,0.0453439142222446,0.0781323492326862,0.0545875746243634,0.0694183144864896,4.238190948044341e-07,4.269039670209256e-06,0.0562690058202548,0.0544212026162348,0.010365078439025,0.0008917916078775,0.0546045381496444,0.056193196706284,0.0588214831993226,2.0986945812639863e-05,0.0589812799912954,4.629589774722932e-05,0.0002222081926603,0.0201088873885186,0.0010388761795629,0.0406471679948333,0.0355172010477545,0.055863674478333,0.0338769495146984,0.0570848686269354,0.0339558816049583,0.0591825315155813,0.0786165688087054,0.0531199259745402,0.0691781661316587,0.0550232200564072,0.0056880056747766,0.1022633198579579,0.0122714227540053,0.0624976122328933,0.0550232200564072,0.0968894498687883,0.0095382064554386,0.0346770243298391,2.0986945812639588e-05,2.0986945812639463e-05,0.0551304307530108,0.0550878064081674
2.91,0.0009888561552877,0.069805054375153,4.292596113247211e-05,0.0575832253283785,0.0638594430905366,9.490835468596135e-05,0.0092593374626073,0.0549900921674873,0.0001213486820998,0.0567245216606769,0.0544757298691898,0.0338765521745433,0.0057378791056386,0.055118702694957,1.9332089866575997e-05,0.0490519062555374,0.0564933318989437,0.0605199296319005,3.881180557835848e-06,0.0758234240109012,0.0009888561552877,0.058135992266571,0.0566921721075859,0.0527816891421387,0.0544757298691898,0.0009888561552877,8.675254681527758e-06,0.0554224567927234,0.0111201482159036,0.0545011647572046,0.0782884828051041,0.0009888561552877,0.0678072236409384,0.0567466508376355,3.881180557835848e-06,0.0582407631690539,1.9332089866576207e-05,0.063405280098768,0.0618445899620203,0.0582002358650431,0.0100524075188136,0.0501361825345558,0.0574990682986035,0.0536259015530859,0.0564437801148682,0.0531482708160439,0.0345429238852502,0.0009888561552877,0.0468307646599235,0.0835604294107565,0.0565909763860189,0.076863391973775,0.0341212252178264,0.0004562099401456,0.051627366870216,0.056510763731662,0.0544757298691898,0.0540495164985397,0.0447943515434884,0.0775763529431861,0.0540391926674822,0.0693578635439421,4.252521344436552e-07,3.881180557835825e-06,0.0557234402157743,0.053185598061323,0.010071586947102,0.0009104214990434,0.054053669774026,0.0556538507810081,0.0582840275961516,1.933208986657636e-05,0.0584874171268203,4.292596113247211e-05,0.000208753368622,0.0196533097937282,0.0009888561552877,0.0405740883939486,0.0347899496867296,0.0553185614148808,0.0332343777690879,0.0565478760531909,0.0328953207794773,0.0586520837923321,0.0786716128130722,0.0527023692276659,0.0685645854345432,0.0544757298691898,0.0054526951569143,0.101425608802413,0.0118866177719713,0.0620320699961645,0.0544757298691898,0.0957489286237201,0.0092593374626073,0.0340621122212887,1.93320898665761e-05,1.9332089866575997e-05,0.0546154527226833,0.0545404173609679
2.92,0.0009411778163367,0.0690797443808307,3.9796626543032994e-05,0.0571984120977988,0.0629934118286778,8.856941141210078e-05,0.0089883033388938,0.0544490359139637,0.0001217100903371,0.0561887580551728,0.053933687300356,0.0340399494420798,0.0055298571429934,0.0546224966238305,1.7805409019355033e-05,0.048703923563689,0.055963070738105,0.0600324102259949,3.5280183207836485e-06,0.0746681885741776,0.0009411778163367,0.057603293170903,0.0561631168144437,0.0523483199255667,0.053933687300356,0.0009411778163367,7.937839259538786e-06,0.0551685248660518,0.010969938487984,0.0539589790852035,0.0780297529837584,0.0009411778163367,0.0672179725442765,0.0554612154524845,3.5280183207836485e-06,0.0577092912448767,1.7805409019355216e-05,0.0629306386743425,0.0613835928341027,0.0576673254733387,0.0099737955790779,0.0492476586537005,0.0570467153467569,0.0530821351091601,0.055909400854849,0.0526484737883756,0.033975281869491,0.0009411778163367,0.0464651386621901,0.0831725712639585,0.0560548388203708,0.0764461566034155,0.0342659843523264,0.0004313702820259,0.0513192207970899,0.0559921811860916,0.053933687300356,0.0538107252296653,0.04425094522954,0.0770234629403069,0.0534963197073668,0.0692950102659649,4.2668498075975993e-07,3.52801832078364e-06,0.0551831642405118,0.0519737507349079,0.0097859446929776,0.0009293308242173,0.0535083574678272,0.0551196828252655,0.057751482758736,1.7805409019355382e-05,0.0579976923358175,3.9796626543032994e-05,0.0001960947148397,0.0192075458008384,0.0009411778163367,0.04050063321466,0.0340763022856473,0.0547787675191118,0.0326032241679427,0.0560159349215439,0.0318641218878568,0.0581263903014731,0.0787220470393595,0.052287450621958,0.0679563576776255,0.053933687300356,0.0052266255439678,0.1005911962937269,0.0115132580253758,0.0615699955518047,0.053933687300356,0.0946165477509673,0.0089883033388938,0.0334580167202318,1.780540901935511e-05,1.7805409019355033e-05,0.0541053259864716,0.0539984675350504
2.93,0.0008957352841398,0.0683599725764694,3.689109580982061e-05,0.0568161849272273,0.0621376677076169,8.264512303492027e-05,0.0087248957825223,0.0539133031988783,0.0001220711432419,0.0556580532842639,0.053397038145197,0.0342021290948737,0.0053290643262089,0.054130878379158,1.6397176622833643e-05,0.0483589813763968,0.0554377898025443,0.0595488459753585,3.2065026268440405e-06,0.0735262423249857,0.0008957352841398,0.0570754751778924,0.0556389980555522,0.0519189226252512,0.053397038145197,0.0008957352841398,7.262083605403087e-06,0.0549157563923759,0.0108228877199238,0.053422187156698,0.0777700539695696,0.0008957352841398,0.0666317466346447,0.0542004480271918,3.2065026268440405e-06,0.0571826682418343,1.6397176622833806e-05,0.0624595503370009,0.0609260633555212,0.0571392946750134,0.0098958906619422,0.0483731793359422,0.0565979582492261,0.0525438824549579,0.0553800808189635,0.0521536177132543,0.0334165759610053,0.0008957352841398,0.0461023672488581,0.0827845715430653,0.0555237805713855,0.076030294385001,0.0344093397943255,0.0004078496051172,0.0510133746230455,0.0554783628393511,0.053397038145197,0.0535729889428478,0.0437136358506372,0.0764736756006585,0.0529589004011206,0.0692297780510585,4.281176337721803e-07,3.206502626844025e-06,0.0546481266076694,0.0507853460883102,0.0095079586028824,0.0009485216409455,0.0529685452370819,0.0545906430796277,0.0572238038170993,1.639717662283394e-05,0.0575120708219623,3.689109580982061e-05,0.0001841863902697,0.018771400977627,0.0008957352841398,0.0404267893928023,0.0333760448716478,0.0542442408870324,0.0319833065644683,0.0554889977136269,0.0308616291339507,0.0576054084343178,0.0787678943758324,0.0518751727501767,0.0673534655881062,0.053397038145197,0.0050094587698754,0.0997601382387204,0.0111510285303188,0.0611113630691641,0.0533970381451971,0.0934923700616566,0.0087248957825223,0.0328645614429163,1.6397176622833718e-05,1.639717662283372e-05,0.0536000097752823,0.0534619028826979
2.94,0.0008524272578185,0.0676457311292101,3.419371308262632e-05,0.0564365258698864,0.0612921206497789,7.710901809782188e-05,0.0084689115870313,0.0533828416430946,0.0001224318410631,0.0551323596276688,0.0528657287383503,0.0343630799976106,0.0051352633336791,0.0536438032363982,1.5098386810965848e-05,0.0480170433119179,0.0549174422172297,0.0590692041149878,2.9138460552293865e-06,0.0723975438564697,0.0008524272578185,0.0565524935626802,0.0551197697957104,0.0514934587509202,0.0528657287383503,0.0008524272578185,6.642927039178019e-06,0.0546641460410431,0.0106788819534555,0.0528907353139278,0.0775094135403873,0.0008524272578185,0.0660485673922394,0.0529640220826247,2.9138460552293865e-06,0.0566608499577041,1.5098386810965972e-05,0.0619919884889221,0.0604719747410241,0.0566160987900761,0.0098186871290017,0.0475125675767063,0.0561527672186749,0.0520110876806711,0.0548557721086276,0.0516636509100378,0.0328666748344333,0.0008524272578185,0.0457424281330762,0.0823964622386189,0.0549977535180955,0.0756158136201153,0.0345512826269109,0.000385579963609,0.0507098073349623,0.0549692647187762,0.0528657287383503,0.0533363029771666,0.0431823643667848,0.0759269870280931,0.0524268799618158,0.0691621903093345,4.295500935003467e-07,2.9138460552293683e-06,0.0541182765277213,0.0496200687466854,0.0092374397333204,0.000967995987956,0.0524341776505592,0.0540666822646978,0.0567009463112448,1.5098386810966118e-05,0.0570305180868608,3.419371308262632e-05,0.0001729851066475,0.0183446842088863,0.0008524272578185,0.0403525444909986,0.032688965568946,0.0537149301211243,0.0313744451379961,0.0549670173580679,0.0298871947049723,0.0570890959640874,0.0788091782650346,0.0514655377199753,0.0667558908536633,0.0528657287383503,0.0048008678939928,0.0989324888830996,0.0107996219310691,0.0606561469099619,0.0528657287383503,0.0923764547808809,0.0084689115870313,0.0322815723111705,1.5098386810965896e-05,1.50983868109659e-05,0.053099463561338,0.0529306698932485
2.95,0.0008111568279611,0.0669370115665113,3.168988957592121e-05,0.056059417125713,0.0604566805909128,7.193626660665071e-05,0.0082201525335497,0.052857599382835,0.0001227921840499,0.0546116298137718,0.0523397059484323,0.0345227912310491,0.004948224015985,0.0531612269518196,1.390070256932957e-05,0.0476780735606254,0.0544019815516414,0.0585934521683649,2.6475019473256944e-06,0.0712820484587238,0.0008111568279611,0.0560343040101763,0.0546053864279948,0.0510718901947266,0.0523397059484323,0.0008111568279611,6.075715460228148e-06,0.0544136885058246,0.0105378124390861,0.052364570432928,0.07724785919665,0.0008111568279611,0.065468455521217,0.0517516103216919,2.6475019473256944e-06,0.0561437925918032,1.3900702569329688e-05,0.0615279267313915,0.0600213004278743,0.0560976935476479,0.0097421793882072,0.0466656473441994,0.0557111127530947,0.0514836954434189,0.0543364272787651,0.0511785222703705,0.0323254488614667,0.0008111568279611,0.0453852992019954,0.0820082748800259,0.0544767099954292,0.0752027223564952,0.03469180417382,0.0003644967819716,0.0504084981374032,0.0544648432653248,0.0523397059484323,0.0531006626922931,0.0426570721288268,0.0753833930599112,0.0519002041529101,0.0690922704587886,4.309823599636872e-07,2.6475019473256948e-06,0.0535935637035919,0.0484776027381448,0.0089742032058874,0.0009877558846468,0.0519051998341639,0.0535477515764094,0.0561828661874095,1.3900702569329815e-05,0.056552999927269,3.168988957592121e-05,0.0001624499921932,0.0179272076563532,0.0008111568279611,0.0402778866819619,0.0320148546216386,0.0531907843254016,0.0307764623817405,0.0544499472262851,0.0289401789881544,0.0565774110424824,0.0788459226913204,0.0510585471644634,0.0661636141569355,0.0523397059484323,0.0046005367974233,0.0981083008339419,0.0104587383586778,0.0602043216268547,0.0523397059484324,0.0912688576111778,0.0082201525335497,0.0317088775423123,1.3900702569329627e-05,1.390070256932963e-05,0.0526036470578459,0.0524047155877563
2.96,0.0007718312973203,0.0662338047853778,2.936603308051733e-05,0.055684841039321,0.0596312575045729,6.710358181772925e-05,0.0079784252846749,0.0523375250646239,0.000123152172451,0.0540958170154505,0.0518189171727258,0.034681252091927,0.0047677232069116,0.0526831057564579,1.2796407420310407e-05,0.0473420368746201,0.0538913618154468,0.0581215579444871,2.4051440740710365e-06,0.0701797082330357,0.0007718312973203,0.0555208626113299,0.0540958027698081,0.0506541792274078,0.0518189171727258,0.0007718312973203,5.556169485264118e-06,0.0541643785048033,0.0103995753955272,0.0518436399182191,0.076985418162277,0.0007718312973203,0.0648914309547623,0.0505628848643314,2.4051440740710365e-06,0.055631452741394,1.2796407420310516e-05,0.061067338863311,0.0595740140736593,0.0555840350822164,0.0096663618934677,0.0458322436157003,0.0552729656318882,0.0509616509614958,0.0538219993335141,0.0506981812515106,0.0317927700951332,0.0007718312973203,0.0450309585154104,0.0816200405390294,0.0539606027898881,0.0747910283918686,0.0348308959986687,0.0003445386958052,0.0501094264502194,0.0539650553293945,0.0518189171727258,0.0528660634683998,0.0421377008794395,0.0748428892729689,0.0513788192827161,0.0690200419216375,4.3241443318162883e-07,2.405144074071025e-06,0.0530739383258814,0.0473576317143125,0.0087180681421986,0.0010078033305759,0.0513815574653903,0.053033802681372,0.0556695197943526,1.2796407420310638e-05,0.0560794824323484,2.936603308051733e-05,0.000152542462198,0.0175187867185921,0.0007718312973203,0.0402028047322665,0.031353504414517,0.052671753100517,0.0301891830899833,0.0539377411283218,0.0280199507679981,0.0560703121962841,0.0788781521684389,0.0506542022526226,0.0655766152096015,0.0518189171727258,0.0044081598843933,0.0972876250821309,0.0101280852902858,0.0597558619620183,0.0518189171727258,0.0901696307959763,0.0079784252846749,0.0311463076383048,1.279640742031052e-05,1.2796407420310463e-05,0.0521125202186815,0.0518839875137103
2.97,0.0007343620082107,0.0655361010617393,2.720948195433364e-05,0.0553127800980183,0.0588157614258451,6.258912764031208e-05,0.0077435412799603,0.0518225678402581,0.0001235118065151,0.0535848748459407,0.0513033103319191,0.0348384520928242,0.0045935445381609,0.0522093963501698,1.1778360482804156e-05,0.047008898557541,0.0533855374542229,0.0576534895349389,2.184647975690835e-06,0.0690904722042096,0.0007343620082107,0.0550121258594135,0.0535909740589654,0.0502402884944845,0.0513033103319191,0.0007343620082107,5.080355010359464e-06,0.0539162107802628,0.0102640717793347,0.0513278916975474,0.0767221173855899,0.0007343620082107,0.0643175128604922,0.0493975174737128,2.184647975690835e-06,0.0551237873981199,1.1778360482804272e-05,0.0606101988797195,0.0591300895541308,0.0550750799299235,0.0095912291442573,0.0450121824121275,0.0548382969120325,0.0504449000086863,0.0533124417219703,0.0502225778697389,0.0312685122540368,0.0007343620082107,0.0446793843044115,0.0812317898331952,0.0534493851352694,0.0743807392777436,0.0349685499041394,0.0003256473997105,0.0498125719061819,0.0534698581666947,0.0513033103319191,0.0526325007060695,0.041624192754045,0.0743054709896829,0.0508626721989296,0.0689455281207222,4.338463131735965e-07,2.1846479756908357e-06,0.0525593510681363,0.0462598391624733,0.0084688575989689,0.0010281403049552,0.0508631967678274,0.0525247877122641,0.0551608638796771,1.177836048280443e-05,0.0556099319809552,2.720948195433364e-05,0.000143226096172,0.017119239990852,0.0007343620082107,0.0401272879865746,0.030704709491949,0.0521577865389162,0.0296124343447138,0.0534303533087212,0.0271258874048435,0.0555677583239883,0.0789058917271742,0.0502525036995776,0.0649948727860439,0.0513033103319191,0.004223441788776,0.096470511024733,0.0098073774092296,0.0593107428457354,0.0513033103319191,0.0890788231829751,0.0077435412799603,0.0305936953741943,1.1778360482804277e-05,1.177836048280423e-05,0.0516260432380862,0.051368433739802
2.98,0.0006986641763942,0.0648438900599646,2.5208443321591856e-05,0.0549432169298786,0.0580101024743377,5.837243135162027e-05,0.0075153166330137,0.0513126773618366,0.0001238710864907,0.0530787573547406,0.0507928338648985,0.034994380961982,0.0044254782577547,0.0517400558957752,1.083995468049728e-05,0.0466786244545715,0.0528844633452214,0.0571892153109995,1.984073840530719e-06,0.0680142864309665,0.0006986641763942,0.0545080506462996,0.0530908559498165,0.0498301810124983,0.0507928338648985,0.0006986641763942,4.644656019107031e-06,0.053669180098576,0.0101312070643962,0.0508172742166842,0.0764579835402629,0.0006986641763942,0.0637467196461766,0.0482551797738177,1.984073840530719e-06,0.0546207539444692,1.0839954680497383e-05,0.060156480970325,0.0586895009610728,0.054570785024888,0.0095167756852246,0.0442052908309301,0.0544070779243288,0.0499333889086229,0.0528077083339741,0.0497516626938466,0.030752550706564,0.0006986641763942,0.0443305549700475,0.0808435529294114,0.0529430107084292,0.0739718623231499,0.0351047579311277,0.0003077675018998,0.0495179143486402,0.0529792094341683,0.0507928338648985,0.0523999698262054,0.0411164902816452,0.0737711332839427,0.0503517102832084,0.0688687524759733,4.352779999590134e-07,1.984073840530708e-06,0.052049753082167,0.0451839086094747,0.0082263985032894,0.0010487687661469,0.0503500645057212,0.0520206592632781,0.0546568555861863,1.0839954680497546e-05,0.0551443152389647,2.5208443321591856e-05,0.0001344665212452,0.0167283892249199,0.0006986641763942,0.0400513263522979,0.0300682665748959,0.0516488352200383,0.0290460455017519,0.0529277384424382,0.0262573749954862,0.0550697086924677,0.0789291669030447,0.0498534517767234,0.0644183647565825,0.0507928338648985,0.004046097085856,0.0956570064873092,0.0094963364660383,0.0588689393949987,0.0507928338648985,0.0879964802874199,0.0075153166330137,0.0300508757858675,1.0839954680497383e-05,1.0839954680497334e-05,0.0511441765503746,0.0508580028507483
2.99,0.0006646567312392,0.0641571608425019,2.335193522502723e-05,0.0545761343018625,0.057214190876447,5.4434301337435664e-05,0.0072935720302126,0.0508078037768444,0.0001242300126263,0.052577419023549,0.0502874367235918,0.0351490286430807,0.0042633210521134,0.0512750420132884,9.975077887089134e-06,0.0463511809426378,0.0523880947931808,0.0567287039207966,1.8016507999359055e-06,0.0669510941144145,0.0006646567312392,0.054008594258851,0.0525954045094002,0.0494238201652861,0.0502874367235918,0.0006646567312392,4.245749471534722e-06,0.0534232812500951,0.0100008910309086,0.0503117364342682,0.0761930430263005,0.0006646567312392,0.0631790689657588,0.0471355434585602,1.8016507999359055e-06,0.0541223101502722,9.975077887089246e-06,0.0597061595180468,0.0582522226001966,0.0540711076955613,0.0094429961058057,0.043411397077346,0.0539792802697289,0.0494270645292178,0.0523077534959372,0.0492853868387034,0.0302447624550619,0.0006646567312392,0.0439844490819985,0.0804553595473994,0.0524414336250855,0.073564404598334,0.0352395123578489,0.0002908463852801,0.0492254338292071,0.052493067185966,0.0502874367235918,0.052168466269941,0.0406145363855775,0.0732398709869169,0.0498458814458115,0.0687897384009412,4.367094935573011e-07,1.8016507999358983e-06,0.0515450959934092,0.0441295238175429,0.0079905215881421,0.0010696906511631,0.0498421079785849,0.0515213703856074,0.0541574524482721,9.975077887089345e-06,0.0546825991566281,2.335193522502723e-05,0.0001262313015264,0.0163460592889897,0.0006646567312392,0.03997491028468,0.0294439745761238,0.0511448502055645,0.0284898481763825,0.0524298516307917,0.0254138085165468,0.0545761229336667,0.0789480037240638,0.0494570463217078,0.063847068120267,0.0502874367235918,0.0038758500094076,0.0948471577461558,0.0091946911404139,0.0584304269121202,0.0502874367235918,0.0869226443552399,0.0072935720302126,0.0295176861571606,9.975077887089189e-06,9.975077887089134e-06,0.0506668808296532,0.0503526439421603
3.0,0.0006322621619514,0.0634759018796323,2.1629732490184216e-05,0.0542115151179898,0.0564279369869167,5.075674958545037e-05,0.007078132631034,0.050307897723267,0.00012458858517,0.052080814762241,0.0497870683678639,0.035302385294974,0.004106875871796,0.0508143127742371,9.178076810296228e-06,0.0460265349207941,0.0518963875261815,0.0562719242864914,1.635762525594509e-06,0.0659008357045901,0.0006322621619514,0.0535137143752814,0.0521045762136363,0.0490211697002933,0.0497870683678639,0.0006322621619514,3.880582120039465e-06,0.0531785090490414,0.0098730375635012,0.0498112278167057,0.075927321971042,0.0006322621619514,0.0626145777256576,0.0460382804926175,1.635762525594509e-06,0.0536284141692249,9.178076810296358e-06,0.0592592090975694,0.0578182289890625,0.0535760056611168,0.0093698850398404,0.0426303304940719,0.0535548758157447,0.048925874277148,0.0518125319667072,0.0488237019589034,0.0297450261199963,0.0006322621619514,0.0436410453772595,0.0800672389632352,0.0519446084356594,0.0731583729384079,0.0353728056989059,0.0002748340747474,0.0489351106054697,0.0520113898694708,0.0497870683678639,0.0519379854985512,0.0401182743841923,0.0727116786927738,0.0493451341202849,0.0687085092993886,4.381407939878794e-07,1.6357625255945034e-06,0.0510453318963338,0.0430963689721759,0.0077610613281903,0.00109090787517,0.0493392750158643,0.0510268745829817,0.0536626123883376,9.178076810296446e-06,0.0542247509659621,2.1629732490184216e-05,0.0001184898331379,0.0159720781275685,0.0006322621619514,0.0398980307722821,0.0288316346136729,0.0506457830347115,0.0279436762285272,0.0519366483974544,0.0245945919512953,0.0540869610413246,0.0789624286985654,0.0490632867482735,0.0632809590372184,0.0497870683678639,0.0037124341741524,0.0940410095504672,0.008902176904276,0.0579951808833536,0.0497870683678639,0.0858573544260179,0.007078132631034,0.0289939660063558,9.1780768102963e-06,9.178076810296251e-06,0.0501941169895458,0.0498523066154705
3.01,0.0006014063696726,0.0628001010593274,2.003231607462097e-05,0.053849342417558,0.0556512513097031,4.7322918672153024e-05,0.0068688279700017,0.0498129103247743,0.0001249468043699,0.051588899904881,0.0492916787604621,0.0354544412913841,0.0039559517608801,0.0503578266960676,8.443723429153395e-06,0.0457046538007936,0.051409297691542,0.0558188456015057,1.4849340245342774e-06,0.0648634490050678,0.0006014063696726,0.0530233690615744,0.0516183279435484,0.0486221937249234,0.0492916787604621,0.0006014063696726,3.5463491094650694e-06,0.0529348583333965,0.0097475644581641,0.0493156983331191,0.0756608462301916,0.0006014063696726,0.0620532620913343,0.0449630633041326,1.4849340245342774e-06,0.053139024535443,8.443723429153473e-06,0.0588156044739073,0.0573874948550291,0.0530854370278723,0.0092974371651923,0.0418619215893874,0.0531338366929326,0.0484297660923777,0.0513219989334719,0.0483665602424872,0.0292532219240961,0.0006014063696726,0.0433003227588343,0.0796792200128813,0.0514524901211555,0.0727537739469516,0.0355046307043185,0.0002596831104388,0.0486469251387263,0.0515341363213693,0.0492916787604621,0.0517085229933627,0.0396276479914524,0.0721865507643006,0.0488494172582084,0.068625088561945,4.395719012701664e-07,1.484934024534269e-06,0.0505504133498963,0.0420841288622797,0.0075378558758819,0.0011124223309936,0.0488415139716533,0.0505371258072514,0.0531722937132512,8.443723429153544e-06,0.0537707381781708,2.003231607462097e-05,0.0001112132446547,0.0156062767214367,0.0006014063696726,0.0398206793228589,0.0282310500226434,0.0501515857195727,0.0274073657474782,0.0514480846844788,0.0237991384006098,0.0536021833677298,0.0789724688030975,0.0486721720559572,0.0627200128605071,0.0492916787604621,0.0035555923036433,0.0932386051444157,0.0086185358859512,0.057563176977525,0.0492916787604621,0.0848006463957534,0.0068688279700017,0.0284795570720946,8.443723429153422e-06,8.443723429153395e-06,0.0497258461829256,0.0493569409729046
3.02,0.0005720185252534,0.0621297456971994,1.8550825687875653e-05,0.0534895993734078,0.054884044518164,4.411701299706202e-05,0.0066654918602455,0.049322793185938,0.000125304670474,0.0511016302057691,0.0488012183620129,0.0356051872205553,0.0038103636899612,0.0499055427366326,7.767183811052786e-06,0.0453855054978387,0.0509267818517623,0.0553694373277857,1.347819535090895e-06,0.0638388692756407,0.0005720185252534,0.0525375167679281,0.0511366169815247,0.0482268567029245,0.0488012183620129,0.0005720185252534,3.24047422859412e-06,0.0526923239647928,0.0096243932376531,0.0488250984503448,0.0753936413888743,0.0005720185252534,0.06149513749411,0.0439095649694639,1.347819535090895e-06,0.0526541001600468,7.767183811052857e-06,0.0583753206009797,0.0569599951332274,0.052599360285745,0.0092256472033711,0.0411060020637758,0.0527161352914462,0.0479386884427655,0.0508361100077054,0.0479139144047421,0.0287692316764918,0.0005720185252534,0.0429622602944388,0.079291331095726,0.0509650340890867,0.0723506139995704,0.0356349803585152,0.0002453484267003,0.0483608580917489,0.0510612657637734,0.0488012183620129,0.051480074255666,0.0391426013174557,0.0716644813384347,0.0483586803239887,0.0685394995628238,4.410028154235783e-07,1.347819535090889e-06,0.0500602933730341,0.0410924890527109,0.0073207469979009,0.0011342358886312,0.048348773719461,0.0500520784540107,0.0526864551108344,7.767183811052925e-06,0.0533205285810973,1.8550825687875653e-05,0.0001043743026905,0.015248489047682,0.0005720185252534,0.0397428479496088,0.027642026365357,0.0496622107405034,0.0268807550362207,0.050964116848363,0.0230268701787456,0.053121750620502,0.0789781514703842,0.0482837008396495,0.0621642041675612,0.0488012183620129,0.0034050759636147,0.0924399862891414,0.0083435167355763,0.057134391044675,0.0488012183620129,0.0837525530793972,0.0066654918602455,0.0279743032987428,7.767183811052833e-06,7.767183811052784e-06,0.0492620298016527,0.0488664976125058
3.03,0.0005440309325089,0.0614648225465342,1.7177015480412723e-05,0.0531322692902324,0.054126227474582,4.1124234030535336e-05,0.0064679622986722,0.0488374983874997,0.0001256621837299,0.0506189618355266,0.0483156381260677,0.0357546138848681,0.0036699323927423,0.0494574202887631,7.143989146173626e-06,0.0450690584215095,0.0504487969805053,0.0549236691930999,1.223191434692313e-06,0.0628270293330718,0.0005440309325089,0.0520561163252533,0.0506594010076082,0.0478351234508128,0.0483156381260677,0.0005440309325089,2.9605916897863675e-06,0.0524509008284056,0.0095034489750485,0.0483393791279823,0.0751257327627155,0.0005440309325089,0.060940218638216,0.0428774593901459,1.223191434692313e-06,0.0521736003277726,7.143989146173687e-06,0.0579383326201966,0.0565357049645626,0.0521177343047391,0.0091545099191591,0.0403624048350837,0.052301744257669,0.0474525903187047,0.0503548212211466,0.0474657176820756,0.0282929387568531,0.0005440309325089,0.0426268372152156,0.078903600178131,0.0504821961694283,0.0719488992474078,0.0357638478792885,0.0002317872365349,0.0480768903265703,0.0505927378003875,0.0483156381260677,0.0512526348066268,0.0386630788688813,0.0711454643316985,0.0478728732897092,0.0684517656565997,4.424335364675297e-07,1.2231914346923053e-06,0.0495749254402069,0.0401211360493915,0.0071095800120003,0.0011563503947651,0.0478610036470286,0.0495716873582715,0.0522050556463804,7.143989146173802e-06,0.0528740902367076,1.7177015480412723e-05,9.794732237986554e-05,0.0148985520398236,0.0005440309325089,0.0396645291577858,0.0270643714399508,0.0491776110415513,0.0263636845953658,0.0504847016561513,0.0222772188945706,0.0526456238594051,0.0789795045773623,0.0478978712990149,0.0616135067910948,0.0483156381260677,0.0032606453008248,0.0916451932846477,0.0080768744917851,0.0567087991147099,0.0483156381260677,0.0827131042731197,0.0064679622986722,0.0274780508212337,7.143989146173687e-06,7.143989146173662e-06,0.0488026294763146,0.0483809276232071
3.04,0.0005173788967699,0.0608053178083971,1.5903212611464692e-05,0.0527773356029295,0.053377711249039,3.833071935329511e-05,0.0062760813727413,0.0483569784816854,0.0001260193443853,0.0501408513772137,0.0478348894941983,0.0359027123004151,0.0035344842061879,0.0490134191749208,6.570008847491853e-06,0.0447552814668653,0.0499753004586222,0.0544815111883749,1.1099300772706036e-06,0.0618278596499223,0.0005173788967699,0.0515791269416638,0.0501866380958243,0.047446959134331,0.0478348894941983,0.00051737889677,2.704529322322461e-06,0.0522105838328449,0.0093846601251565,0.0478584918134934,0.0748571453989451,0.0005173788967699,0.0603885195080635,0.0418664214622342,1.1099300772706036e-06,0.0516974846936151,6.570008847491912e-06,0.0575046158590553,0.0561145996937391,0.0516405183314656,0.00908402012024,0.0396309640622595,0.0518906364909145,0.0469714212278233,0.0498780890218221,0.0470219238259646,0.0278242280995336,0.0005173788967699,0.0422940329144579,0.0785160547969856,0.05000393261062,0.0715486356206137,0.0358912267167143,0.0002189589213032,0.0477950029022974,0.0501285124127234,0.0478348894941983,0.0510262001871985,0.03818902554936,0.0706294934455495,0.0473919466300289,0.0683619101750469,4.438640644214337e-07,1.109930077270598e-06,0.0490942634769782,0.0391697574571637,0.0069042037242474,0.0011787676722811,0.0473781536511991,0.0490959077901802,0.0517280547592058,6.570008847491999e-06,0.052431391478603,1.5903212611464692e-05,9.190808252189446e-05,0.0145563055480446,0.00051737889677,0.0395857159316602,0.0264978952874605,0.0486977400259326,0.0258559971067186,0.0500097962815733,0.021549625518909,0.0521737644931876,0.0789765564332915,0.0475146812477739,0.0610678938495496,0.0478348894941983,0.0031220687874077,0.0908542649915967,0.0078183704497386,0.0562863773960636,0.0478348894941983,0.0816823268162924,0.0062760813727413,0.0269906479494228,6.570008847491888e-06,6.570008847491888e-06,0.0483476070759692,0.0479001825799566
3.0500000000000003,0.0004920005985503,0.0601512171418036,1.4722278516780122e-05,0.0524247818749941,0.0526384071376552,3.572348527715155e-05,0.0060896951688413,0.0478811864875682,0.0001263761526877,0.0496672558224833,0.0473589243911409,0.0360494736965379,0.0034038509142087,0.0485734996419305,6.041425574456759e-06,0.0444441440057163,0.0495062500702179,0.0540429335650657,1.0070144845597633e-06,0.0608412884514599,0.0004920005985503,0.0511065081990336,0.0497182867105374,0.0470623292649438,0.0473589243911409,0.0004920005985503,2.470293073238599e-06,0.0519713679100483,0.0092679583634483,0.0473823884373458,0.0745879040775224,0.0004920005985503,0.0598400533757178,0.0408761272382044,1.0070144845597633e-06,0.0512257132794972,6.041425574456848e-06,0.0570741458297475,0.0556966548673109,0.0511676719856939,0.0090141726568319,0.0389115151677113,0.051482785140188,0.0464951311897443,0.0494058702701022,0.046582487096977,0.0273629861777268,0.0004920005985503,0.0419638269463434,0.0781287220632656,0.0495302000755994,0.071149828831769,0.0360171105520364,0.0002068249254595,0.0475151770729477,0.0496685499563589,0.0473589243911409,0.0508007659580344,0.0377203866597707,0.070116562171638,0.0469158513171351,0.0682699564240381,4.452943993047013e-07,1.0070144845597597e-06,0.0486182618556434,0.0382380421305485,0.0067044703667104,0.0012014895197908,0.0469001741328322,0.0486246954507755,0.0512554122592324,6.041425574456909e-06,0.0519924009095613,1.4722278516780122e-05,8.62337451567499e-05,0.0142215922995472,0.0004920005985503,0.039506401721815,0.0259424101974473,0.0482225515515508,0.0253575374165031,0.0495393583012173,0.0208435404386254,0.0517061342764524,0.0789693357679428,0.047134128122848,0.0605273377770426,0.0473589243911409,0.0029891229707412,0.0900672388529993,0.0075677720305559,0.0558671022743688,0.0473589243911409,0.0806602446531511,0.0060896951688413,0.0265119451519793,6.041425574456818e-06,6.041425574456791e-06,0.0478969247078888,0.0474242145388827
3.06,0.000467836972152,0.0595025056739432,1.3627572707777292e-05,0.0520745917969526,0.0519082266802065,3.329037284725616e-05,0.0059086536822584,0.0474100758864733,0.0001267326088844,0.0491981325677706,0.0468876952199884,0.0361948895153271,0.0032778695948436,0.04813762235579,5.554712047717753e-06,0.0441356158780628,0.0490416039987589,0.0536079068325602,9.135138215005214e-07,0.0598672418106545,0.000467836972152,0.0506382200495626,0.0492543057028445,0.0466811996963681,0.0468876952199884,0.000467836972152,2.25605271710489e-06,0.0517332480151741,0.0091532784322417,0.0469110214082114,0.0743180333122858,0.000467836972152,0.0592948328085635,0.0399062540815733,9.135138215005214e-07,0.0507582464709696,5.554712047717826e-06,0.0566468982277764,0.0552818462317574,0.0506991552569348,0.0089449624213224,0.0382038948583237,0.0510781636010251,0.0460236707308923,0.0489381222347977,0.0461473622588665,0.0269091009876406,0.000467836972152,0.0416361990246784,0.0777416286655982,0.0490609556378751,0.0707524843792671,0.0361414932965167,0.0001953486561111,0.0472373942853115,0.0492128111572432,0.0468876952199884,0.0505763276994009,0.0372571078984615,0.0696066637969781,0.0464445388157432,0.0681759276805018,4.4672454113674164e-07,9.135138215005216e-07,0.0481468753908955,0.037325680317576,0.0065102355356151,0.001224517711158,0.046427015991774,0.0481580064677918,0.0507870883236013,5.554712047717881e-06,0.0515570873991083,1.3627572707777292e-05,8.090277935873684e-05,0.0138942578590476,0.000467836972152,0.0394265804327672,0.0253977307122225,0.04775199992656,0.0248681525182665,0.0490733456907419,0.0201584234980613,0.0512426953065545,0.0789578717198662,0.0467562089933688,0.0599918103528142,0.0468876952199884,0.0028615922288284,0.0892841509157948,0.0073248526521984,0.0554509503111384,0.0468876952199885,0.0796468788941161,0.0059086536822584,0.0260417950398444,5.554712047717803e-06,5.554712047717774e-06,0.0474505447173035,0.0469529760325199
3.0700000000000003,0.0004448315890382,0.0588591680104512,1.261291894353279e-05,0.051726749184833,0.0511870816771327,3.101999703656109e-05,0.0057328107287297,0.0469436006174318,0.0001270887132224,0.0487334394105161,0.0464211548574312,0.0363389514110851,0.0031563824709033,0.0477057483965575,5.106609531006512e-06,0.0438296673836979,0.0485813208232174,0.0531764017556182,8.285795914867159e-07,0.0589056437412673,0.0004448315890382,0.0501742228123929,0.0487946543069986,0.0463035366211374,0.0464211548574312,0.0004448315890382,2.0601286833407804e-06,0.0514962191264945,0.0090405579938393,0.0464443436082092,0.0740475573521212,0.0004448315890382,0.0587528696771473,0.0389564808144153,8.285795914867159e-07,0.0502950450139367,5.106609531006582e-06,0.0562228489305847,0.054870149731582,0.0502349285010552,0.0088763843479076,0.0375079411451711,0.050676745512385,0.0455569908793501,0.0484748025892916,0.0457165045727381,0.0264624620326947,0.0004448315890382,0.0413111290216512,0.0773548008738293,0.048596156777637,0.0703566075506523,0.0362643690902519,0.000184495387198,0.0469616361768369,0.0487612571080439,0.0464211548574312,0.050352881011091,0.0367991353613997,0.0690997914090333,0.0459779610781501,0.0680798471894393,4.481544899369628e-07,8.285795914867128e-07,0.0476800593355381,0.0364323637968513,0.0063213581299973,0.0012478539950297,0.0459586306218715,0.0476957973915054,0.0503230434933176,5.106609531006635e-06,0.0511254200811151,1.261291894353279e-05,7.589488903848098e-05,0.0135741505894241,0.0004448315890382,0.0393462464109019,0.0248636736297216,0.0472860399049717,0.0243876915354821,0.048611716821122,0.0194937440284251,0.0507834100205272,0.0789421938247411,0.0463809205695512,0.0594612827301707,0.0464211548574312,0.0027392685311822,0.0885050358523159,0.0070893916018548,0.0550378982424564,0.0464211548574312,0.0786422478767457,0.0057328107287297,0.0255800523492811,5.106609531006553e-06,5.106609531006524e-06,0.0470084296871436,0.0464864200650667
3.08,0.0004229305458065,0.0582211882457168,1.167257362642516e-05,0.051381237978674,0.0504748842059524,2.890169895303163e-05,0.0055620238575733,0.0464817150726752,0.0001274444659489,0.0482731345454223,0.0459592566490442,0.0364816512497532,0.0030392367640365,0.0472778392533149,4.694107864467513e-06,0.0435262692739703,0.0481253595142611,0.0527483893518433,7.514384922834613e-07,0.0579564162890432,0.0004229305458065,0.0497144771702587,0.0483392921368646,0.0459293065672025,0.0459592566490442,0.0004229305458065,1.8809799163114289e-06,0.0512602762452902,0.0089297374903439,0.0459823083881911,0.0737765001821527,0.0004229305458065,0.0582141751631847,0.0380264878579434,7.514384922834613e-07,0.0498360700114136,4.694107864467584e-06,0.0558019739961927,0.0544615415074348,0.0497749524369235,0.0088084334122337,0.0368234933619668,0.0502785047536105,0.0450950431597779,0.0480158694077067,0.0452898697912855,0.026022960307747,0.0004229305458065,0.0409885969665959,0.0769682645425945,0.0481357613779035,0.069962203425916,0.0363857323009579,0.0001742321680969,0.0466878845735399,0.048313849264539,0.0459592566490442,0.0501304215123378,0.0363464155422481,0.0685959379007156,0.0455160705393365,0.0679817381609994,4.495842457247705e-07,7.514384922834614e-07,0.0472177693762354,0.0355577860080244,0.0061377002908742,0.0012715000943714,0.0454949699060376,0.0472380251906215,0.0498632386699259,4.694107864467631e-06,0.0506973683514247,1.167257362642516e-05,7.119094455611727e-05,0.0132611216125342,0.0004229305458065,0.0392653944327094,0.0243400580050804,0.0468246266823039,0.0239160057038735,0.0481544304549296,0.01884898086572,0.0503282411920359,0.0789223320038103,0.0460082592114348,0.0589357254649181,0.0459592566490442,0.0026219512051955,0.0877299269816346,0.0068611739098698,0.0546279229776795,0.0459592566490442,0.0776463672262989,0.0055620238575733,0.0251265739245435,4.694107864467563e-06,4.694107864467538e-06,0.0465705424377801,0.0460245001077068
3.09,0.0004020823565993,0.0575885499732211,1.0801196281131014e-05,0.0510380422410677,0.0497715466370946,2.692550088956436e-05,0.0053961542663829,0.046024374093176,0.0001277998673106,0.0478171765607461,0.0455019544046215,0.0366229811083028,0.0029262845521786,0.0468538568192035,4.314426941405391e-06,0.043225392743705,0.0476736794304761,0.0523238408891857,6.813858781553565e-07,0.0570194796210147,0.0004020823565993,0.0492589441661307,0.0478881791824081,0.0455584763945651,0.0455019544046215,0.0004020823565993,1.7171926896374716e-06,0.0510254143957449,0.0088207600098833,0.0455248695630815,0.0735048855249525,0.0004020823565993,0.0576787597677207,0.0371159573663224,6.813858781553565e-07,0.0493812829203079,4.314426941405455e-06,0.0553842496618462,0.0540559978942581,0.0493191881430857,0.0087411046310418,0.0361503921822846,0.0498834154414495,0.0446377795883761,0.0475612811611131,0.0448674141530968,0.0255904882833536,0.0004020823565993,0.0406685830447654,0.0765820451148919,0.0476797277207052,0.0695692768807514,0.0365055775227225,0.0001645277364622,0.0464161214879376,0.0478705494420498,0.0455019544046215,0.0499089448417284,0.0358988953323716,0.0680950959753025,0.0450588201121156,0.0678816237676119,4.510138085195689e-07,6.813858781553524e-07,0.0467599616293058,0.0347016421758244,0.0059591273409601,0.0012954577060069,0.0450359862113633,0.0467846472482047,0.0494076351122156,4.31442694140549e-06,0.0502729018655037,1.0801196281131014e-05,6.67729179563222e-05,0.0129550247702118,0.0004020823565993,0.0391840196933137,0.0238267051509623,0.046367715891273,0.0234529483534776,0.0477014457426507,0.0182236223577789,0.0498771519283589,0.0788983165524004,0.04563822093749,0.0584151085432803,0.0455019544046215,0.002509446707969,0.0869588562907835,0.0066399902252575,0.0542210015981457,0.0455019544046215,0.0766592499158851,0.0053961542663829,0.0246812187001885,4.314426941405431e-06,4.314426941405412e-06,0.0461368460267601,0.0455671700939622
